class,subclass,supertype,median_MERFISH,median_Xenium,n_MERFISH,n_Xenium,q25_MERFISH,q25_Xenium,q75_MERFISH,q75_Xenium,delta_median,iqr_MERFISH,iqr_Xenium
GABAergic,Chandelier,Chandelier_1,0.47858645116981247,0.5360476327224957,830.0,4129.0,0.35499112801034155,0.43902216185758036,0.5766460453254875,0.5896929628615731,0.057461181552683205,0.22165491731514592,0.15067080100399277
GABAergic,Chandelier,Chandelier_2,0.2696888056838348,0.30514867018147385,273.0,6859.0,0.20463464260440678,0.22668340579384205,0.5032400416994491,0.46084039691042233,0.03545986449763905,0.29860539909504236,0.23415699111658028
GABAergic,Lamp5,Lamp5_1,0.46534794900478504,0.5529385243325382,1739.0,3056.0,0.3047465730947576,0.34760089561826935,0.6424252014207273,0.6932439079609117,0.08759057532775316,0.33767862832596973,0.3456430123426424
GABAergic,Lamp5,Lamp5_2,0.4115490646238177,0.45102454064367287,1528.0,3903.0,0.29871659656283256,0.32249963617510496,0.5237186342898381,0.5557718363403327,0.03947547601985518,0.22500203772700555,0.2332722001652277
GABAergic,Lamp5,Lamp5_3,0.36456365136192426,0.23790100991693447,872.0,1815.0,0.16581342500481708,0.17387524566963755,0.5587020757444491,0.341544412985863,-0.1266626414449898,0.392888650739632,0.16766916731622547
GABAergic,Lamp5,Lamp5_4,0.09485472829753791,0.12511051806921542,130.0,1625.0,0.04963226419929604,0.07367757315635116,0.24530073888096068,0.2168070136799969,0.030255789771677505,0.19566847468166465,0.14312944052364573
GABAergic,Lamp5,Lamp5_5,0.07985912581346337,0.09209386612619017,397.0,2187.0,0.05024701002492698,0.06362259521514624,0.11466769798509789,0.1466233745387026,0.012234740312726797,0.06442068796017092,0.08300077932355637
GABAergic,Lamp5,Lamp5_6,0.10541468682797465,0.12584980925065736,113.0,1522.0,0.07038406231570646,0.0803576605820661,0.15583251113220037,0.21115686889552102,0.02043512242268271,0.08544844881649391,0.13079920831345493
GABAergic,Pax6,Pax6_1,0.12490216345218237,0.10579012946034327,415.0,1802.0,0.08261824517228619,0.07193858051310123,0.19754164059666565,0.17028998748662733,-0.019112033991839097,0.11492339542437946,0.0983514069735261
GABAergic,Pax6,Pax6_2,0.2371871199288186,0.1766020789843208,120.0,2100.0,0.1518172666919407,0.1176180449673978,0.3264888842209367,0.23751801914796472,-0.06058504094449782,0.174671617528996,0.11989997418056692
GABAergic,Pax6,Pax6_3,0.36226636708120985,0.2733624822722711,164.0,520.0,0.24231578053072056,0.19462393968626074,0.5731204439806385,0.3876899139882556,-0.08890388480893874,0.330804663449918,0.19306597430199485
GABAergic,Pax6,Pax6_4,0.26545365551538647,0.18948318762180216,107.0,366.0,0.17322945139587503,0.13805304810972516,0.6347556418012881,0.3014480621670795,-0.0759704678935843,0.46152619040541304,0.16339501405735432
GABAergic,Pvalb,Pvalb_1,0.663345389733672,0.5895662443392095,87.0,296.0,0.5993238095144193,0.5352868819187458,0.7283435280317672,0.6376922778656847,-0.07377914539446251,0.12901971851734784,0.10240539594693887
GABAergic,Pvalb,Pvalb_10,0.7623353584562067,0.6614051188467582,257.0,1512.0,0.6659810615433509,0.5781620868126085,0.8402985977601589,0.8138519473724477,-0.10093023960944847,0.174317536216808,0.2356898605598392
GABAergic,Pvalb,Pvalb_12,0.7200295021766517,0.6091196245996394,420.0,1703.0,0.6401003928060975,0.5689059321428513,0.7941777962507525,0.6715494011805968,-0.11090987757701232,0.15407740344465493,0.10264346903774546
GABAergic,Pvalb,Pvalb_13,0.737596137206345,0.5927360339756135,193.0,693.0,0.6157408023279372,0.4004570944326129,0.8167796203404775,0.7893868239734687,-0.1448601032307315,0.2010388180125403,0.3889297295408558
GABAergic,Pvalb,Pvalb_15,0.5343020309946898,0.5262838642211689,2274.0,6072.0,0.45950510882023976,0.4169365363621381,0.6117019482289959,0.5776585771139093,-0.008018166773520852,0.15219683940875617,0.1607220407517712
GABAergic,Pvalb,Pvalb_2,0.3922709387782085,0.34998171164141906,2001.0,2733.0,0.2951640701859818,0.2855910894419722,0.5004245659325092,0.4745144574990995,-0.04228922713678945,0.20526049574652738,0.18892336805712728
GABAergic,Pvalb,Pvalb_5,0.29041075134788996,0.26582068102612444,1371.0,844.0,0.2143970236975723,0.22259120484374545,0.4240248670907478,0.3249897916430085,-0.024590070321765523,0.20962784339317553,0.10239858679926306
GABAergic,Pvalb,Pvalb_6,0.4648362327305633,0.4647232016438046,466.0,4598.0,0.36235940914731307,0.342467982706037,0.5597718443427504,0.5624875537875615,-0.000113031086758697,0.19741243519543733,0.22001957108152453
GABAergic,Pvalb,Pvalb_7,0.7769942610665402,0.8374946540742904,160.0,67.0,0.6839407639717051,0.768785346281436,0.8430304082419957,0.8922195765991732,0.06050039300775012,0.1590896442702906,0.12343423031773715
GABAergic,Pvalb,Pvalb_8,0.21579511763965115,0.2726364468718239,101.0,137.0,0.16410149837395227,0.21164244506366797,0.3977957447003828,0.32797271750390233,0.05684132923217278,0.23369424632643054,0.11633027244023436
GABAergic,Pvalb,Pvalb_9,0.7128829770582668,0.6396871582642969,252.0,1246.0,0.6543679740832422,0.5913522853818026,0.785981719179931,0.7323534530859385,-0.07319581879396986,0.13161374509668877,0.14100116770413584
GABAergic,Sncg,Sncg_1,0.1606087362772187,0.20307342699673936,73.0,478.0,0.09729611920075905,0.11986014749666285,0.30504111416863255,0.3726197986898621,0.042464690719520665,0.20774499496787352,0.25275965119319926
GABAergic,Sncg,Sncg_2,0.1094433863569482,0.11081543783431613,79.0,500.0,0.07134381901453674,0.07987278730788284,0.15873786424515615,0.15754841171699865,0.001372051477367936,0.08739404523061942,0.07767562440911581
GABAergic,Sncg,Sncg_3,0.1945520743729462,0.13232501232500632,544.0,114.0,0.13076595810341407,0.10798050391422523,0.3098528409475803,0.18021832512965585,-0.062227062047939874,0.17908688284416624,0.07223782121543063
GABAergic,Sncg,Sncg_4,0.10726807327958734,0.11232660676938541,542.0,2068.0,0.08098781309944242,0.08232766500960972,0.14792400406333112,0.18116125254703522,0.005058533489798067,0.0669361909638887,0.0988335875374255
GABAergic,Sncg,Sncg_5,0.08012711907269068,0.08658109946110523,58.0,842.0,0.05098945490536136,0.0613055452363716,0.1273866877040696,0.12074519682756009,0.006453980388414549,0.07639723279870825,0.05943965159118849
GABAergic,Sncg,Sncg_6,0.1243859464521252,0.11232775019796543,336.0,1044.0,0.08169921085479076,0.07794742797632659,0.19841009488791442,0.1847678019418749,-0.01205819625415977,0.11671088403312366,0.1068203739655483
GABAergic,Sncg,Sncg_8,0.11720727932883515,0.1203372864926325,197.0,595.0,0.08940175654816086,0.1000239395063938,0.15911164273432812,0.15962816443856742,0.0031300071637973548,0.06970988618616726,0.05960422493217363
GABAergic,Sst,Sst_1,0.7275974633186215,0.786377682853672,360.0,404.0,0.6079405932729378,0.6301566050644474,0.8230949857798129,0.8447520930742513,0.058780219535050526,0.21515439250687507,0.21459548800980388
GABAergic,Sst,Sst_10,0.6743330891592931,0.6067260989098762,214.0,3276.0,0.6176284756274354,0.5623076295812511,0.7364509998580118,0.6778833373219624,-0.06760699024941696,0.11882252423057638,0.11557570774071124
GABAergic,Sst,Sst_11,0.20933557296696323,0.23574878979150368,427.0,3143.0,0.15512182180304798,0.18544655717724456,0.35978464944337263,0.5217291568274782,0.026413216824540453,0.20466282764032465,0.33628259965023366
GABAergic,Sst,Sst_12,0.7612772736571891,0.771011854238486,145.0,677.0,0.663492410113558,0.6472262472549885,0.839430830117765,0.835245367135524,0.009734580581296837,0.175938420004207,0.18801911988053555
GABAergic,Sst,Sst_13,0.6356090838243849,0.6038585997349777,728.0,1986.0,0.5468846394273646,0.5643784985325335,0.7342575776904913,0.6496025033786045,-0.03175048408940717,0.18737293826312662,0.08522400484607096
GABAergic,Sst,Sst_19,0.5430210600339906,0.5540052720067934,804.0,3649.0,0.4831629808769928,0.517927736621199,0.6065377557936353,0.5847415203312715,0.010984211972802749,0.12337477491664256,0.06681378371007252
GABAergic,Sst,Sst_2,0.3863598456999736,0.3210172480957289,452.0,1311.0,0.2890482244033351,0.23171089759769406,0.5030850872041626,0.4539405789023693,-0.06534259760424471,0.21403686280082745,0.22222968130467521
GABAergic,Sst,Sst_20,0.3072222781690367,0.2953085202956327,228.0,3248.0,0.21772802258006407,0.21939463331652242,0.4170313096897151,0.39893517200600953,-0.011913757873403985,0.199303287109651,0.1795405386894871
GABAergic,Sst,Sst_22,0.24545012325142712,0.26203283784302933,147.0,2296.0,0.17284226710643297,0.20500105838991417,0.3931557513053466,0.39812015321457644,0.01658271459160221,0.2203134841989136,0.19311909482466227
GABAergic,Sst,Sst_23,0.18271475961269018,0.1964237744903318,243.0,253.0,0.1452616131329701,0.16342300608901103,0.25781685171135316,0.22568394646013412,0.013709014877641618,0.11255523857838307,0.06226094037112309
GABAergic,Sst,Sst_25,0.31499849427345644,0.21753517520110324,563.0,1414.0,0.20198475210957245,0.18940227596560305,0.4415817549717832,0.26743678950279726,-0.0974633190723532,0.23959700286221075,0.0780345135371942
GABAergic,Sst,Sst_3,0.4864761323883867,0.46173654180350066,558.0,2354.0,0.4127559515986416,0.36078185158206566,0.5525980776197434,0.5453595690774848,-0.024739590584886062,0.13984212602110185,0.18457771749541918
GABAergic,Sst,Sst_4,0.7289674006407744,0.7267671847772811,174.0,651.0,0.6356321184308247,0.6159122440760767,0.8095611161629532,0.8215865429679114,-0.0022002158634932822,0.17392899773212855,0.20567429889183475
GABAergic,Sst,Sst_5,0.7402868500823627,0.6629835873000309,350.0,1450.0,0.64669484480499,0.5964594840122556,0.8186400504639456,0.805924012280731,-0.0773032627823318,0.17194520565895566,0.2094645282684754
GABAergic,Sst,Sst_7,0.8047125703166287,0.7954662205573154,58.0,425.0,0.6803161506118395,0.6800508073755649,0.8591875553722811,0.8465739114383752,-0.009246349759313266,0.1788714047604416,0.16652310406281035
GABAergic,Sst,Sst_9,0.6012569898612904,0.6067336791970351,1523.0,925.0,0.4741675489616912,0.5673860028374702,0.7030856693045578,0.6552470256454642,0.005476689335744744,0.22891812034286663,0.08786102280799402
GABAergic,Sst Chodl,Sst Chodl_1,0.4816466465750201,0.6406828365655088,540.0,271.0,0.3030560351247639,0.4627320497360501,0.74017776695727,0.8163878659880852,0.15903618999048874,0.4371217318325061,0.3536558162520351
GABAergic,Sst Chodl,Sst Chodl_2,0.3620864403721127,0.2705313011048569,158.0,315.0,0.1860226644875037,0.19882570794726726,0.5637340709247026,0.43448540746476916,-0.09155513926725578,0.3777114064371989,0.2356596995175019
GABAergic,Vip,Vip_1,0.2548571046514559,0.234785044687183,309.0,2803.0,0.20163106538120096,0.1972880463251322,0.320452373903902,0.294991316250526,-0.020072059964272887,0.11882130852270106,0.0977032699253938
GABAergic,Vip,Vip_11,0.2152201626820961,0.25823438627434725,632.0,972.0,0.16427571876468874,0.20247688062268687,0.2858144531758908,0.34585537075812733,0.043014223592251155,0.12153873441120208,0.14337849013544046
GABAergic,Vip,Vip_12,0.36415014413485025,0.2661766839592413,884.0,1799.0,0.25623802756490777,0.2032102628362801,0.488021095880968,0.35516519228185806,-0.09797346017560893,0.23178306831606021,0.15195492944557795
GABAergic,Vip,Vip_13,0.22876652742913295,0.21934401924789962,375.0,1702.0,0.18278154903047228,0.18893270449297972,0.289157586272337,0.2752021225895617,-0.00942250818123333,0.10637603724186473,0.086269418096582
GABAergic,Vip,Vip_14,0.3138310886470561,0.3355437765539657,340.0,176.0,0.2056124343051728,0.21845672779731382,0.4470765504039469,0.43054669725331063,0.02171268790690961,0.2414641160987741,0.2120899694559968
GABAergic,Vip,Vip_15,0.3275256449176629,0.34959171782784687,312.0,1564.0,0.22274193592583122,0.24847190071723885,0.4261544391498541,0.45474151483254766,0.022066072910183976,0.2034125032240229,0.2062696141153088
GABAergic,Vip,Vip_16,0.2175504768423322,0.23294409901923346,122.0,762.0,0.14624719233383487,0.18552274185357193,0.585444616111671,0.3471682305718488,0.015393622176901267,0.4391974237778361,0.1616454887182769
GABAergic,Vip,Vip_18,0.4350557142553219,0.43101584650246394,155.0,1652.0,0.3176914418078838,0.3101370408427322,0.5477691766012116,0.5516256944244616,-0.004039867752857973,0.23007773479332783,0.24148865358172944
GABAergic,Vip,Vip_19,0.547784619532303,0.5102700683522883,399.0,2095.0,0.3285111951846309,0.35004386274242716,0.6969392689274034,0.5924921129986083,-0.03751455118001468,0.36842807374277253,0.2424482502561811
GABAergic,Vip,Vip_2,0.3304338316286649,0.37606579020964637,351.0,1432.0,0.25139160852575504,0.2941145933562077,0.4174426801886459,0.4862110285018787,0.04563195858098146,0.16605107166289085,0.19209643514567099
GABAergic,Vip,Vip_21,0.16415117628853776,0.20215754070498854,348.0,2120.0,0.10881817678878886,0.11822825864661568,0.31156702200489605,0.31998821953184703,0.03800636441645078,0.2027488452161072,0.20175996088523135
GABAergic,Vip,Vip_23,0.4537236510991982,0.5143209468849651,606.0,2308.0,0.292774203566755,0.37013564454495146,0.5672315741350343,0.5779993219178942,0.06059729578576689,0.27445737056827935,0.2078636773729427
GABAergic,Vip,Vip_4,0.329514647268659,0.24517195806917433,730.0,2455.0,0.22203458901468304,0.1869607554620324,0.44201152422749285,0.34017164523866017,-0.08434268919948465,0.2199769352128098,0.15321088977662778
GABAergic,Vip,Vip_5,0.2776755632603616,0.2012489391951014,299.0,675.0,0.19866578296287224,0.16099900358439556,0.3739626059990022,0.24828150334922272,-0.07642662406526018,0.17529682303612998,0.08728249976482716
GABAergic,Vip,Vip_6,0.26978164737128874,0.21145590711140516,392.0,481.0,0.19242882419857305,0.1841400248607456,0.35312117642348373,0.26007284725859914,-0.058325740259883574,0.16069235222491068,0.07593282239785354
GABAergic,Vip,Vip_9,0.19346181392523382,0.19504389043083994,1147.0,739.0,0.14638892937500297,0.1607848483295648,0.273187490346961,0.2313529541274345,0.0015820765056061281,0.12679856097195802,0.0705681057978697
Glutamatergic,L2/3 IT,L2/3 IT_1,0.1826441573313118,0.19141184989571025,16394.0,32618.0,0.1402720072630793,0.15768899296054587,0.23657415612552954,0.23376541685291796,0.008767692564398438,0.09630214886245023,0.0760764238923721
Glutamatergic,L2/3 IT,L2/3 IT_10,0.3143280968447043,0.3440816363166145,5560.0,6868.0,0.2606947559329613,0.29222226726109274,0.36799945081900226,0.3994701281379798,0.029753539471910173,0.10730469488604094,0.10724786087688704
Glutamatergic,L2/3 IT,L2/3 IT_12,0.31931625754957965,0.30338934911027954,1117.0,18047.0,0.26321235117494973,0.24392546086696298,0.3711361523636343,0.3644924269390376,-0.015926908439300114,0.10792380118868455,0.12056696607207462
Glutamatergic,L2/3 IT,L2/3 IT_13,0.41901355718761535,0.42592522962851076,7270.0,810.0,0.35587032785594586,0.36093729580372663,0.4737869560322818,0.4849321842852539,0.006911672440895411,0.11791662817633597,0.12399488848152729
Glutamatergic,L2/3 IT,L2/3 IT_2,0.3070953317036796,0.263868214557685,4507.0,12685.0,0.22340819140756368,0.19708739045849416,0.4037246067969733,0.35702955305518186,-0.04322711714599459,0.18031641538940962,0.1599421625966877
Glutamatergic,L2/3 IT,L2/3 IT_3,0.4472779118896184,0.3798489777663303,1280.0,192.0,0.398551438202698,0.3176751588563883,0.49894744937828267,0.44656378295337595,-0.0674289341232881,0.10039601117558467,0.12888862409698765
Glutamatergic,L2/3 IT,L2/3 IT_5,0.41733956157314667,0.36883978797150263,1091.0,4737.0,0.3697289728642442,0.3132143995059784,0.4626150414420715,0.4348996198171235,-0.048499773601644036,0.09288606857782727,0.12168522031114509
Glutamatergic,L2/3 IT,L2/3 IT_6,0.19837543828206783,0.1975624172933954,6804.0,16022.0,0.15689173007965293,0.16813787415591397,0.25037407364264547,0.2348347145031514,-0.0008130209886724193,0.09348234356299254,0.06669684034723744
Glutamatergic,L2/3 IT,L2/3 IT_7,0.20547150086070412,0.2168398981094442,166.0,10404.0,0.15753306899245365,0.18465021294164902,0.2800723728216493,0.2639095851841585,0.011368397248740086,0.12253930382919567,0.07925937224250951
Glutamatergic,L2/3 IT,L2/3 IT_8,0.2376476756150348,0.27394912795434456,94.0,8357.0,0.1947305841386878,0.2234661631506703,0.2828811762871476,0.3278143286620876,0.03630145233930976,0.0881505921484598,0.10434816551141729
Glutamatergic,L4 IT,L4 IT_1,0.5611366919470456,0.561434810727042,4745.0,12279.0,0.5054102122260539,0.5172435514772376,0.6193816930042387,0.606011176569497,0.0002981187799964147,0.11397148077818486,0.08876762509225944
Glutamatergic,L4 IT,L4 IT_2,0.5236614533982493,0.5512284346194801,14416.0,13997.0,0.4746275476722726,0.5265128988112348,0.5704329110405361,0.5772571253029178,0.027566981221230802,0.09580536336826345,0.050744226491683087
Glutamatergic,L4 IT,L4 IT_3,0.46938062666919694,0.5302818896391034,3145.0,6669.0,0.4145237702282235,0.4789280564403588,0.5165964078148124,0.5709249664806462,0.060901262969906444,0.10207263758658891,0.09199691004028737
Glutamatergic,L4 IT,L4 IT_4,0.4834835610456175,0.5524121404194949,2267.0,2345.0,0.43447283274862536,0.522159936710636,0.5316971303731948,0.5920446288255006,0.06892857937387742,0.09722429762456941,0.06988469211486459
Glutamatergic,L5 ET,L5 ET_1,0.5686257160258493,0.541656032804253,474.0,5621.0,0.4909110436522556,0.4682611386238748,0.6425381517186997,0.6005030212937807,-0.02696968322159632,0.15162710806644408,0.13224188266990594
Glutamatergic,L5 ET,L5 ET_2,0.6079532602390725,0.5799486964700766,1027.0,2488.0,0.5603294893751112,0.5095875954144857,0.6679692554785762,0.6228792147878534,-0.02800456376899585,0.10763976610346504,0.11329161937336762
Glutamatergic,L5 IT,L5 IT_1,0.5985808781787054,0.5623710708245842,6071.0,2119.0,0.5297071634461934,0.523688956844329,0.6730533825582997,0.6084957533507592,-0.03620980735412127,0.14334621911210632,0.0848067965064302
Glutamatergic,L5 IT,L5 IT_2,0.6151413888295247,0.5924919877382451,4430.0,6879.0,0.5555258627760623,0.5671572079583328,0.6765666237557189,0.620561445257409,-0.022649401091279664,0.12104076097965655,0.053404237299076174
Glutamatergic,L5 IT,L5 IT_3,0.6874885826328057,0.613707270336551,2794.0,502.0,0.624919080642142,0.5445513111117966,0.7491544830472885,0.7011689726115709,-0.07378131229625462,0.12423540240514652,0.1566176614997743
Glutamatergic,L5 IT,L5 IT_5,0.5935674471517951,0.583797902401471,2264.0,11682.0,0.5416384961290956,0.557418826300245,0.6471904726502067,0.6106468161634779,-0.0097695447503241,0.10555197652111104,0.05322798986323296
Glutamatergic,L5 IT,L5 IT_6,0.5816066167713898,0.5079189748551833,3427.0,17423.0,0.5280145566015452,0.4194280016295061,0.6340528234358962,0.5687436000351845,-0.07368764191620647,0.10603826683435102,0.14931559840567843
Glutamatergic,L5 IT,L5 IT_7,0.6537945720659218,0.5905296907246677,4650.0,9108.0,0.5989670982397157,0.5417963134796622,0.7073868607793989,0.626324169847083,-0.06326488134125419,0.10841976253968322,0.08452785636742077
Glutamatergic,L5/6 NP,L5/6 NP_1,0.6596970836324537,0.6362672105257192,619.0,1352.0,0.6048219171399988,0.6023763083523073,0.7196155023774657,0.703743646851164,-0.0234298731067345,0.11479358523746697,0.10136733849885671
Glutamatergic,L5/6 NP,L5/6 NP_2,0.6536719668016047,0.6284795588658468,1337.0,1170.0,0.5996288473998466,0.5972758664542014,0.7173389655134326,0.6864248117682743,-0.025192407935757832,0.117710118113586,0.08914894531407291
Glutamatergic,L5/6 NP,L5/6 NP_3,0.6493233446271096,0.6094525278328555,789.0,895.0,0.5936200898505629,0.5754400366541224,0.7179720375070969,0.6564735050661199,-0.03987081679425408,0.12435194765653401,0.08103346841199754
Glutamatergic,L5/6 NP,L5/6 NP_4,0.6585462511442799,0.6319405595373098,153.0,1926.0,0.6088685932255338,0.6018884440282423,0.7131881664645032,0.6957815131351517,-0.026605691606970128,0.10431957323896945,0.09389306910690942
Glutamatergic,L5/6 NP,L5/6 NP_6,0.6525322493166984,0.6189438340466471,423.0,988.0,0.6014583654476942,0.5950967928335994,0.716839991331776,0.6504904647800591,-0.0335884152700513,0.11538162588408185,0.05539367194645972
Glutamatergic,L6 CT,L6 CT_1,0.8567227492559728,0.8827506013018988,432.0,483.0,0.7877636168657768,0.8291983871597723,0.902703554752064,0.9139464718908943,0.026027852045925948,0.1149399378862872,0.08474808473112194
Glutamatergic,L6 CT,L6 CT_2,0.8110074353465027,0.8217426998035546,1338.0,2406.0,0.7478544235030227,0.7767121845241908,0.8699956418798227,0.8643968192314745,0.010735264457051974,0.12214121837680003,0.08768463470728372
Glutamatergic,L6 CT,L6 CT_3,0.7987905905823,0.8004782408445879,2773.0,2314.0,0.7408187646568105,0.7426871797831262,0.8576540820344197,0.8411603243350912,0.0016876502622878986,0.11683531737760922,0.0984731445519651
Glutamatergic,L6 CT,L6 CT_4,0.8101052167736797,0.788545200463931,72.0,3373.0,0.7535582574233106,0.6392065192776388,0.8873676590014945,0.8477118798954004,-0.021560016309748797,0.13380940157818388,0.2085053606177616
Glutamatergic,L6 IT,L6 IT_1,0.8180811841679052,0.8376516363035921,5530.0,4432.0,0.6874798539194555,0.7137956376484733,0.8784356308533394,0.8760984453398762,0.019570452135686867,0.19095577693388388,0.16230280769140293
Glutamatergic,L6 IT,L6 IT_2,0.8018542700390032,0.8134861837109557,11587.0,15851.0,0.7394272080625877,0.6967347905197772,0.8541773691771475,0.855528318733314,0.011631913671952487,0.11475016111455982,0.15879352821353687
Glutamatergic,L6 IT Car3,L6 IT Car3_1,0.6064449027542703,0.7647965696356104,1474.0,2107.0,0.4757835556935324,0.6854498985490094,0.7010902985570074,0.8115109817789623,0.15835166688134006,0.22530674286347502,0.1260610832299529
Glutamatergic,L6 IT Car3,L6 IT Car3_2,0.6902346434388623,0.7998125426112035,2354.0,1582.0,0.529743700261287,0.7652603787202735,0.7656904770295979,0.8288810926907075,0.10957789917234118,0.23594677676831088,0.063620713970434
Glutamatergic,L6 IT Car3,L6 IT Car3_3,0.7448960197804646,0.7969726781219828,6178.0,1488.0,0.6841907119813498,0.7499466232610021,0.8016384177589715,0.8265119128366774,0.0520766583415182,0.11744770577762165,0.07656528957567521
Glutamatergic,L6b,L6b_1,0.8528074650191875,0.8888404504111347,227.0,70.0,0.7613642547434909,0.8050324892935838,0.9047900365466135,0.9167188321426598,0.036032985391947214,0.1434257818031226,0.11168634284907597
Glutamatergic,L6b,L6b_2,0.8496705658213405,0.8690959691192897,281.0,436.0,0.7726720748460577,0.7832225769431815,0.9065102616795273,0.9085767410185921,0.019425403297949173,0.1338381868334696,0.12535416407541056
Glutamatergic,L6b,L6b_3,0.7557092274687613,0.848963657348914,832.0,535.0,0.6530585203122914,0.8059363444246394,0.8360569545709972,0.8824526243199198,0.09325442988015265,0.18299843425870577,0.07651627989528043
Glutamatergic,L6b,L6b_4,0.8417112705960776,0.8779330497725565,184.0,261.0,0.7711955786326379,0.840137118284758,0.8851367606823605,0.9118279428122834,0.03622177917647884,0.11394118204972259,0.0716908245275254
Glutamatergic,L6b,L6b_5,0.7760798410529812,0.8614651894324948,1418.0,1105.0,0.7060046408041011,0.8207879369503482,0.8521276180103879,0.8955682981442067,0.08538534837951361,0.14612297720628686,0.07478036119385845
Glutamatergic,L6b,L6b_6,0.7962871609854022,0.8499356387263115,3357.0,4460.0,0.7292862431595896,0.8087597636251019,0.8618583226923441,0.8826761614754648,0.053648477740909306,0.13257207953275452,0.07391639785036286
