supertype,beta,se,p,method,k,I2,Q_p,fdr
L5/6 NP_4,0.173914484222229,0.0723978829717698,0.0162966173652479,published FE meta,NA,NA,NA,0.19210602229807797
L6 CT_1,0.2308172737216,0.0937106085227013,0.0137746929651014,published FE meta,NA,NA,NA,0.18768019164950658
L6b_1,0.481296796598871,0.101095249618842,1.92803133457243e-6,published FE meta,NA,NA,NA,2.1015541546839486e-4
L6b_2,0.167197845733031,0.0871313688570625,0.0549948667087902,published FE meta,NA,NA,NA,0.3383041258515176
Vip_12,-0.0683277828999998,0.0671702353212183,0.30904258026592,published FE meta,NA,NA,NA,0.6238081712775052
L4 IT_3,0.0480322121884009,0.0736806507182668,0.514467471276935,published FE meta,NA,NA,NA,0.7627545370062713
Vip_15,-0.0179482346937108,0.0464797589030812,0.699384373825,published FE meta,NA,NA,NA,0.8864290319409883
Pax6_2,0.118936931018439,0.0827116613009,0.150442417440991,published FE meta,NA,NA,NA,0.49960493308549947
L2/3 IT_7,0.208344907686777,0.0883656654048172,0.0183856444997348,published FE meta,NA,NA,NA,0.19210602229807797
Lamp5_1,0.0403381814661403,0.0767968137036056,0.59940348180977,published FE meta,NA,NA,NA,0.8158256896181497
L4 IT_4,0.02729310786111,0.0579298689356221,0.637540399629103,published FE meta,NA,NA,NA,0.8339547296951282
L2/3 IT_3,-0.0936134743193302,0.0729423924817765,0.19935577689225,published FE meta,NA,NA,NA,0.5199393549559016
Vip_9,-0.00149102821986987,0.0587168882869469,0.979741083227422,published FE meta,NA,NA,NA,0.9956698748190856
L4 IT_1,0.049193184015191,0.0568427888277968,0.386805434047021,published FE meta,NA,NA,NA,0.6800289082439562
Sst_2,-0.254509920135936,0.0591534995883802,1.68856046339816e-5,published FE meta,NA,NA,NA,9.202654525519973e-4
Lamp5_4,0.0751792802930142,0.0664533239767492,0.257924824611278,published FE meta,NA,NA,NA,0.5697552578583179
L2/3 IT_12,-0.0588886771125258,0.0824681365615157,0.475178985744995,published FE meta,NA,NA,NA,0.7251618046650523
Sst_5,0.0309783749550944,0.0667703598466859,0.642680709122851,published FE meta,NA,NA,NA,0.8339547296951282
Pvalb_10,0.0431573824938302,0.0667359333543216,0.517833355398753,published FE meta,NA,NA,NA,0.7627545370062713
L2/3 IT_6,-0.0885649875776229,0.0760824244129518,0.244397137513991,published FE meta,NA,NA,NA,0.5667933614686174
L5 ET_1,0.16890379147394,0.0902567516473144,0.0612937924285458,published FE meta,NA,NA,NA,0.3516328091953417
Pvalb_13,0.0740884300815594,0.0621626044250759,0.233320508048255,published FE meta,NA,NA,NA,0.5528681603752129
L5 IT_5,-0.045306458296817,0.064001009081603,0.47900596271453,published FE meta,NA,NA,NA,0.7251618046650523
Pvalb_15,-0.062759661928616,0.041993052328719,0.135038481239471,published FE meta,NA,NA,NA,0.49960493308549947
L2/3 IT_8,-0.0750586405572907,0.0818561853224475,0.359164927149959,published FE meta,NA,NA,NA,0.6524829509890921
Sst_25,-0.25899264634325603,0.0826138738897393,0.00171867218547075,published FE meta,NA,NA,NA,0.03746705364326235
L2/3 IT_10,-0.169067110295597,0.0842876847815801,0.0448739537362267,published FE meta,NA,NA,NA,0.3057038098280444
Sst_22,-0.27142856495951,0.0808981876307707,7.9311289677734e-4,published FE meta,NA,NA,NA,0.021612326437182514
Lamp5_6,0.11080758128473,0.0815145497421795,0.174032683746483,published FE meta,NA,NA,NA,0.5129771031156364
Sst_9,-0.0612491014058203,0.0545312450350913,0.261355622870788,published FE meta,NA,NA,NA,0.5697552578583179
Pvalb_8,0.0110182356205514,0.0692976447784177,0.873669895918211,published FE meta,NA,NA,NA,0.961919380354394
Sst_19,-0.05323807353256,0.053867350818735,0.322996922597446,published FE meta,NA,NA,NA,0.6401211738749385
Pvalb_7,0.135898804676527,0.0658871344963603,0.039150646223205,published FE meta,NA,NA,NA,0.3048157455949532
Sncg_6,-0.00994506238280849,0.0612025234955034,0.87091660152526,published FE meta,NA,NA,NA,0.961919380354394
L5 IT_6,0.105963133916066,0.0710765312253008,0.136005731008827,published FE meta,NA,NA,NA,0.49960493308549947
L6b_3,0.123211420755199,0.0892720812798716,0.167531645433414,published FE meta,NA,NA,NA,0.5129771031156364
L6b_4,0.263148912719372,0.0766304865344309,5.9474929377856e-4,published FE meta,NA,NA,NA,0.021609224340621014
Sncg_5,0.0147969765618592,0.0727340801672124,0.838791618356915,published FE meta,NA,NA,NA,0.961919380354394
Pvalb_3,-0.0427632660488448,0.055314205714086,0.439464767235097,published FE meta,NA,NA,NA,0.7251618046650523
L6 IT_1,0.1048442674229,0.0787099144638225,0.182849077951207,published FE meta,NA,NA,NA,0.5131133255562897
L5 IT_7,-0.0387628650406406,0.0673412840245114,0.564873313227867,published FE meta,NA,NA,NA,0.7869203056489974
Chandelier_2,0.154152041754566,0.0699836489851141,0.027616849489067,published FE meta,NA,NA,NA,0.23155666110063872
Vip_1,-0.0514451227739463,0.0492731622252091,0.296448382399967,published FE meta,NA,NA,NA,0.6096768619169134
Sst Chodl_1,-0.0181061358445948,0.0703998396236776,0.797032091301406,published FE meta,NA,NA,NA,0.961919380354394
L2/3 IT_1,-0.0435929821253722,0.0610158349794698,0.474946746590716,published FE meta,NA,NA,NA,0.7251618046650523
L2/3 IT_2,0.075801956093688,0.0821736060870001,0.356288105453833,published FE meta,NA,NA,NA,0.6524829509890921
Sncg_2,0.157378115090815,0.0823075552516264,0.0558667363791497,published FE meta,NA,NA,NA,0.3383041258515176
Sst_1,0.0697615060622537,0.0618378532279409,0.259262503421158,published FE meta,NA,NA,NA,0.5697552578583179
Sncg_8,-0.00175879016333989,0.0635160211386955,0.977909003464133,published FE meta,NA,NA,NA,0.9956698748190856
Pax6_3,0.0362607840844254,0.0718403102289647,0.613740427052186,published FE meta,NA,NA,NA,0.8158256896181497
Vip_18,-0.0648361552969541,0.0610262514155198,0.288040260267096,published FE meta,NA,NA,NA,0.6037766994060282
Pax6_4,0.0641894868833819,0.0737338588677429,0.383996380664173,published FE meta,NA,NA,NA,0.6800289082439562
Sncg_3,0.0510673069238611,0.071816876077193,0.477036710407552,published FE meta,NA,NA,NA,0.7251618046650523
Sst Chodl_2,0.131358137330864,0.0747291013191975,0.0787830872937457,published FE meta,NA,NA,NA,0.3903343870462855
L6 IT Car3_3,0.0835367743096128,0.0628200302811211,0.1835910063917,published FE meta,NA,NA,NA,0.5131133255562897
L6 CT_3,0.131444235983575,0.0740213144769062,0.0757721566988142,published FE meta,NA,NA,NA,0.3903343870462855
Pvalb_14,0.158780283491465,0.0619554054455309,0.0103827157361502,published FE meta,NA,NA,NA,0.16167371646291026
Pvalb_1,-9.7671338014527e-4,0.0578748050915545,0.986535288811571,published FE meta,NA,NA,NA,0.9956698748190856
Pvalb_12,0.119075676297048,0.0666610938727148,0.0740532112031961,published FE meta,NA,NA,NA,0.3903343870462855
L2/3 IT_13,-0.0703821418224023,0.0729471465821103,0.334626214864152,published FE meta,NA,NA,NA,0.6513260253605816
Vip_14,0.0695235995305419,0.0637252518928077,0.275277372815086,published FE meta,NA,NA,NA,0.5883379144479289
L5 IT_2,0.00906540634300588,0.0530108064807735,0.864215482395579,published FE meta,NA,NA,NA,0.961919380354394
Sst_23,-0.0654486788027768,0.0700522250641106,0.350157373023614,published FE meta,NA,NA,NA,0.6524829509890921
Pvalb_5,-0.0760606231404792,0.0615546320838198,0.216584812018757,published FE meta,NA,NA,NA,0.5490173141870818
L6 CT_2,0.0979330149930562,0.0762766895965434,0.199170647302325,published FE meta,NA,NA,NA,0.5199393549559016
Sst_12,-0.0614500257970238,0.0661862188405618,0.353178650837457,published FE meta,NA,NA,NA,0.6524829509890921
Pvalb_2,-0.08358702781814,0.0577625999171038,0.147874883743049,published FE meta,NA,NA,NA,0.49960493308549947
Lamp5_Lhx6_1,0.00204447664228724,0.0416093479821212,0.96081168565798,published FE meta,NA,NA,NA,0.9956698748190856
Vip_19,-0.00354749457961902,0.04136867900373,0.931662649267175,published FE meta,NA,NA,NA,0.9956698748190856
Lamp5_3,0.101828511468411,0.0651742578564092,0.118192880438295,published FE meta,NA,NA,NA,0.49960493308549947
Sst_13,-0.0817744078418891,0.0556219860096725,0.141512637776069,published FE meta,NA,NA,NA,0.49960493308549947
Sst_20,-0.174676636280529,0.0747117440175118,0.019386846286962,published FE meta,NA,NA,NA,0.19210602229807797
Sst_3,-0.186286911011216,0.0617411940282608,0.00255102610277124,published FE meta,NA,NA,NA,0.046343640867010864
L6 IT Car3_1,-0.0475631776962481,0.0816046156953244,0.559994880952075,published FE meta,NA,NA,NA,0.7869203056489974
Pvalb_9,0.0038736037517235,0.0585607569774225,0.94726099120489,published FE meta,NA,NA,NA,0.9956698748190856
Pvalb_6,-0.115169547076118,0.0513734717663942,0.0249736743761872,published FE meta,NA,NA,NA,0.22684420891703375
Vip_2,-0.0771042168942552,0.0567337884768138,0.174129842342005,published FE meta,NA,NA,NA,0.5129771031156364
L5/6 NP_1,0.036994958884966,0.0637298265675389,0.561579659970754,published FE meta,NA,NA,NA,0.7869203056489974
L2/3 IT_5,-0.04189726063948,0.0563552386355641,0.457209728300242,published FE meta,NA,NA,NA,0.7251618046650523
L6 IT Car3_2,0.027995281250069,0.0852044968888781,0.74248392328774,published FE meta,NA,NA,NA,0.9109994008239067
L5 ET_2,0.0627526232524604,0.0749759427050267,0.402609367618143,published FE meta,NA,NA,NA,0.6965781122282156
Vip_6,0.0151278477964083,0.0632472158452404,0.810961367501729,published FE meta,NA,NA,NA,0.961919380354394
Vip_4,-0.0687142701441916,0.0478809304254671,0.151256539374509,published FE meta,NA,NA,NA,0.49960493308549947
L5/6 NP_2,0.152629704450451,0.0760417986694187,0.0447303226202571,published FE meta,NA,NA,NA,0.3057038098280444
Pax6_1,-0.0332602293344894,0.0586025879247094,0.570336735286888,published FE meta,NA,NA,NA,0.7869203056489974
L5 IT_1,-0.00406946933134624,0.0525882032035817,0.938318313597857,published FE meta,NA,NA,NA,0.9956698748190856
Vip_21,0.0114308683093151,0.0608229756476285,0.850926285986344,published FE meta,NA,NA,NA,0.961919380354394
Vip_5,-0.0965279301348535,0.065405364906343,0.139986536167956,published FE meta,NA,NA,NA,0.49960493308549947
Lamp5_5,1.7888594263697e-4,0.0599011047709173,0.997617237275197,published FE meta,NA,NA,NA,0.997617237275197
Sncg_4,-0.00224649535545025,0.066013609441946,0.972852597134413,published FE meta,NA,NA,NA,0.9956698748190856
Sst_4,0.0416898873119017,0.0659924621571455,0.527558674671892,published FE meta,NA,NA,NA,0.7667186071898163
Sst_10,0.07088016835135,0.0582623091165044,0.223767921882224,published FE meta,NA,NA,NA,0.5528681603752129
L4 IT_2,-0.0171930519235433,0.0497270524300618,0.729531759937806,published FE meta,NA,NA,NA,0.9109994008239067
L6b_6,0.103381130437337,0.0807303536341445,0.200343604661907,published FE meta,NA,NA,NA,0.5199393549559016
Vip_16,0.0457961592876426,0.0638434279283233,0.473176750853715,published FE meta,NA,NA,NA,0.7251618046650523
L5 IT_3,-0.00988648493402515,0.0584138289044581,0.865600751478323,published FE meta,NA,NA,NA,0.961919380354394
Sst_11,-0.131932494421812,0.0767263892528842,0.085519886608411,published FE meta,NA,NA,NA,0.4052898974050782
Chandelier_1,-0.0241245868862856,0.0473058102000872,0.610071844737743,published FE meta,NA,NA,NA,0.8158256896181497
L6 IT_2,0.116559398604049,0.0776485279248144,0.13332572447658,published FE meta,NA,NA,NA,0.49960493308549947
Sst_7,0.0150039041691,0.0660530061246496,0.820307531462136,published FE meta,NA,NA,NA,0.961919380354394
Lamp5_2,0.0488169317946478,0.0405286456094816,0.228394684050607,published FE meta,NA,NA,NA,0.5528681603752129
Vip_11,-0.024353106073928,0.0544894798102726,0.654923974353508,published FE meta,NA,NA,NA,0.8398436847592045
Vip_23,-0.0011319693886932,0.0420144085596279,0.978505668113588,published FE meta,NA,NA,NA,0.9956698748190856
Vip_13,-0.0514919712288365,0.0629936005588751,0.41369078744768,published FE meta,NA,NA,NA,0.7045671223718301
Sncg_1,0.0135991464519112,0.0672549473249945,0.839758093724818,published FE meta,NA,NA,NA,0.961919380354394
L5/6 NP_6,0.123664118433929,0.0753219707519375,0.100630064064175,published FE meta,NA,NA,NA,0.45702820762479485
L6b_5,0.0554107958035253,0.075347749807879,0.462095432226026,published FE meta,NA,NA,NA,0.7251618046650523
L5/6 NP_3,0.0260923337813876,0.0798497806541309,0.743843547461722,published FE meta,NA,NA,NA,0.9109994008239067
L6 CT_4,0.120581929143985,0.0871666570840619,0.166557805585274,published FE meta,NA,NA,NA,0.5129771031156364
Chandelier_1,-0.024124586886285784,0.04730581020008723,0.6100718447377402,FE meta,7,0,0.9089611627347214,0.8158256896181504
Chandelier_2,0.15415204175456626,0.06998364898511407,0.02761684948906727,FE meta,7,0,0.8325540365637647,0.231556661100641
L2/3 IT_1,-0.04359298212537237,0.061015834979469816,0.4749467465907138,FE meta,7,0,0.5092890054659258,0.7251618046650474
L2/3 IT_10,-0.16906711029559665,0.08428768478158007,0.04487395373622708,FE meta,7,16.01957747549459,0.30768852486008863,0.305703809828047
L2/3 IT_12,-0.058888677112525795,0.0824681365615157,0.47517898574499506,FE meta,7,0,0.635065466929489,0.7251618046650474
L2/3 IT_13,-0.07038214182240243,0.07294714658211025,0.3346262148641512,FE meta,7,0,0.8587685735933733,0.6513260253605799
L2/3 IT_2,0.07580195609368785,0.08217360608700008,0.356288105453834,FE meta,7,0,0.5098124212676575,0.6524829509890895
L2/3 IT_3,-0.09361347431933033,0.07294239248177652,0.1993557768922498,FE meta,7,56.903983854893106,0.030515106769749476,0.5199393549559029
L2/3 IT_5,-0.041897260639480065,0.056355238635564124,0.45720972830024176,FE meta,7,0,0.9315867761554355,0.7251618046650474
L2/3 IT_6,-0.08856498757762303,0.07608242441295182,0.24439713751399042,FE meta,7,0,0.6974521852096452,0.566793361468616
L2/3 IT_7,0.20834490768677733,0.08836566540481719,0.01838564449973487,FE meta,7,30.637000747690237,0.19423059485155666,0.1921060222980779
L2/3 IT_8,-0.07505864055729088,0.08185618532244747,0.3591649271499575,FE meta,7,28.452493971850394,0.21116308714042784,0.6524829509890895
L4 IT_1,0.04919318401519074,0.0568427888277968,0.38680543404702306,FE meta,7,20.525036385469697,0.2729955386083803,0.6800289082439599
L4 IT_2,-0.017193051923543416,0.04972705243006179,0.7295317599378042,FE meta,7,0,0.5701025805497227,0.9109994008239092
L4 IT_3,0.04803221218840082,0.07368065071826677,0.5144674712769358,FE meta,7,62.86811945729405,0.012927436187243495,0.7627545370062739
L4 IT_4,0.027293107861109948,0.05792986893562204,0.6375403996291034,FE meta,7,12.367656636046524,0.3352490635436769,0.8339547296951288
L5 ET_1,0.16890379147393925,0.09025675164731439,0.06129379242854628,FE meta,7,0,0.6530600424066465,0.35163280919534445
L5 ET_2,0.0627526232524604,0.07497594270502672,0.4026093676181433,FE meta,7,0,0.6773690717235191,0.6965781122282162
L5 IT_1,-0.004069469331346313,0.052588203203581714,0.9383183135978561,FE meta,7,0,0.9444082301382885,0.995669874819086
L5 IT_2,0.009065406343006071,0.05301080648077352,0.8642154823955758,FE meta,7,0,0.9190048882398202,0.961919380354394
L5 IT_3,-0.009886484934025226,0.05841382890445805,0.8656007514783222,FE meta,7,0,0.4482462221420065,0.961919380354394
L5 IT_5,-0.045306458296817335,0.06400100908160301,0.4790059627145267,FE meta,7,15.044283234935582,0.315105646378042,0.7251618046650474
L5 IT_6,0.10596313391606575,0.07107653122530079,0.13600573100882696,FE meta,7,0,0.639150010889236,0.4996049330854972
L5 IT_7,-0.038762865040640644,0.06734128402451145,0.564873313227866,FE meta,7,30.36287076629023,0.19634748098370172,0.7869203056489974
L5/6 NP_1,0.03699495888496586,0.0637298265675389,0.561579659970755,FE meta,7,0,0.5622612118369947,0.7869203056489974
L5/6 NP_2,0.15262970445045135,0.07604179866941872,0.044730322620257154,FE meta,7,40.809944508446065,0.11900650169939839,0.305703809828047
L5/6 NP_3,0.0260923337813874,0.07984978065413091,0.743843547461724,FE meta,3,33.55758107681587,0.22200339523195997,0.9109994008239092
L5/6 NP_4,0.17391448422222905,0.07239788297176979,0.016296617365247904,FE meta,7,74.20378766883366,7.141461312656561e-4,0.1921060222980779
L5/6 NP_6,0.12366411843392806,0.07532197075193749,0.1006300640641769,FE meta,6,76.30045406111044,7.76426241780025e-4,0.45702820762480345
L6 CT_1,0.23081727372160035,0.09371060852270126,0.013774692965101368,FE meta,7,73.10396733640572,0.0010646223762738316,0.18768019164950614
L6 CT_2,0.09793301499305611,0.07627668959654335,0.19917064730232564,FE meta,7,62.70550977643812,0.013288480409496425,0.5199393549559029
L6 CT_3,0.13144423598357513,0.07402131447690621,0.07577215669881415,FE meta,7,0,0.973682519081354,0.39033438704628737
L6 CT_4,0.1205819291439848,0.0871666570840619,0.16655780558527444,FE meta,5,0,0.42661511149553244,0.5129771031156343
L6 IT Car3_1,-0.04756317769624807,0.08160461569532446,0.559994880952075,FE meta,7,13.382746655400293,0.32764855236181145,0.7869203056489974
L6 IT Car3_2,0.027995281250068917,0.08520449688887807,0.7424839232877407,FE meta,7,0,0.7521601433887718,0.9109994008239092
L6 IT Car3_3,0.08353677430961268,0.06282003028112111,0.18359100639170023,FE meta,7,39.493505379080105,0.12822174460387614,0.5131133255562903
L6 IT_1,0.10484426742289933,0.07870991446382247,0.18284907795120808,FE meta,7,0,0.8130794732390393,0.5131133255562903
L6 IT_2,0.1165593986040485,0.0776485279248143,0.13332572447658,FE meta,7,0,0.6188871504867729,0.4996049330854972
L6b_1,0.4812967965988712,0.10109524961884214,1.9280313345723837e-6,FE meta,7,61.626499673968745,0.015848236759186715,2.1015541546838982e-4
L6b_2,0.16719784573303115,0.08713136885706245,0.05499486670879049,FE meta,7,44.78197979101033,0.09260662802653151,0.3383041258515174
L6b_3,0.1232114207551987,0.08927208127987164,0.16753164543341395,FE meta,5,36.52407812796293,0.17772822968985397,0.5129771031156343
L6b_4,0.26314891271937263,0.07663048653443094,5.94749293778555e-4,FE meta,7,0,0.6477057961361623,0.021609224340620833
L6b_5,0.0554107958035249,0.075347749807879,0.46209543222602933,FE meta,6,57.0089913175835,0.04021951489695294,0.7251618046650474
L6b_6,0.10338113043733724,0.08073035363414449,0.20034360466190754,FE meta,7,0,0.5661362541133239,0.5199393549559029
Lamp5_1,0.04033818146614023,0.07679681370360564,0.5994034818097701,FE meta,7,71.54188727833801,0.0017722138151572639,0.8158256896181504
Lamp5_2,0.04881693179464771,0.040528645609481634,0.22839468405060762,FE meta,7,0,0.9479595333393529,0.552868160375213
Lamp5_3,0.10182851146841061,0.06517425785640914,0.1181928804382958,FE meta,7,48.83999835277761,0.06832139916762044,0.4996049330854972
Lamp5_4,0.07517928029301421,0.06645332397674923,0.2579248246112779,FE meta,7,0,0.5862527616576754,0.5697552578583143
Lamp5_5,1.7888594263678183e-4,0.05990110477091736,0.9976172372751994,FE meta,7,0,0.5847869977982612,0.9976172372751994
Lamp5_6,0.11080758128472991,0.0815145497421795,0.17403268374648387,FE meta,7,0,0.8518315758186367,0.5129771031156343
Lamp5_Lhx6_1,0.0020444766422871457,0.04160934798212119,0.9608116856579821,FE meta,7,0,0.8209691204712561,0.995669874819086
Pax6_1,-0.03326022933448934,0.05860258792470944,0.570336735286888,FE meta,7,0,0.8858478880748399,0.7869203056489974
Pax6_2,0.118936931018439,0.08271166130089998,0.1504424174409908,FE meta,6,14.345464706598547,0.32236329217851684,0.4996049330854972
Pax6_3,0.03626078408442532,0.071840310228964685,0.6137404270521865,FE meta,7,0,0.8537625485725578,0.8158256896181504
Pax6_4,0.06418948688338172,0.07373385886774289,0.3839963806641746,FE meta,7,25.807090010863863,0.23179665354838538,0.6800289082439599
Pvalb_1,-9.76713380145278e-4,0.05787480509155452,0.9865352888115714,FE meta,7,8.768173932599757,0.3617763000097323,0.995669874819086
Pvalb_10,0.04315738249383009,0.06673593335432165,0.5178333553987547,FE meta,7,0,0.4293510229180838,0.7627545370062739
Pvalb_12,0.11907567629704775,0.06666109387271472,0.07405321120319606,FE meta,7,0,0.8134526633397049,0.39033438704628737
Pvalb_13,0.07408843008155935,0.06216260442507595,0.23332050804825505,FE meta,7,0,0.4789038568521511,0.552868160375213
Pvalb_14,0.15878028349146536,0.06195540544553089,0.010382715736150211,FE meta,7,28.613671122764973,0.20990948849151644,0.16167371646291043
Pvalb_15,-0.0627596619286159,0.041993052328718944,0.13503848123947176,FE meta,7,0,0.5118106732778445,0.4996049330854972
Pvalb_2,-0.08358702781813984,0.05776259991710379,0.14787488374305024,FE meta,7,13.568294272704946,0.32625399798850574,0.4996049330854972
Pvalb_3,-0.042763266048844846,0.05531420571408604,0.43946476723509675,FE meta,7,0,0.4467288762052733,0.7251618046650474
Pvalb_5,-0.07606062314047948,0.061554632083819845,0.2165848120187557,FE meta,7,0,0.648561096175051,0.5490173141870784
Pvalb_6,-0.11516954707611805,0.0513734717663942,0.02497367437618707,FE meta,7,0,0.5968643911589229,0.22684420891703255
Pvalb_7,0.13589880467652737,0.06588713449636033,0.03915064622320491,FE meta,7,35.50840048013748,0.15721318281039262,0.3048157455949525
Pvalb_8,0.011018235620551436,0.0692976447784177,0.873669895918211,FE meta,7,27.58551850700882,0.21791489023520336,0.961919380354394
Pvalb_9,0.003873603751723507,0.0585607569774225,0.9472609912048904,FE meta,7,0,0.6877057750332541,0.995669874819086
Sncg_1,0.013599146451911152,0.0672549473249945,0.8397580937248185,FE meta,7,0,0.7425604211947648,0.961919380354394
Sncg_2,0.1573781150908153,0.08230755525162642,0.05586673637914967,FE meta,7,65.02340728454071,0.008732485067359142,0.3383041258515174
Sncg_3,0.051067306923861036,0.07181687607719298,0.4770367104075529,FE meta,7,19.209084627865042,0.2831910793874609,0.7251618046650474
Sncg_4,-0.00224649535545027,0.06601360944194597,0.9728525971344127,FE meta,7,23.373987471875875,0.25080616513275467,0.995669874819086
Sncg_5,0.01479697656185929,0.0727340801672124,0.8387916183569148,FE meta,7,0,0.6182494497859047,0.961919380354394
Sncg_6,-0.0099450623828085,0.06120252349550339,0.8709166015252594,FE meta,7,15.59534066363788,0.3109195601450196,0.961919380354394
Sncg_8,-0.0017587901633399035,0.06351602113869545,0.9779090034641328,FE meta,7,27.107541042984085,0.22164247802820886,0.995669874819086
Sst Chodl_1,-0.01810613584459473,0.07039983962367763,0.7970320913014061,FE meta,7,32.61025942644629,0.17908224629497238,0.961919380354394
Sst Chodl_2,0.13135813733086357,0.07472910131919756,0.07878308729374608,FE meta,7,0,0.5826406798371768,0.39033438704628737
Sst_1,0.06976150606225365,0.06183785322794089,0.25926250342115836,FE meta,7,0,0.4432835706780438,0.5697552578583143
Sst_10,0.0708801683513498,0.05826230911650437,0.22376792188222475,FE meta,7,0,0.8134454927674322,0.552868160375213
Sst_11,-0.13193249442181157,0.07672638925288415,0.08551988660841087,FE meta,7,18.594861295622188,0.28793417278227956,0.40528989740507754
Sst_12,-0.061450025797023744,0.06618621884056178,0.3531786508374584,FE meta,7,39.474002927135764,0.12835977884383945,0.6524829509890895
Sst_13,-0.08177440784188915,0.055621986009672525,0.14151263777606934,FE meta,7,0,0.6162410500950422,0.4996049330854972
Sst_19,-0.0532380735325603,0.05386735081873501,0.3229969225974423,FE meta,7,0,0.683609360023407,0.6401211738749311
Sst_2,-0.25450992013593626,0.05915349958838022,1.688560463398153e-5,FE meta,7,0,0.5500543034378956,9.202654525519934e-4
Sst_20,-0.1746766362805294,0.07471174401751177,0.01938684628696199,FE meta,7,31.757117205168143,0.18561070080978218,0.1921060222980779
Sst_22,-0.27142856495951023,0.08089818763077064,7.931128967773425e-4,FE meta,7,3.733878487362996,0.39763188531728333,0.021612326437182583
Sst_23,-0.06544867880277679,0.07005222506411063,0.3501573730236137,FE meta,7,0,0.6281303245549145,0.6524829509890895
Sst_25,-0.2589926463432553,0.08261387388973924,0.001718672185470766,FE meta,7,0,0.6178133223723346,0.0374670536432627
Sst_3,-0.18628691101121622,0.061741194028260754,0.0025510261027712564,FE meta,7,1.3114476665923247,0.4143179739795095,0.04634364086701116
Sst_4,0.04168988731190155,0.0659924621571455,0.5275586746718932,FE meta,7,0,0.9173094148565871,0.7667186071898181
Sst_5,0.03097837495509431,0.06677035984668592,0.6426807091228516,FE meta,7,27.030266143100146,0.2222454027749122,0.8339547296951288
Sst_7,0.015003904169099892,0.06605300612464962,0.8203075314621366,FE meta,7,0,0.707999825575866,0.961919380354394
Sst_9,-0.06124910140582053,0.05453124503509127,0.26135562287078634,FE meta,7,0,0.7779066828626467,0.5697552578583143
Vip_1,-0.05144512277394625,0.049273162225209104,0.29644838239996735,FE meta,7,0,0.8595944515524968,0.6096768619169141
Vip_11,-0.024353106073928158,0.05448947981027267,0.654923974353506,FE meta,7,0,0.4548774951039692,0.8398436847592019
Vip_12,-0.06832778289999988,0.06717023532121835,0.30904258026591974,FE meta,7,43.03192036235487,0.1039553324421176,0.6238081712775047
Vip_13,-0.0514919712288367,0.06299360055887505,0.41369078744767884,FE meta,7,0,0.7537094899840366,0.7045671223718281
Vip_14,0.06952359953054175,0.06372525189280773,0.27527737281508713,FE meta,7,0,0.5021864040378774,0.5883379144479313
Vip_15,-0.017948234693710822,0.04647975890308117,0.6993843738249994,FE meta,7,16.9903050147079,0.3002694656794138,0.8864290319409877
Vip_16,0.045796159287642656,0.06384342792832334,0.4731767508537146,FE meta,7,0,0.4968663860629945,0.7251618046650474
Vip_18,-0.06483615529695412,0.06102625141551974,0.28804026026709617,FE meta,7,0,0.96911736533359,0.6037766994060285
Vip_19,-0.003547494579619081,0.041368679003730036,0.9316626492671738,FE meta,7,0,0.929622941496513,0.995669874819086
Vip_2,-0.07710421689425537,0.056733788476813755,0.1741298423420043,FE meta,7,0,0.7163562384619274,0.5129771031156343
Vip_21,0.011430868309314966,0.06082297564762854,0.8509262859863448,FE meta,7,12.508557277609095,0.33419703165331527,0.961919380354394
Vip_23,-0.0011319693886933167,0.0420144085596279,0.9785056681135862,FE meta,7,0,0.9142391711955655,0.995669874819086
Vip_4,-0.06871427014419171,0.04788093042546706,0.1512565393745083,FE meta,7,0,0.7583303647487826,0.4996049330854972
Vip_5,-0.0965279301348536,0.06540536490634302,0.13998653616795625,FE meta,7,5.49819132654855,0.38524213052737194,0.4996049330854972
Vip_6,0.015127847796408243,0.06324721584524047,0.8109613675017308,FE meta,7,11.709727276592346,0.34014846682231564,0.961919380354394
Vip_9,-0.0014910282198698907,0.05871688828694691,0.9797410832274213,FE meta,7,21.167297020275736,0.2680051000450212,0.995669874819086
Chandelier_1,-0.024124586886285784,0.04730581020008723,0.6100718447377402,RE meta,7,0,0.9089611627347214,0.846806412008713
Chandelier_2,0.1548020913145898,0.07125693382543465,0.029821773687730885,RE meta,7,1.6400812771135196,0.8325540365637647,0.3611748146625185
L2/3 IT_1,-0.04359298212537237,0.061015834979469816,0.4749467465907138,RE meta,7,0,0.5092890054659258,0.7459360787045501
L2/3 IT_10,-0.13980939747256985,0.10748497895985773,0.19334942180800294,RE meta,7,21.391881306182373,0.30768852486008863,0.5551355041308677
L2/3 IT_12,-0.058888677112525795,0.0824681365615157,0.47517898574499506,RE meta,7,0,0.635065466929489,0.7459360787045501
L2/3 IT_13,-0.07038214182240243,0.07294714658211025,0.3346262148641512,RE meta,7,0,0.8587685735933733,0.6631683167307724
L2/3 IT_2,0.07580359413009578,0.08218087075850447,0.3563202302752865,RE meta,7,0.008718375468920781,0.5098124212676575,0.6813843000001092
L2/3 IT_3,-0.15962642270951904,0.13205116569937275,0.226731038318068,RE meta,7,61.33380633581477,0.030515106769749476,0.5551355041308677
L2/3 IT_5,-0.041897260639480065,0.056355238635564124,0.45720972830024176,RE meta,7,0,0.9315867761554355,0.7459360787045501
L2/3 IT_6,-0.08856498757762303,0.07608242441295182,0.24439713751399042,RE meta,7,0,0.6974521852096452,0.566793361468616
L2/3 IT_7,0.25163720322241334,0.12117062086329848,0.037827599002230865,RE meta,7,32.76721905363832,0.19423059485155666,0.3957772801304709
L2/3 IT_8,-0.03803233545462585,0.11562715277688881,0.7422145071266671,RE meta,7,38.35954344610815,0.21116308714042784,0.9212001675989336
L4 IT_1,0.05079610231722418,0.06879248792222739,0.4602738056771162,RE meta,7,20.80396641661548,0.2729955386083803,0.7459360787045501
L4 IT_2,-0.017193051923543416,0.04972705243006179,0.7295317599378042,RE meta,7,0,0.5701025805497227,0.9212001675989336
L4 IT_3,0.09754407157085919,0.1446528916949979,0.5001002735970651,RE meta,7,64.18846814645036,0.012927436187243495,0.7677595749588746
L4 IT_4,0.027293107861109948,0.05792986893562204,0.6375403996291034,RE meta,7,0,0.3352490635436769,0.8648859201830955
L5 ET_1,0.16890379147393925,0.09025675164731439,0.06129379242854628,RE meta,7,0,0.6530600424066465,0.47710517387106627
L5 ET_2,0.0627526232524604,0.07497594270502672,0.4026093676181433,RE meta,7,0,0.6773690717235191,0.731407017839627
L5 IT_1,-0.004069469331346313,0.052588203203581714,0.9383183135978561,RE meta,7,0,0.9444082301382885,0.9976172372751994
L5 IT_2,0.009065406343006071,0.05301080648077352,0.8642154823955758,RE meta,7,0,0.9190048882398202,0.9686725465944211
L5 IT_3,-0.009886357527035096,0.05841405031914998,0.865602971584736,RE meta,7,4.16406431014013e-4,0.4482462221420065,0.9686725465944211
L5 IT_5,-0.045304360069001876,0.06400322122778858,0.47904151843411474,RE meta,7,0.0031506721436947347,0.315105646378042,0.7459360787045501
L5 IT_6,0.10569065081582285,0.07140041236647705,0.13880582993181798,RE meta,7,0.4414772280360871,0.639150010889236,0.5551355041308677
L5 IT_7,-0.036354208814227164,0.08615573332500581,0.6730547598868526,RE meta,7,24.14023076058074,0.19634748098370172,0.8838911906947823
L5/6 NP_1,0.03699495888496586,0.0637298265675389,0.561579659970755,RE meta,7,0,0.5622612118369947,0.8161624391574973
L5/6 NP_2,0.1702731202958239,0.10243298537892308,0.09645504681858855,RE meta,7,31.485003149995332,0.11900650169939839,0.5256800051613076
L5/6 NP_3,0.02611170971219896,0.07986955189657981,0.7437212362266621,RE meta,3,0.023326767067254804,0.22200339523195997,0.9212001675989336
L5/6 NP_4,0.3511861088019676,0.18643858726825538,0.05961156145380275,RE meta,7,80.70173682406588,7.141461312656561e-4,0.47710517387106627
L5/6 NP_6,0.0033823558233286185,0.3122586087660624,0.9913575586324702,RE meta,6,91.26627380825795,7.76426241780025e-4,0.9976172372751994
L6 CT_1,0.4685975683179618,0.22809901166581084,0.039940826435185144,RE meta,7,77.64393062188806,0.0010646223762738316,0.3957772801304709
L6 CT_2,0.20359742017314367,0.14648786654875373,0.16457182128538475,RE meta,7,66.58757000035332,0.013288480409496425,0.5551355041308677
L6 CT_3,0.13144423598357513,0.07402131447690621,0.07577215669881415,RE meta,7,0,0.973682519081354,0.47710517387106627
L6 CT_4,0.1308316515651679,0.10704774458426054,0.22163942730583025,RE meta,5,22.50464229765542,0.42661511149553244,0.5551355041308677
L6 IT Car3_1,-0.04919813327828172,0.08818777058090194,0.5769267954285953,RE meta,7,6.330641615049338,0.32764855236181145,0.8166885805417776
L6 IT Car3_2,0.027995281250068917,0.08520449688887807,0.7424839232877407,RE meta,7,0,0.7521601433887718,0.9212001675989336
L6 IT Car3_3,0.11539755120456573,0.09258685524621006,0.2126283026899442,RE meta,7,42.85397754103083,0.12822174460387614,0.5551355041308677
L6 IT_1,0.10484426742289933,0.07870991446382247,0.18284907795120808,RE meta,7,0,0.8130794732390393,0.5551355041308677
L6 IT_2,0.1165593986040485,0.0776485279248143,0.13332572447658,RE meta,7,0,0.6188871504867729,0.5551355041308677
L6b_1,0.6260483573079042,0.1942998102679684,0.0012726628297614485,RE meta,7,64.7425164263321,0.015848236759186715,0.05354992837495317
L6b_2,0.24417978001734578,0.14680014599939673,0.09624272643507734,RE meta,7,52.00669600199899,0.09260662802653151,0.5256800051613076
L6b_3,0.16529427616248474,0.11327434092800182,0.14449948341311597,RE meta,5,21.25917664141491,0.17772822968985397,0.5551355041308677
L6b_4,0.25552204077419166,0.0843680489461495,0.0024564187327960167,RE meta,7,9.517706263050012,0.6477057961361623,0.05354992837495317
L6b_5,0.17109824622715356,0.1499614255607833,0.25389140294876555,RE meta,6,63.090968639314234,0.04021951489695294,0.5697552578583143
L6b_6,0.10338113043733724,0.08073035363414449,0.20034360466190754,RE meta,7,0,0.5661362541133239,0.5551355041308677
Lamp5_1,0.10181176997645655,0.1712232581025302,0.5521014275974926,RE meta,7,76.06811929436833,0.0017722138151572639,0.8132304811909012
Lamp5_2,0.04881693179464771,0.040528645609481634,0.22839468405060762,RE meta,7,0,0.9479595333393529,0.5551355041308677
Lamp5_3,0.09763742361560619,0.06845019266055939,0.15375262372577314,RE meta,7,5.641502470594945,0.06832139916762044,0.5551355041308677
Lamp5_4,0.07517928029301421,0.06645332397674923,0.2579248246112779,RE meta,7,0,0.5862527616576754,0.5697552578583143
Lamp5_5,1.7888594263678183e-4,0.05990110477091736,0.9976172372751994,RE meta,7,0,0.5847869977982612,0.9976172372751994
Lamp5_6,0.11080758128472991,0.0815145497421795,0.17403268374648387,RE meta,7,0,0.8518315758186367,0.5551355041308677
Lamp5_Lhx6_1,0.0020444766422871457,0.04160934798212119,0.9608116856579821,RE meta,7,0,0.8209691204712561,0.9976172372751994
Pax6_1,-0.03326022933448934,0.05860258792470944,0.570336735286888,RE meta,7,0,0.8858478880748399,0.8166885805417776
Pax6_2,0.1344290273529089,0.09278990098698212,0.14740844041339463,RE meta,6,12.17823925752232,0.32236329217851684,0.5551355041308677
Pax6_3,0.03626078408442532,0.071840310228964685,0.6137404270521865,RE meta,7,0,0.8537625485725578,0.846806412008713
Pax6_4,0.07172013315595563,0.09230042218966185,0.43714147937442227,RE meta,7,28.395316999315668,0.23179665354838538,0.7459360787045501
Pvalb_1,-9.76713380145278e-4,0.05787480509155452,0.9865352888115714,RE meta,7,0,0.3617763000097323,0.9976172372751994
Pvalb_10,0.04315842661941237,0.06674048942444741,0.5178518058187662,RE meta,7,0.005794381661576099,0.4293510229180838,0.7839700949200766
Pvalb_12,0.11907567629704775,0.06666109387271472,0.07405321120319606,RE meta,7,0,0.8134526633397049,0.47710517387106627
Pvalb_13,0.07408413367568197,0.062173079431967815,0.23342637677915404,RE meta,7,0.017315814156914747,0.4789038568521511,0.5551355041308677
Pvalb_14,0.16004365937940687,0.06501248617022846,0.013826591458992607,RE meta,7,5.133094693204726,0.20990948849151644,0.23505219251383283
Pvalb_15,-0.0627596619286159,0.041993052328718944,0.13503848123947176,RE meta,7,0,0.5118106732778445,0.5551355041308677
Pvalb_2,-0.08488276721618718,0.06490844822920283,0.19096468348302315,RE meta,7,13.837368418938214,0.32625399798850574,0.5551355041308677
Pvalb_3,-0.042763266048844846,0.05531420571408604,0.43946476723509675,RE meta,7,0,0.4467288762052733,0.7459360787045501
Pvalb_5,-0.07606062314047948,0.061554632083819845,0.2165848120187557,RE meta,7,0,0.648561096175051,0.5551355041308677
Pvalb_6,-0.11516954707611805,0.0513734717663942,0.02497367437618707,RE meta,7,0,0.5968643911589229,0.3402663133755488
Pvalb_7,0.18915413231551148,0.10203259842713655,0.06375922072901512,RE meta,7,43.962023317571976,0.15721318281039262,0.47710517387106627
Pvalb_8,-0.009461036415319325,0.08601580543198094,0.9124158490888062,RE meta,7,21.72327985284732,0.21791489023520336,0.9976172372751994
Pvalb_9,0.003873603751723507,0.0585607569774225,0.9472609912048904,RE meta,7,0,0.6877057750332541,0.9976172372751994
Sncg_1,0.013599146451911152,0.0672549473249945,0.8397580937248185,RE meta,7,0,0.7425604211947648,0.9635119180632128
Sncg_2,0.2339186648445862,0.15901758729323426,0.14128466471121298,RE meta,7,66.0332542117676,0.008732485067359142,0.5551355041308677
Sncg_3,0.05106720431810556,0.07181700227889937,0.4770383699852339,RE meta,7,2.01423262287641e-4,0.2831910793874609,0.7459360787045501
Sncg_4,-0.020638161347709325,0.0834679949726717,0.8047082656280963,RE meta,7,26.336554109039312,0.25080616513275467,0.9635119180632128
Sncg_5,0.01479697656185929,0.0727340801672124,0.8387916183569148,RE meta,7,0,0.6182494497859047,0.9635119180632128
Sncg_6,-0.0099450623828085,0.06120252349550339,0.8709166015252594,RE meta,7,0,0.3109195601450196,0.9686725465944211
Sncg_8,-0.0067231509414461,0.08431977678895856,0.9364488376354256,RE meta,7,30.233466154880013,0.22164247802820886,0.9976172372751994
Sst Chodl_1,0.0311588820202543,0.10303095148757871,0.7623299744656549,RE meta,7,41.541134236153795,0.17908224629497238,0.9336400810871505
Sst Chodl_2,0.1313624373384489,0.0747327772120372,0.0787880103640293,RE meta,7,0.005722472883843859,0.5826406798371768,0.47710517387106627
Sst_1,0.07027128721890326,0.06620048967849972,0.28846638704114264,RE meta,7,6.992741120543311,0.4432835706780438,0.6046699266823952
Sst_10,0.07088036539546522,0.05826284498928635,0.22377089397688665,RE meta,7,0.0010555581708372186,0.8134454927674322,0.5551355041308677
Sst_11,-0.1240237943475672,0.10427315183013267,0.23427736871577903,RE meta,7,32.00194385725994,0.28793417278227956,0.5551355041308677
Sst_12,-0.0837367481418165,0.097276374831914,0.3893411566418218,RE meta,7,41.18152806265915,0.12835977884383945,0.7208540658252621
Sst_13,-0.07964830199689507,0.05877390848470971,0.17536521908629718,RE meta,7,6.05356417129292,0.6162410500950422,0.5551355041308677
Sst_19,-0.0532380735325603,0.05386735081873501,0.3229969225974423,RE meta,7,0,0.683609360023407,0.6519752696874298
Sst_2,-0.25451477776353587,0.05915709449719342,1.6899282363758767e-5,RE meta,7,0.006833989501832203,0.5500543034378956,0.0018420217776497056
Sst_20,-0.19450063838476206,0.10623719507980624,0.06712817744083995,RE meta,7,39.634404582250035,0.18561070080978218,0.47710517387106627
Sst_22,-0.29469092213588544,0.09671422318387078,0.0023111637005304064,RE meta,7,18.385581795338975,0.39763188531728333,0.05354992837495317
Sst_23,-0.06544867880277679,0.07005222506411063,0.3501573730236137,RE meta,7,0,0.6281303245549145,0.6813843000001092
Sst_25,-0.260582933015079,0.08413563124943232,0.0019537325074004993,RE meta,7,2.085436432474204,0.6178133223723346,0.05354992837495317
Sst_3,-0.18626021825090003,0.07664747267459038,0.015095094932081008,RE meta,7,26.274690655145896,0.4143179739795095,0.23505219251383283
Sst_4,0.04168988731190155,0.0659924621571455,0.5275586746718932,RE meta,7,0,0.9173094148565871,0.7877245964278954
Sst_5,0.030976284566665305,0.06677241896827432,0.6427133902278049,RE meta,7,0.0034985357874418375,0.2222454027749122,0.8648859201830955
Sst_7,0.014714704580004886,0.06849483111777716,0.8299003175186229,RE meta,7,3.921392729759587,0.707999825575866,0.9635119180632128
Sst_9,-0.06124910140582053,0.05453124503509127,0.26135562287078634,RE meta,7,0,0.7779066828626467,0.5697552578583143
Vip_1,-0.05144512277394625,0.049273162225209104,0.29644838239996735,RE meta,7,0,0.8595944515524968,0.6096768619169141
Vip_11,-0.026992364467371955,0.06311684012822287,0.6689007915554558,RE meta,7,14.493013529616565,0.4548774951039692,0.8838911906947823
Vip_12,-0.1351009438241765,0.10746898068874572,0.2087117397048651,RE meta,7,44.97639730976519,0.1039553324421176,0.5551355041308677
Vip_13,-0.0514919712288367,0.06299360055887505,0.41369078744767884,RE meta,7,0,0.7537094899840366,0.7392179644556884
Vip_14,0.06705751556808287,0.07803935633753492,0.3901870631531235,RE meta,7,19.1279435320455,0.5021864040378774,0.7208540658252621
Vip_15,-0.017948234693710822,0.04647975890308117,0.6993843738249994,RE meta,7,0,0.3002694656794138,0.9075344850824397
Vip_16,0.045796428710424095,0.06384871820264106,0.4732108129807347,RE meta,7,0.008370866602212604,0.4968663860629945,0.7459360787045501
Vip_18,-0.06483615529695412,0.06102625141551974,0.28804026026709617,RE meta,7,0,0.96911736533359,0.6046699266823952
Vip_19,-0.003547494579619081,0.041368679003730036,0.9316626492671738,RE meta,7,0,0.929622941496513,0.9976172372751994
Vip_2,-0.07710421689425537,0.056733788476813755,0.1741298423420043,RE meta,7,0,0.7163562384619274,0.5551355041308677
Vip_21,0.0144309089598335,0.06641962197443751,0.8279989008607447,RE meta,7,8.665826483187587,0.33419703165331527,0.9635119180632128
Vip_23,-0.0011319693886933167,0.0420144085596279,0.9785056681135862,RE meta,7,0,0.9142391711955655,0.9976172372751994
Vip_4,-0.06871427014419171,0.04788093042546706,0.1512565393745083,RE meta,7,0,0.7583303647487826,0.5551355041308677
Vip_5,-0.0965279301348536,0.06540536490634302,0.13998653616795625,RE meta,7,0,0.38524213052737194,0.5551355041308677
Vip_6,0.015126149824585678,0.06325359584592367,0.8110008883864387,RE meta,7,0.009572849978903479,0.34014846682231564,0.9635119180632128
Vip_9,0.0016057519984770529,0.062315803553895856,0.9794424065015976,RE meta,7,6.16072084900328,0.2680051000450212,0.9976172372751994
Lamp5_Lhx6_1,-0.005345207832709112,0.040757642671301435,0.8957158103072344,mega: dataset fixed,NA,NA,NA,0.9732453794394816
Lamp5_1,0.05364866697229297,0.08156101540172754,0.5110057537655326,mega: dataset fixed,NA,NA,NA,0.8258726535537902
Lamp5_2,0.010995825898434269,0.040181533100681455,0.7844709603216904,mega: dataset fixed,NA,NA,NA,0.9396410403853215
Lamp5_3,0.0490577501113147,0.0661109493903303,0.4584265867482916,mega: dataset fixed,NA,NA,NA,0.7931507611994252
Lamp5_4,0.08720683840351874,0.07027452199927749,0.21524496789775197,mega: dataset fixed,NA,NA,NA,0.5865425375213741
Lamp5_5,0.0014610639667099658,0.06790613799826742,0.9828432239611347,mega: dataset fixed,NA,NA,NA,0.9963571876551179
Lamp5_6,0.15719518438468139,0.0821999564945796,0.05643871545551485,mega: dataset fixed,NA,NA,NA,0.26637158587593257
Pax6_1,-0.04256775771257509,0.06536625951778499,0.5152233068041994,mega: dataset fixed,NA,NA,NA,0.8258726535537902
Pax6_2,0.11271120255781684,0.0653866193559435,0.08540775651760403,mega: dataset fixed,NA,NA,NA,0.310314848680628
Pax6_3,0.031037203287395447,0.06376214411434913,0.6266515224268618,mega: dataset fixed,NA,NA,NA,0.8538126993065993
Pax6_4,0.08126334140211497,0.06481496808829297,0.21054729403918723,mega: dataset fixed,NA,NA,NA,0.5865425375213741
Sncg_3,0.06535143370211736,0.07127267841914224,0.35965413481063724,mega: dataset fixed,NA,NA,NA,0.6966354379851506
Sncg_6,0.0015978427570176666,0.06404746380176744,0.9801071952728553,mega: dataset fixed,NA,NA,NA,0.9963571876551179
Sncg_2,0.17278711915528946,0.08179511948429354,0.03517570281647341,mega: dataset fixed,NA,NA,NA,0.18257864795217152
Sncg_1,0.039952114430651185,0.07136559050955929,0.5758667176811794,mega: dataset fixed,NA,NA,NA,0.8328754193524331
Sncg_8,-0.015563368755499343,0.06724596818583829,0.8170741528333063,mega: dataset fixed,NA,NA,NA,0.9576460500949505
Sncg_4,-0.015321478162196967,0.07319203107017382,0.8342793016297935,mega: dataset fixed,NA,NA,NA,0.9674089774217818
Sncg_5,0.0362807262713862,0.07318207757729936,0.6202956682853871,mega: dataset fixed,NA,NA,NA,0.8538126993065993
Vip_14,0.0695684566372421,0.06490908139764712,0.284367475158679,mega: dataset fixed,NA,NA,NA,0.6325725467815513
Vip_15,-0.053911558126390036,0.04906445434809054,0.27242195903392996,mega: dataset fixed,NA,NA,NA,0.630017912247686
Vip_16,0.05193960616423189,0.06299590982117292,0.41007842689482377,mega: dataset fixed,NA,NA,NA,0.7398293212170569
Vip_4,-0.055283294982013405,0.04904260693192347,0.26021179300499897,mega: dataset fixed,NA,NA,NA,0.630017912247686
Vip_5,-0.1067590860911696,0.06668951961793654,0.11008478380339985,mega: dataset fixed,NA,NA,NA,0.37497629483033074
Vip_6,9.879200976154261e-4,0.06162480186102993,0.9872162960252544,mega: dataset fixed,NA,NA,NA,0.9963571876551179
Vip_9,0.019498799939365753,0.06027503703098367,0.7464626839106266,mega: dataset fixed,NA,NA,NA,0.9245958243892989
Vip_2,-0.0657542110421052,0.060326982985901785,0.2762876969378432,mega: dataset fixed,NA,NA,NA,0.630017912247686
Vip_11,-0.06056065494842768,0.05789403416071392,0.2960708109937134,mega: dataset fixed,NA,NA,NA,0.6454343679662953
Vip_13,-0.039761003728946996,0.07131022471626246,0.5773981139705591,mega: dataset fixed,NA,NA,NA,0.8328754193524331
Vip_1,-0.02691533097877211,0.05467796305137343,0.622771121431778,mega: dataset fixed,NA,NA,NA,0.8538126993065993
Vip_12,-0.0510924209197468,0.06611586530842684,0.44004636443871525,mega: dataset fixed,NA,NA,NA,0.7736298987712897
Vip_18,-0.08668564657915953,0.06177798414558871,0.16122335348619565,mega: dataset fixed,NA,NA,NA,0.5325256221210705
Vip_19,-0.016443435726322196,0.039924153554298035,0.6806247736903646,mega: dataset fixed,NA,NA,NA,0.8938325341234907
Vip_21,0.055921039521483286,0.06312487391013565,0.37613540145449653,mega: dataset fixed,NA,NA,NA,0.7068751510093125
Vip_23,5.859716899804318e-5,0.04185672834744754,0.9988835988502845,mega: dataset fixed,NA,NA,NA,0.9988835988502845
Sst Chodl_1,-0.029379358291901067,0.07069298942266146,0.6778991014109448,mega: dataset fixed,NA,NA,NA,0.8938325341234907
Sst_1,0.0710463859326131,0.06198104108977093,0.2522708293710223,mega: dataset fixed,NA,NA,NA,0.630017912247686
Sst_4,0.005073311139593125,0.06627284922172516,0.9390126155033396,mega: dataset fixed,NA,NA,NA,0.984157452787154
Sst_5,0.03436487264449866,0.06863883957278152,0.6168432339179066,mega: dataset fixed,NA,NA,NA,0.8538126993065993
Sst_7,0.006311298952221374,0.06409872195982826,0.9216072900244755,mega: dataset fixed,NA,NA,NA,0.9752931515792993
Sst_3,-0.2138829346779516,0.06967701303868333,0.0022672241020415406,mega: dataset fixed,NA,NA,NA,0.03238759095351086
Sst_19,-0.08104415387923129,0.06080607560772132,0.1832333586567859,mega: dataset fixed,NA,NA,NA,0.5865425375213741
Sst_9,-0.06838394981698308,0.05716070430674419,0.232164902446357,mega: dataset fixed,NA,NA,NA,0.6172188869915345
Sst_10,0.05333826750359055,0.061408838673785146,0.38552215415083524,mega: dataset fixed,NA,NA,NA,0.7122358441091702
Sst_13,-0.10191919414406564,0.06236055628172133,0.1028542031583241,mega: dataset fixed,NA,NA,NA,0.3616486498147525
Sst_12,-0.08363151552946954,0.06580873129700172,0.20441880176249583,mega: dataset fixed,NA,NA,NA,0.5865425375213741
Sst Chodl_2,0.17640478787173475,0.07180456219585392,0.014381047665557842,mega: dataset fixed,NA,NA,NA,0.12057955350352345
Sst_11,-0.13373932307144412,0.07754199742565666,0.08523282016244052,mega: dataset fixed,NA,NA,NA,0.310314848680628
Sst_20,-0.2327849729056378,0.07619335600577433,0.002377070895670522,mega: dataset fixed,NA,NA,NA,0.03238759095351086
Sst_22,-0.25245914579344303,0.0772467304681594,0.0011615787531086515,mega: dataset fixed,NA,NA,NA,0.03238759095351086
Sst_23,-0.041444854267860244,0.0741123123968647,0.5762800867204596,mega: dataset fixed,NA,NA,NA,0.8328754193524331
Sst_25,-0.18843244509045512,0.0858313935913905,0.028624567723984164,mega: dataset fixed,NA,NA,NA,0.16466984268725154
Sst_2,-0.25539606694702893,0.058909378554339475,1.7810905211472024e-5,mega: dataset fixed,NA,NA,NA,9.706943340252253e-4
Pvalb_6,-0.12119402562527468,0.05315801611261425,0.023061833815374758,mega: dataset fixed,NA,NA,NA,0.15710874286724053
Pvalb_5,-0.057884676152521734,0.06374326704458316,0.36429559601058337,mega: dataset fixed,NA,NA,NA,0.6966354379851506
Pvalb_8,-0.007106635160696049,0.06677950851890052,0.9152950071638846,mega: dataset fixed,NA,NA,NA,0.9752931515792993
Pvalb_7,0.17721922598170656,0.0706839597370011,0.012505284685116308,mega: dataset fixed,NA,NA,NA,0.11990859944752807
Pvalb_1,0.0029092991667645303,0.059851314317106025,0.9612517234802662,mega: dataset fixed,NA,NA,NA,0.9963571876551179
Pvalb_3,-0.05201103892559951,0.056101236491493435,0.3543542839275011,mega: dataset fixed,NA,NA,NA,0.6966354379851506
Pvalb_2,-0.09231685416839921,0.07067998838989249,0.19214910293635698,mega: dataset fixed,NA,NA,NA,0.5865425375213741
Pvalb_15,-0.10696867708232015,0.04501910451242151,0.017897816265576332,mega: dataset fixed,NA,NA,NA,0.13934728378198716
Pvalb_14,0.14762796133414366,0.06351848513868491,0.0205415944577234,mega: dataset fixed,NA,NA,NA,0.14926891972612338
Pvalb_12,0.06345936059700283,0.0651882611626084,0.3308163404601313,mega: dataset fixed,NA,NA,NA,0.6933062558498293
Pvalb_10,0.008463306111217065,0.0670000274982496,0.8995342644528943,mega: dataset fixed,NA,NA,NA,0.9732453794394816
Pvalb_13,0.06271673843937725,0.062248236340354195,0.31420029640175284,mega: dataset fixed,NA,NA,NA,0.6715261236821777
Pvalb_9,0.018703831680895875,0.0653628727398055,0.77488643801207,mega: dataset fixed,NA,NA,NA,0.9390365512334696
Chandelier_1,0.008209511659197682,0.04978861798493846,0.8691035644660762,mega: dataset fixed,NA,NA,NA,0.9732453794394816
Chandelier_2,0.16197735843628266,0.07381797836687229,0.02870391753264018,mega: dataset fixed,NA,NA,NA,0.16466984268725154
L2/3 IT_1,-0.04073738668583539,0.06440437574390935,0.5273513675139903,mega: dataset fixed,NA,NA,NA,0.8328754193524331
L2/3 IT_2,0.08442499897263414,0.07764283414562509,0.2774390806228342,mega: dataset fixed,NA,NA,NA,0.630017912247686
L2/3 IT_6,-0.16493620124222969,0.08877095606798177,0.06379445478480407,mega: dataset fixed,NA,NA,NA,0.26744598352090937
L2/3 IT_7,0.22432160403822787,0.0854995494914962,0.008981979732061385,mega: dataset fixed,NA,NA,NA,0.0979035790794691
L2/3 IT_5,-0.04113997664542841,0.07269272088204277,0.5717022429945623,mega: dataset fixed,NA,NA,NA,0.8328754193524331
L2/3 IT_13,-0.06788862026623244,0.08303990688022139,0.41403292288294014,mega: dataset fixed,NA,NA,NA,0.7398293212170569
L2/3 IT_10,-0.13581138484788083,0.10888534070618562,0.21291301977128554,mega: dataset fixed,NA,NA,NA,0.5865425375213741
L2/3 IT_8,-0.02570485563920458,0.07779505928592029,0.7412316859832719,mega: dataset fixed,NA,NA,NA,0.9245958243892989
L2/3 IT_12,-0.08618739883825167,0.09125173145108151,0.3453986862525581,mega: dataset fixed,NA,NA,NA,0.6966354379851506
L6 IT_1,0.10049621733427175,0.07996313539720139,0.2094568498766161,mega: dataset fixed,NA,NA,NA,0.5865425375213741
L6 IT_2,0.013651409234332976,0.0962039530436402,0.8872192357506339,mega: dataset fixed,NA,NA,NA,0.9732453794394816
L4 IT_2,0.03221070979902085,0.05671406552970344,0.5703406470785137,mega: dataset fixed,NA,NA,NA,0.8328754193524331
L4 IT_3,0.08458698773930999,0.0763469373238932,0.2684591048189622,mega: dataset fixed,NA,NA,NA,0.630017912247686
L4 IT_4,0.03589554900317737,0.05954661528465745,0.5469229955876151,mega: dataset fixed,NA,NA,NA,0.8328754193524331
L5 IT_1,0.019870412963646552,0.059509465877683285,0.7386013757821697,mega: dataset fixed,NA,NA,NA,0.9245958243892989
L5 IT_3,-0.04613247802194822,0.06483976931227038,0.47713712881083126,mega: dataset fixed,NA,NA,NA,0.800399455575322
L2/3 IT_3,-0.14692224174392252,0.07889707083921298,0.0631984884277509,mega: dataset fixed,NA,NA,NA,0.26744598352090937
L4 IT_1,0.06343614557482391,0.06601957576654652,0.3371122161471647,mega: dataset fixed,NA,NA,NA,0.6933062558498293
L5 IT_2,0.03271283171560881,0.05918557876500502,0.5807204758787607,mega: dataset fixed,NA,NA,NA,0.8328754193524331
L5 IT_5,-0.038109030176637776,0.08156675049552693,0.6405641508994537,mega: dataset fixed,NA,NA,NA,0.8619937339264254
L5 IT_6,0.03125397715846649,0.07959994447712176,0.6947647373118588,mega: dataset fixed,NA,NA,NA,0.901539956749912
L5 IT_7,-0.02055348831336854,0.07197948012422702,0.775351280834975,mega: dataset fixed,NA,NA,NA,0.9390365512334696
L5 ET_1,0.2396892820801254,0.09634780877599906,0.013200946728168227,mega: dataset fixed,NA,NA,NA,0.11990859944752807
L5 ET_2,0.02710314141101898,0.07585968689241322,0.7210426374764967,mega: dataset fixed,NA,NA,NA,0.9245958243892989
L6 CT_1,0.17218863515766694,0.09617547853713787,0.07403970500957927,mega: dataset fixed,NA,NA,NA,0.296547083682473
L6 CT_2,-0.021170317669662434,0.08891495069276954,0.811910192910051,mega: dataset fixed,NA,NA,NA,0.9576460500949505
L6 CT_3,0.15349765433335627,0.07202626142737095,0.033596337553556524,mega: dataset fixed,NA,NA,NA,0.18257864795217152
L6 CT_4,0.2578899995420077,0.07971410750314739,0.0013013480527946863,mega: dataset fixed,NA,NA,NA,0.03238759095351086
L6b_1,0.5043274154078917,0.10612849236809757,2.680202480548188e-6,mega: dataset fixed,NA,NA,NA,2.921420703797525e-4
L6b_2,0.10600483886836454,0.0911068814445021,0.24520819796644466,mega: dataset fixed,NA,NA,NA,0.630017912247686
L6b_3,0.28006404853125816,0.08924888135823805,0.0018078788843003044,mega: dataset fixed,NA,NA,NA,0.03238759095351086
L6b_4,0.25189542018320005,0.07994588535451723,0.001732004555889712,mega: dataset fixed,NA,NA,NA,0.03238759095351086
L6b_5,0.14985727396995582,0.07906301967390457,0.058650624413049364,mega: dataset fixed,NA,NA,NA,0.26637158587593257
L6b_6,0.06847672245110643,0.09628102191519405,0.47730242763665987,mega: dataset fixed,NA,NA,NA,0.800399455575322
L6 IT Car3_1,0.010612964813338639,0.08597941405709031,0.9018145259026389,mega: dataset fixed,NA,NA,NA,0.9732453794394816
L6 IT Car3_2,0.06017851089141763,0.09139573663612102,0.5105785184311511,mega: dataset fixed,NA,NA,NA,0.8258726535537902
L6 IT Car3_3,0.013185700586760395,0.07658786067183208,0.863382414081772,mega: dataset fixed,NA,NA,NA,0.9732453794394816
L5/6 NP_1,0.01443405061709432,0.0743760732748427,0.8462061165142135,mega: dataset fixed,NA,NA,NA,0.9709101757899924
L5/6 NP_2,0.23025933476825955,0.08345874225032163,0.00602482035165978,mega: dataset fixed,NA,NA,NA,0.0729672687034351
L5/6 NP_3,0.16941405777949284,0.07524219329476867,0.024809635274634662,mega: dataset fixed,NA,NA,NA,0.15907354381971636
L5/6 NP_6,0.1619242078599944,0.091110511197251,0.0761772325055894,mega: dataset fixed,NA,NA,NA,0.296547083682473
L5/6 NP_4,0.1433229949335831,0.07396115974546366,0.053244474922690174,mega: dataset fixed,NA,NA,NA,0.263802171207874
Lamp5_Lhx6_1,-0.012920754057365735,0.0406769791064315,0.750894927614263,mega: dataset random intercept,NA,NA,NA,0.9075922412295866
Lamp5_1,0.05342304331770886,0.08146449440329576,0.5122838821780349,mega: dataset random intercept,NA,NA,NA,0.78207261881491
Lamp5_2,0.007755467995589241,0.04052647882055017,0.8483197945489599,mega: dataset random intercept,NA,NA,NA,0.9435393633248635
Lamp5_3,0.04418141556126313,0.06602425596535194,0.5037138164512049,mega: dataset random intercept,NA,NA,NA,0.78207261881491
Lamp5_4,0.0862599304382603,0.07018380600814939,0.21966161654110603,mega: dataset random intercept,NA,NA,NA,0.5784445599239261
Lamp5_5,-0.005142101278892131,0.06804089464830919,0.9397902886364162,mega: dataset random intercept,NA,NA,NA,0.9774597548563692
Lamp5_6,0.1624526756792995,0.08190973576180068,0.047907962271629134,mega: dataset random intercept,NA,NA,NA,0.23736217670943524
Pax6_1,-0.044832047604842024,0.06549919342756699,0.49401600992064443,mega: dataset random intercept,NA,NA,NA,0.78207261881491
Pax6_2,0.11480788873591377,0.06472314914537412,0.0767370249142737,mega: dataset random intercept,NA,NA,NA,0.28842536950537356
Pax6_3,0.03218787816968767,0.06310518882666895,0.6102434727004821,mega: dataset random intercept,NA,NA,NA,0.8513160336374275
Pax6_4,0.08357264870437188,0.06426317887506619,0.1940739157443202,mega: dataset random intercept,NA,NA,NA,0.5695611980057635
Sncg_3,0.07036393131601251,0.07105288960775989,0.32253074349051614,mega: dataset random intercept,NA,NA,NA,0.6674658474421388
Sncg_6,-0.0010298976740064979,0.06415476190416035,0.9871986312706409,mega: dataset random intercept,NA,NA,NA,0.9963393593379617
Sncg_2,0.16927185059163494,0.08130905152741304,0.03789661382666038,mega: dataset random intercept,NA,NA,NA,0.19670147176695152
Sncg_1,0.03535889168537115,0.07144050719492931,0.6208714273360285,mega: dataset random intercept,NA,NA,NA,0.8513160336374275
Sncg_8,-0.023833819714900662,0.0673130768593802,0.7234411095436053,mega: dataset random intercept,NA,NA,NA,0.9075922412295866
Sncg_4,-0.02204261049662544,0.07328146407828418,0.7637041403551015,mega: dataset random intercept,NA,NA,NA,0.9075922412295866
Sncg_5,0.02809032895185104,0.07302859261258697,0.7006701857375128,mega: dataset random intercept,NA,NA,NA,0.8985064734751635
Vip_14,0.07395080025403723,0.06488275522868227,0.254964513682857,mega: dataset random intercept,NA,NA,NA,0.5784445599239261
Vip_15,-0.057436604497827705,0.04935629302023556,0.24512912780481472,mega: dataset random intercept,NA,NA,NA,0.5784445599239261
Vip_16,0.05151817391599868,0.0629237896082905,0.413349212228186,mega: dataset random intercept,NA,NA,NA,0.7509177355478712
Vip_4,-0.058895131021725215,0.04929237858160627,0.23276035892185185,mega: dataset random intercept,NA,NA,NA,0.5784445599239261
Vip_5,-0.11080911621539162,0.06673598877956254,0.09749665883472701,mega: dataset random intercept,NA,NA,NA,0.3320979941557889
Vip_6,-0.004521739062295941,0.0616788590137068,0.9415896721093464,mega: dataset random intercept,NA,NA,NA,0.9774597548563692
Vip_9,0.019378330686316725,0.06039856797499201,0.7484729000171166,mega: dataset random intercept,NA,NA,NA,0.9075922412295866
Vip_2,-0.06832518947349546,0.060524477714372464,0.2595207348502428,mega: dataset random intercept,NA,NA,NA,0.5784445599239261
Vip_11,-0.06692371967931102,0.05808515797758954,0.24983585240835182,mega: dataset random intercept,NA,NA,NA,0.5784445599239261
Vip_13,-0.04628542936151715,0.07134821858297695,0.5168301515807314,mega: dataset random intercept,NA,NA,NA,0.78207261881491
Vip_1,-0.03034144213852468,0.05489689989265457,0.5807318691731518,mega: dataset random intercept,NA,NA,NA,0.843996983198314
Vip_12,-0.054345446792304256,0.0661922323174886,0.41204708540900814,mega: dataset random intercept,NA,NA,NA,0.7509177355478712
Vip_18,-0.08808400604263132,0.061958418090072624,0.1557853539106591,mega: dataset random intercept,NA,NA,NA,0.5140770908564839
Vip_19,-0.0196080684881959,0.040268322752138964,0.6265304023459608,mega: dataset random intercept,NA,NA,NA,0.8513160336374275
Vip_21,0.05201682153216743,0.0632109608675344,0.41097599875400426,mega: dataset random intercept,NA,NA,NA,0.7509177355478712
Vip_23,-0.001705298630845728,0.0421595804366072,0.9677525444681248,mega: dataset random intercept,NA,NA,NA,0.9921830219790504
Sst Chodl_1,-0.030884363143186672,0.07036450388806367,0.660918805145742,mega: dataset random intercept,NA,NA,NA,0.8679536115769382
Sst_1,0.0668052349219115,0.06204312901081505,0.28213997053023093,mega: dataset random intercept,NA,NA,NA,0.6030050350548073
Sst_4,0.0021621496843370275,0.06624839249586949,0.9739778289152146,mega: dataset random intercept,NA,NA,NA,0.9921830219790504
Sst_5,0.032825211186910064,0.06862324138971919,0.6326293460975378,mega: dataset random intercept,NA,NA,NA,0.8513160336374275
Sst_7,0.0061453876592572065,0.06396637379760729,0.9235038722145581,mega: dataset random intercept,NA,NA,NA,0.977300214285309
Sst_3,-0.21726115035824412,0.06969840967586724,0.0019370060441884086,mega: dataset random intercept,NA,NA,NA,0.026391707352067067
Sst_19,-0.0856819763094679,0.06093641907304226,0.16035432191853627,mega: dataset random intercept,NA,NA,NA,0.5140770908564839
Sst_9,-0.06918028961941046,0.05722540449532148,0.22730190791144647,mega: dataset random intercept,NA,NA,NA,0.5784445599239261
Sst_10,0.047044957628401496,0.061467842938536174,0.44443992759854356,mega: dataset random intercept,NA,NA,NA,0.7689516207657341
Sst_13,-0.10457866919532112,0.06241313442548376,0.09447879288346976,mega: dataset random intercept,NA,NA,NA,0.3320979941557889
Sst_12,-0.08383862738916367,0.06581893168947248,0.20337011036638067,mega: dataset random intercept,NA,NA,NA,0.5695611980057635
Sst Chodl_2,0.1741359368964328,0.0707329169484685,0.014177684223487058,mega: dataset random intercept,NA,NA,NA,0.11887442925846842
Sst_11,-0.13128026895412684,0.07755097178815346,0.09114790204080599,mega: dataset random intercept,NA,NA,NA,0.33117071074826177
Sst_20,-0.24138774747305305,0.07611440838686016,0.0016156186779980178,mega: dataset random intercept,NA,NA,NA,0.025209200837728894
Sst_22,-0.25712234445149773,0.07694950033732786,8.995970576658182e-4,mega: dataset random intercept,NA,NA,NA,0.025209200837728894
Sst_23,-0.050331404849958676,0.07412550870464431,0.49746834007083696,mega: dataset random intercept,NA,NA,NA,0.78207261881491
Sst_25,-0.1925360468731769,0.08570006218736423,0.02512286757971891,mega: dataset random intercept,NA,NA,NA,0.1521329203438534
Sst_2,-0.2597702000862572,0.058981023216455056,1.3133312297600713e-5,mega: dataset random intercept,NA,NA,NA,7.157655202192388e-4
Pvalb_6,-0.12221168524533833,0.053282597288195496,0.022248476518844748,mega: dataset random intercept,NA,NA,NA,0.14763470991222974
Pvalb_5,-0.059183496245749784,0.06386027624870101,0.35452229151757697,mega: dataset random intercept,NA,NA,NA,0.7046587385847174
Pvalb_8,-0.008690764418681968,0.06596016102391596,0.8952321497315192,mega: dataset random intercept,NA,NA,NA,0.975803043207356
Pvalb_7,0.17873151962753392,0.07077807938061771,0.011889302810375653,mega: dataset random intercept,NA,NA,NA,0.10799450052757885
Pvalb_1,2.7378982989669496e-4,0.0599907075946613,0.9963604991870162,mega: dataset random intercept,NA,NA,NA,0.9963604991870162
Pvalb_3,-0.05541852032851743,0.056194950553381195,0.324547613893884,mega: dataset random intercept,NA,NA,NA,0.6674658474421388
Pvalb_2,-0.09004724992303755,0.07075882222596708,0.20378795158004384,mega: dataset random intercept,NA,NA,NA,0.5695611980057635
Pvalb_15,-0.10987921693756339,0.045299196674733574,0.015655254072762408,mega: dataset random intercept,NA,NA,NA,0.12188733528079303
Pvalb_14,0.14523918970152352,0.0636879843326645,0.023025596958788124,mega: dataset random intercept,NA,NA,NA,0.14763470991222974
Pvalb_12,0.06014402472354078,0.06503726212789052,0.35556174882715097,mega: dataset random intercept,NA,NA,NA,0.7046587385847174
Pvalb_10,0.007476984561553002,0.06694383047488885,0.9111163540259762,mega: dataset random intercept,NA,NA,NA,0.9767835672733493
Pvalb_13,0.05438867162066503,0.06183632457212635,0.37954191361916967,mega: dataset random intercept,NA,NA,NA,0.7257906769208683
Pvalb_9,0.021264582115618116,0.06551529003381304,0.745647293519863,mega: dataset random intercept,NA,NA,NA,0.9075922412295866
Chandelier_1,0.008149376608941213,0.050046409527295534,0.8707170978595224,mega: dataset random intercept,NA,NA,NA,0.9586683198655348
Chandelier_2,0.15733348814872056,0.07387582213884601,0.03371355544708106,mega: dataset random intercept,NA,NA,NA,0.18373887718659176
L2/3 IT_1,-0.042720422985085334,0.06447630101961349,0.5079247360793602,mega: dataset random intercept,NA,NA,NA,0.78207261881491
L2/3 IT_2,0.08588549602004887,0.0769440815758888,0.2649024929637505,mega: dataset random intercept,NA,NA,NA,0.5784445599239261
L2/3 IT_6,-0.16930416278138127,0.08875276910822716,0.05704902203111123,mega: dataset random intercept,NA,NA,NA,0.25158928712715933
L2/3 IT_7,0.22613077943838686,0.08497542844553,0.008053352551800074,mega: dataset random intercept,NA,NA,NA,0.0877815428146208
L2/3 IT_5,-0.03646609805385642,0.07281782312410369,0.6167557629106044,mega: dataset random intercept,NA,NA,NA,0.8513160336374275
L2/3 IT_13,-0.06473316441340601,0.08311897907639351,0.4364875787702197,mega: dataset random intercept,NA,NA,NA,0.7689516207657341
L2/3 IT_10,-0.14388812012851632,0.10888994452754666,0.18700555310797914,mega: dataset random intercept,NA,NA,NA,0.5695611980057635
L2/3 IT_8,-0.023028796248867757,0.07734823863678958,0.766041157735064,mega: dataset random intercept,NA,NA,NA,0.9075922412295866
L2/3 IT_12,-0.08304516981896631,0.09126482726151443,0.3633210677629026,mega: dataset random intercept,NA,NA,NA,0.7071785068956498
L6 IT_1,0.10340690652024709,0.07991293171646739,0.19629995233578718,mega: dataset random intercept,NA,NA,NA,0.5695611980057635
L6 IT_2,0.019686103821780192,0.09622789687794835,0.8379900883410035,mega: dataset random intercept,NA,NA,NA,0.9416589652491689
L4 IT_2,0.03318453961605063,0.056918645110653525,0.560160333594741,mega: dataset random intercept,NA,NA,NA,0.825101031916578
L4 IT_3,0.0855990795118912,0.07619347581026058,0.2618208481489212,mega: dataset random intercept,NA,NA,NA,0.5784445599239261
L4 IT_4,0.03981351041284868,0.059563120389193064,0.5041870048759367,mega: dataset random intercept,NA,NA,NA,0.78207261881491
L5 IT_1,0.020343970257550966,0.05958707949494949,0.7329417830189017,mega: dataset random intercept,NA,NA,NA,0.9075922412295866
L5 IT_3,-0.04194834886350913,0.06486825530995287,0.5181594074672771,mega: dataset random intercept,NA,NA,NA,0.78207261881491
L2/3 IT_3,-0.14886331865307,0.07896259490524593,0.06001212353491874,mega: dataset random intercept,NA,NA,NA,0.25158928712715933
L4 IT_1,0.07363708537168201,0.06603215756386342,0.2653415412495074,mega: dataset random intercept,NA,NA,NA,0.5784445599239261
L5 IT_2,0.0378803761854545,0.05937222836716785,0.5237734052613617,mega: dataset random intercept,NA,NA,NA,0.78207261881491
L5 IT_5,-0.03956369631584062,0.08156147954402516,0.6278453817502485,mega: dataset random intercept,NA,NA,NA,0.8513160336374275
L5 IT_6,0.03504569005898371,0.07959415350423893,0.6599182145973681,mega: dataset random intercept,NA,NA,NA,0.8679536115769382
L5 IT_7,-0.01761078760758913,0.07191176035471473,0.8066448354965654,mega: dataset random intercept,NA,NA,NA,0.9376507326500975
L5 ET_1,0.24512290852141114,0.09518797759008431,0.010323448865872028,mega: dataset random intercept,NA,NA,NA,0.10229599330727736
L5 ET_2,0.0299601104725681,0.07566984805846466,0.6923342002003394,mega: dataset random intercept,NA,NA,NA,0.8983860454980596
L6 CT_1,0.17469557923666484,0.09614839940530434,0.06986059790456349,mega: dataset random intercept,NA,NA,NA,0.2776796239512766
L6 CT_2,-0.021045462459085642,0.08892433005051298,0.8130176418125362,mega: dataset random intercept,NA,NA,NA,0.9376507326500975
L6 CT_3,0.15582604847275716,0.07146812846136513,0.02972429138972375,mega: dataset random intercept,NA,NA,NA,0.17052356639367836
L6 CT_4,0.25833648798289854,0.07824830547159159,0.0010346669608035273,mega: dataset random intercept,NA,NA,NA,0.025209200837728894
L6b_1,0.5100130219597818,0.10564125852123965,1.8656221078543441e-6,mega: dataset random intercept,NA,NA,NA,2.0335280975612352e-4
L6b_2,0.10974898588466464,0.0909865891513766,0.22833988985998593,mega: dataset random intercept,NA,NA,NA,0.5784445599239261
L6b_3,0.28064304319469985,0.08796501547934003,0.0015156109041292412,mega: dataset random intercept,NA,NA,NA,0.025209200837728894
L6b_4,0.25335667507133336,0.07990221298679394,0.0016189395033403878,mega: dataset random intercept,NA,NA,NA,0.025209200837728894
L6b_5,0.15099965957719405,0.07752319017947988,0.052031556264823246,mega: dataset random intercept,NA,NA,NA,0.24658433186372755
L6b_6,0.0747935679238773,0.09628107778694782,0.43765114673440975,mega: dataset random intercept,NA,NA,NA,0.7689516207657341
L6 IT Car3_1,0.009264778340484028,0.08579766461744757,0.9140543473567122,mega: dataset random intercept,NA,NA,NA,0.9767835672733493
L6 IT Car3_2,0.061068127525204526,0.09101296811795838,0.5025600572326597,mega: dataset random intercept,NA,NA,NA,0.78207261881491
L6 IT Car3_3,0.017258939916338513,0.07660746546476212,0.8218506235593006,mega: dataset random intercept,NA,NA,NA,0.9376507326500975
L5/6 NP_1,0.0163786472780453,0.07438532272489139,0.8258208287560491,mega: dataset random intercept,NA,NA,NA,0.9376507326500975
L5/6 NP_2,0.23263365983816017,0.08321899924920653,0.005393419764999277,mega: dataset random intercept,NA,NA,NA,0.06532030604276902
L5/6 NP_3,0.16841961616949636,0.07334302593902658,0.022095140102330775,mega: dataset random intercept,NA,NA,NA,0.14763470991222974
L5/6 NP_6,0.16182280501795285,0.08953145403086411,0.0713305456021628,mega: dataset random intercept,NA,NA,NA,0.2776796239512766
L5/6 NP_4,0.14003668588244508,0.07379631160616032,0.05835693960139037,mega: dataset random intercept,NA,NA,NA,0.25158928712715933
Lamp5_Lhx6_1,-0.012920754057365839,0.04065109169774913,0.7507416329270716,mega: random intercept + SCZ slope,NA,NA,NA,0.8814217866524617
Lamp5_1,0.045877452044369625,0.0941133533123715,0.6333214764659492,mega: random intercept + SCZ slope,NA,NA,NA,0.8510845174610326
Lamp5_2,-0.027561654876951683,0.060193689782192396,0.6533361170077945,mega: random intercept + SCZ slope,NA,NA,NA,0.8510845174610326
Lamp5_3,0.018375629308548,0.07261470196536637,0.8026942524076472,mega: random intercept + SCZ slope,NA,NA,NA,0.8814217866524617
Lamp5_4,0.043364533031725286,0.09378724110080068,0.6497767589594519,mega: random intercept + SCZ slope,NA,NA,NA,0.8510845174610326
Lamp5_5,-0.04820677911540143,0.09713148660669352,0.6264238392393098,mega: random intercept + SCZ slope,NA,NA,NA,0.8510845174610326
Lamp5_6,0.1722502400830145,0.08272034098559876,0.04007916663261831,mega: random intercept + SCZ slope,NA,NA,NA,0.2984765596889535
Pax6_1,-0.05006950756162584,0.06913429832047764,0.4743057139675164,mega: random intercept + SCZ slope,NA,NA,NA,0.8386501525763407
Pax6_2,0.16612127707734445,0.09361708531895632,0.0936232721955993,mega: random intercept + SCZ slope,NA,NA,NA,0.43148116751015325
Pax6_3,0.0337050175827713,0.06318982923999186,0.5940947417036798,mega: random intercept + SCZ slope,NA,NA,NA,0.8449093941967225
Pax6_4,0.08395424778201883,0.09129021797500377,0.3703403088932311,mega: random intercept + SCZ slope,NA,NA,NA,0.7763583200165591
Sncg_3,0.07771909760256882,0.07280402582345047,0.29007523902034105,mega: random intercept + SCZ slope,NA,NA,NA,0.6988176212762762
Sncg_6,-0.032597260227209636,0.0845748641172551,0.704330847046489,mega: random intercept + SCZ slope,NA,NA,NA,0.8522914108428675
Sncg_2,0.3051593801690074,0.1524869144179528,0.061912244108809036,mega: random intercept + SCZ slope,NA,NA,NA,0.34540515134388194
Sncg_1,0.029018400024253394,0.07156934627266559,0.6855035182488001,mega: random intercept + SCZ slope,NA,NA,NA,0.8522914108428675
Sncg_8,-0.025241314597795748,0.08301822554850449,0.7649887005943039,mega: random intercept + SCZ slope,NA,NA,NA,0.8814217866524617
Sncg_4,-0.058704798082414585,0.07804510952689793,0.45880213343854415,mega: random intercept + SCZ slope,NA,NA,NA,0.8386501525763407
Sncg_5,0.006571743719747356,0.08464586651173407,0.9390193183438384,mega: random intercept + SCZ slope,NA,NA,NA,0.9479623594709226
Vip_14,0.057851605444615324,0.0739989527095767,0.44231340772826044,mega: random intercept + SCZ slope,NA,NA,NA,0.8386501525763407
Vip_15,-0.12060822097962093,0.09171270417391349,0.20639392527484243,mega: random intercept + SCZ slope,NA,NA,NA,0.6250787451180942
Vip_16,0.07374557408704689,0.0649550052470945,0.2640154122672069,mega: random intercept + SCZ slope,NA,NA,NA,0.6663246119124745
Vip_4,-0.06542997329224061,0.04936142016670185,0.18611640184026573,mega: random intercept + SCZ slope,NA,NA,NA,0.5802452527961226
Vip_5,-0.08672131250047169,0.07763365122412193,0.277875292209855,mega: random intercept + SCZ slope,NA,NA,NA,0.6849949063777822
Vip_6,-0.008733797912122197,0.06167132830443285,0.8874585369825851,mega: random intercept + SCZ slope,NA,NA,NA,0.9222608325505297
Vip_9,0.02797110269021535,0.07322071791341979,0.707562680699739,mega: random intercept + SCZ slope,NA,NA,NA,0.8522914108428675
Vip_2,-0.12439407043074392,0.07876580634322725,0.1308237528237471,mega: random intercept + SCZ slope,NA,NA,NA,0.5189064645722333
Vip_11,-0.10067361237863579,0.0630271865623946,0.13144400406059664,mega: random intercept + SCZ slope,NA,NA,NA,0.5189064645722333
Vip_13,-9.426384339328585e-4,0.08651405609817307,0.9914064604648055,mega: random intercept + SCZ slope,NA,NA,NA,0.9914064604648055
Vip_1,-0.037114983985137344,0.055595217100871834,0.5063548091026963,mega: random intercept + SCZ slope,NA,NA,NA,0.8386501525763407
Vip_12,-0.10618437746789769,0.07643538633080833,0.17586645912038268,mega: random intercept + SCZ slope,NA,NA,NA,0.5659538316553364
Vip_18,-0.08408053512099431,0.062027596151963536,0.17619317400590664,mega: random intercept + SCZ slope,NA,NA,NA,0.5659538316553364
Vip_19,-0.026951709034738806,0.040430076484578366,0.5059466773717987,mega: random intercept + SCZ slope,NA,NA,NA,0.8386501525763407
Vip_21,0.05220151888780874,0.07303608597129703,0.48429459505139894,mega: random intercept + SCZ slope,NA,NA,NA,0.8386501525763407
Vip_23,-0.019443068916261977,0.04487209084760525,0.6671120854309283,mega: random intercept + SCZ slope,NA,NA,NA,0.851974470550342
Sst_1,0.05177170280722801,0.0693229070865368,0.4633235712773268,mega: random intercept + SCZ slope,NA,NA,NA,0.8386501525763407
Sst_4,0.0393881561513048,0.07412278683096284,0.5995357661345811,mega: random intercept + SCZ slope,NA,NA,NA,0.8449093941967225
Sst_5,0.018997957776748942,0.07506540067620793,0.8019556677953361,mega: random intercept + SCZ slope,NA,NA,NA,0.8814217866524617
Sst_7,0.0076229343973752165,0.07005471729356763,0.9140268725597622,mega: random intercept + SCZ slope,NA,NA,NA,0.9316043124166806
Sst_3,-0.24567155616134265,0.07988470799895288,0.006811308393466318,mega: random intercept + SCZ slope,NA,NA,NA,0.12033311495123829
Sst_19,-0.20991549996065054,0.0919183814729277,0.034338672508480134,mega: random intercept + SCZ slope,NA,NA,NA,0.2832852981820889
Sst_9,-0.06832662800769897,0.057325727548686284,0.23421437593443276,mega: random intercept + SCZ slope,NA,NA,NA,0.662079546966345
Sst_10,0.035856016675782046,0.06226326054264212,0.5663348044647447,mega: random intercept + SCZ slope,NA,NA,NA,0.8449093941967225
Sst_13,-0.09850125078909142,0.06934882915380307,0.1722023368234506,mega: random intercept + SCZ slope,NA,NA,NA,0.5659538316553364
Sst_12,-0.12928141331063778,0.1087328342294276,0.24984133847786605,mega: random intercept + SCZ slope,NA,NA,NA,0.662079546966345
Sst Chodl_2,0.19383837777468219,0.09873912194869154,0.06934447569945866,mega: random intercept + SCZ slope,NA,NA,NA,0.35584015915336314
Sst_11,-0.1266753561204144,0.0883092128959826,0.16584714465720957,mega: random intercept + SCZ slope,NA,NA,NA,0.5659538316553364
Sst_22,-0.29894715090937113,0.09270344850475297,0.003864906723886711,mega: random intercept + SCZ slope,NA,NA,NA,0.11043587825668812
Sst_23,-0.08274427958650883,0.0791456874100107,0.30454019392215126,mega: random intercept + SCZ slope,NA,NA,NA,0.7017665338206094
Sst_25,-0.21264603298241397,0.08844735956290538,0.021446424302089755,mega: random intercept + SCZ slope,NA,NA,NA,0.26367513709978974
Sst_2,-0.2711620563912446,0.06107222950870204,8.009507462873316e-5,mega: random intercept + SCZ slope,NA,NA,NA,0.008490077910645715
Pvalb_6,-0.12214738050761446,0.05327730219774884,0.022387511640548183,mega: random intercept + SCZ slope,NA,NA,NA,0.26367513709978974
Pvalb_5,-0.05776756887672261,0.06422450588003843,0.36981022845418043,mega: random intercept + SCZ slope,NA,NA,NA,0.7763583200165591
Pvalb_7,0.22766691686546445,0.10994023927445225,0.05554297414633654,mega: random intercept + SCZ slope,NA,NA,NA,0.3270864033062041
Pvalb_1,-0.02848421487427796,0.06393982494274365,0.6583861361491007,mega: random intercept + SCZ slope,NA,NA,NA,0.8510845174610326
Pvalb_3,-0.046327084317604454,0.056883504936033634,0.4178028404086608,mega: random intercept + SCZ slope,NA,NA,NA,0.8386501525763407
Pvalb_2,-0.06688541136005241,0.07442306597398603,0.37353088981928784,mega: random intercept + SCZ slope,NA,NA,NA,0.7763583200165591
Pvalb_15,-0.12193371472360658,0.05297477468935059,0.031826113187809806,mega: random intercept + SCZ slope,NA,NA,NA,0.2832852981820889
Pvalb_14,0.060675596691718375,0.11515907508862604,0.6057840939523671,mega: random intercept + SCZ slope,NA,NA,NA,0.8449093941967225
Pvalb_12,0.06023140332058731,0.08697518075568535,0.49781700051230293,mega: random intercept + SCZ slope,NA,NA,NA,0.8386501525763407
Pvalb_10,-0.014083149039423355,0.0691018588393905,0.8392078326712191,mega: random intercept + SCZ slope,NA,NA,NA,0.8946679488116761
Pvalb_13,0.06845490348164221,0.06484034002037295,0.29899778474645666,mega: random intercept + SCZ slope,NA,NA,NA,0.7017665338206094
Pvalb_9,0.026569096512985925,0.06723143616583158,0.6947000214507076,mega: random intercept + SCZ slope,NA,NA,NA,0.8522914108428675
Chandelier_1,-0.03686869762583937,0.06706421213302041,0.5902343901156625,mega: random intercept + SCZ slope,NA,NA,NA,0.8449093941967225
Chandelier_2,0.19437216680640432,0.08482206557071789,0.03474253656950147,mega: random intercept + SCZ slope,NA,NA,NA,0.2832852981820889
L2/3 IT_1,-0.04230398209391181,0.07131975063123003,0.5571886319763354,mega: random intercept + SCZ slope,NA,NA,NA,0.8449093941967225
L2/3 IT_2,0.07744054728973258,0.14660984375991848,0.6053553968988311,mega: random intercept + SCZ slope,NA,NA,NA,0.8449093941967225
L2/3 IT_6,-0.1710090543333471,0.09597279790099429,0.08639606729249802,mega: random intercept + SCZ slope,NA,NA,NA,0.4162719605911268
L2/3 IT_7,0.2041533164885665,0.09514875886802611,0.04954807308333341,mega: random intercept + SCZ slope,NA,NA,NA,0.3250489773647212
L2/3 IT_5,-0.03290569530781373,0.07280982088344921,0.6515281830145448,mega: random intercept + SCZ slope,NA,NA,NA,0.8510845174610326
L2/3 IT_13,-0.0499390768631119,0.08387241358946383,0.552496814931557,mega: random intercept + SCZ slope,NA,NA,NA,0.8449093941967225
L2/3 IT_10,-0.14934003513962946,0.12496506983019959,0.24928420231261034,mega: random intercept + SCZ slope,NA,NA,NA,0.662079546966345
L2/3 IT_8,-0.016980573133796677,0.09033100999521537,0.8524666304715026,mega: random intercept + SCZ slope,NA,NA,NA,0.8946679488116761
L2/3 IT_12,-0.08884120194331384,0.09173684888739043,0.33394039963790445,mega: random intercept + SCZ slope,NA,NA,NA,0.7531421779067632
L6 IT_1,0.12803632422748507,0.0873345298841202,0.15327842576699108,mega: random intercept + SCZ slope,NA,NA,NA,0.5602590734931399
L6 IT_2,-0.024595181516249565,0.10373533362995817,0.814161096719046,mega: random intercept + SCZ slope,NA,NA,NA,0.8814217866524617
L4 IT_2,0.055448358087302994,0.0786154728574155,0.4908691748731985,mega: random intercept + SCZ slope,NA,NA,NA,0.8386501525763407
L4 IT_3,0.09844286787159619,0.10390646362253393,0.35799812265882625,mega: random intercept + SCZ slope,NA,NA,NA,0.7763583200165591
L4 IT_4,0.022904663850270957,0.06907371024110039,0.7435096583374423,mega: random intercept + SCZ slope,NA,NA,NA,0.8814217866524617
L5 IT_1,0.021009749685867333,0.07297562678749119,0.7766964194818378,mega: random intercept + SCZ slope,NA,NA,NA,0.8814217866524617
L5 IT_3,-0.018920993785006415,0.07309674774427401,0.7987629181056148,mega: random intercept + SCZ slope,NA,NA,NA,0.8814217866524617
L2/3 IT_3,-0.1851206740476503,0.12070446583133995,0.14523883676258048,mega: random intercept + SCZ slope,NA,NA,NA,0.5498327391726261
L4 IT_1,0.047804906597876534,0.07424029257858135,0.52689848441469,mega: random intercept + SCZ slope,NA,NA,NA,0.8449093941967225
L5 IT_2,0.04853815346492144,0.060016556872529284,0.4208981533906453,mega: random intercept + SCZ slope,NA,NA,NA,0.8386501525763407
L5 IT_5,-0.048419786272054004,0.08550043817296496,0.5747381411808716,mega: random intercept + SCZ slope,NA,NA,NA,0.8449093941967225
L5 IT_6,0.049823145039212216,0.08035856007958628,0.5364257034217217,mega: random intercept + SCZ slope,NA,NA,NA,0.8449093941967225
L5 IT_7,0.08615221591642841,0.1334368284022781,0.5276376007301259,mega: random intercept + SCZ slope,NA,NA,NA,0.8449093941967225
L5 ET_1,0.3483520556531715,0.18019587510624083,0.07049663530396817,mega: random intercept + SCZ slope,NA,NA,NA,0.35584015915336314
L5 ET_2,0.0297586095533243,0.07567122155115377,0.6943100666422344,mega: random intercept + SCZ slope,NA,NA,NA,0.8522914108428675
L6 CT_1,0.27037588980059707,0.15816234914859315,0.10682012876934159,mega: random intercept + SCZ slope,NA,NA,NA,0.47178890206459206
L6 CT_2,-0.021052418488317726,0.08974193034149494,0.8148993876598231,mega: random intercept + SCZ slope,NA,NA,NA,0.8814217866524617
L6 CT_3,0.15579221279973834,0.0714663226485554,0.029796826478381996,mega: random intercept + SCZ slope,NA,NA,NA,0.2832852981820889
L6 CT_4,0.29307026249248436,0.10644919214659564,0.013693045349849161,mega: random intercept + SCZ slope,NA,NA,NA,0.20735182958343015
L6b_1,0.5713479410204151,0.15808488993579353,0.0025183724836681707,mega: random intercept + SCZ slope,NA,NA,NA,0.11043587825668812
L6b_2,0.12312436153021708,0.09742029055326121,0.2257008214215677,mega: random intercept + SCZ slope,NA,NA,NA,0.662079546966345
L6b_3,0.240576762596626,0.20853587696906006,0.26361218961221133,mega: random intercept + SCZ slope,NA,NA,NA,0.6663246119124745
L6b_4,0.24870511337252485,0.08326555650716752,0.004483819850705118,mega: random intercept + SCZ slope,NA,NA,NA,0.11043587825668812
L6b_5,0.19597884111696787,0.12357919765310008,0.13217428814575755,mega: random intercept + SCZ slope,NA,NA,NA,0.5189064645722333
L6b_6,0.016053902549808884,0.12364565120075113,0.898040483988317,mega: random intercept + SCZ slope,NA,NA,NA,0.9241970029394331
L6 IT Car3_1,-0.07029396716806303,0.09208788463281534,0.4513181591139813,mega: random intercept + SCZ slope,NA,NA,NA,0.8386501525763407
L6 IT Car3_2,0.16986807994017927,0.1400028737039812,0.243520749781925,mega: random intercept + SCZ slope,NA,NA,NA,0.662079546966345
L6 IT Car3_3,0.06444608904349672,0.08366192136422536,0.4472779429024324,mega: random intercept + SCZ slope,NA,NA,NA,0.8386501525763407
L5/6 NP_1,0.015128998975293746,0.07670513939168987,0.8442445907597568,mega: random intercept + SCZ slope,NA,NA,NA,0.8946679488116761
L5/6 NP_2,0.23354262528046957,0.08320005413931403,0.005209239540409817,mega: random intercept + SCZ slope,NA,NA,NA,0.11043587825668812
L5/6 NP_3,0.19562054788640704,0.08740781566035868,0.04223724901258776,mega: random intercept + SCZ slope,NA,NA,NA,0.2984765596889535
L5/6 NP_6,0.0659490775443157,0.2324145524307206,0.7801655672423321,mega: random intercept + SCZ slope,NA,NA,NA,0.8814217866524617
L5/6 NP_4,0.21649783107139856,0.10139744585974408,0.05213049636981378,mega: random intercept + SCZ slope,NA,NA,NA,0.3250489773647212
