supertype,beta,se,p,dataset,n_donors
Lamp5_Lhx6_1,-0.02955297032030568,0.2375249612428258,0.9028418108929794,Batiuk,15
Lamp5_1,-0.029255030620687083,0.2242534265695594,0.898157355386491,Batiuk,15
Lamp5_2,-0.0276260328900613,0.2732699603244331,0.9209826358751004,Batiuk,15
Lamp5_3,-0.8802018599267837,0.32544893180297557,0.01772947463634093,Batiuk,15
Lamp5_4,-0.33148029006477403,0.3798738960746585,0.3983465199578048,Batiuk,15
Lamp5_5,-0.5721479173124183,0.32313226531258465,0.09950800504541496,Batiuk,15
Lamp5_6,-0.2081566850136601,0.39753012768474233,0.6091478644589507,Batiuk,15
Pax6_1,-0.49734918554995405,0.3484045677579341,0.17647368767135402,Batiuk,15
Pax6_2,0.229974847483186,0.41127979550240135,0.585332752624343,Batiuk,15
Pax6_3,0.17125679638222163,0.3048232735116328,0.5835737617797856,Batiuk,15
Pax6_4,-0.13316162619018457,0.38621448262440766,0.7356420003743277,Batiuk,15
Sncg_3,0.016071136376550003,0.344175152304517,0.9634499562060856,Batiuk,15
Sncg_6,-0.5230555571093932,0.3495620594261592,0.15790285711933272,Batiuk,15
Sncg_2,1.5570979336793296,0.4591318513407889,0.004677478885858222,Batiuk,15
Sncg_1,-0.2459082671171731,0.37446795127293886,0.5225746414411607,Batiuk,15
Sncg_8,-0.15989655464962077,0.3127686279670388,0.6175650108751211,Batiuk,15
Sncg_4,-0.5366167852755339,0.2917934016953511,0.08832060818252395,Batiuk,15
Sncg_5,-0.46052526180110426,0.4301235276591529,0.30334435539180815,Batiuk,15
Vip_14,0.27178324806051113,0.36004228906394,0.46347833500792146,Batiuk,15
Vip_15,-0.09857974463039326,0.2680122439659612,0.7187918726727146,Batiuk,15
Vip_16,0.09738249229119539,0.30715284171880075,0.7561247322580706,Batiuk,15
Vip_4,-0.234692648919394,0.26379006705419294,0.38942739604886045,Batiuk,15
Vip_5,0.3752425728040574,0.3637048194073119,0.320585646784196,Batiuk,15
Vip_6,0.5131896020627913,0.4034858053614799,0.2251861756306764,Batiuk,15
Vip_9,0.08433174505988429,0.39430554383228733,0.8338867478359308,Batiuk,15
Vip_2,0.0899741914291114,0.30008011915995775,0.768935131607654,Batiuk,15
Vip_11,-0.10704363185875836,0.3834658424428127,0.7844218171379498,Batiuk,15
Vip_13,0.37120487176078143,0.44875314180354975,0.42271110977819104,Batiuk,15
Vip_1,-0.2082508789981964,0.29695549526834875,0.49520346437374574,Batiuk,15
Vip_12,0.08359027177760776,0.32726219102421467,0.8023010637104232,Batiuk,15
Vip_18,-0.005238886912052457,0.42597336397609903,0.9903698005408452,Batiuk,15
Vip_19,-0.10031273190791812,0.24402598725977326,0.6875599987159973,Batiuk,15
Vip_21,-0.5784630594065093,0.318285856080491,0.09172492203843094,Batiuk,15
Vip_23,-0.07262048799042736,0.2550376148940424,0.7802222934276493,Batiuk,15
Sst Chodl_1,0.39829863091560536,0.4688419515539265,0.4106030916327664,Batiuk,15
Sst_1,-0.15432760998516465,0.34823146873211197,0.6647567586547958,Batiuk,15
Sst_4,-0.18094998544910637,0.4347159839221328,0.6838618231513425,Batiuk,15
Sst_5,0.3207557144415747,0.2618736300363699,0.24186751780083918,Batiuk,15
Sst_7,-0.2324787157922528,0.34896556986334915,0.5166682146463737,Batiuk,15
Sst_3,-0.10707984741515535,0.2611867352706772,0.6883469679351326,Batiuk,15
Sst_19,-0.4007683273436589,0.29402680880085547,0.19548676458122333,Batiuk,15
Sst_9,-0.1681737027828159,0.2319547543372741,0.4809876857259028,Batiuk,15
Sst_10,0.07537073428871251,0.2737397002662945,0.7872852129211025,Batiuk,15
Sst_13,0.16899401131680689,0.2585747239886647,0.5245260972173793,Batiuk,15
Sst_12,0.17343810507164006,0.2590403501159607,0.5145979645840469,Batiuk,15
Sst Chodl_2,0.3428120861991333,0.2654568786357042,0.21854059974413137,Batiuk,15
Sst_11,0.21112146560533024,0.46768789673213695,0.6589577942191016,Batiuk,15
Sst_20,-0.24629128452214502,0.37697666291486065,0.5246677133804826,Batiuk,15
Sst_22,-0.03613096463488693,0.5168523270260422,0.9453080467852542,Batiuk,15
Sst_23,-0.5900201327775167,0.31624774606495454,0.08427516811760584,Batiuk,15
Sst_25,-0.7411792880733354,0.45844467079013856,0.12938185340019887,Batiuk,15
Sst_2,-0.20307475515182644,0.3197750027884861,0.5361574122957055,Batiuk,15
Pvalb_6,-0.30615418500663893,0.3442090253760462,0.38955800930491835,Batiuk,15
Pvalb_5,-0.43709484178745256,0.3374840699086378,0.21728070975863806,Batiuk,15
Pvalb_8,-0.061919008753334434,0.4309196778462783,0.8878977042468983,Batiuk,15
Pvalb_7,0.07381233374629864,0.3378676040282041,0.8303806693417234,Batiuk,15
Pvalb_1,-0.19300690562855036,0.25562357874181846,0.4633747045619214,Batiuk,15
Pvalb_3,-0.5330201102646733,0.3333334546641886,0.1332664747837194,Batiuk,15
Pvalb_2,-0.3845630147298901,0.20722374788086328,0.08575800886166873,Batiuk,15
Pvalb_15,-0.20025516913336397,0.23802058794054967,0.4150202772986694,Batiuk,15
Pvalb_14,-0.21191888522584396,0.36146597568246897,0.5674999779063334,Batiuk,15
Pvalb_12,0.28200739371583056,0.24525657927693337,0.2704487358257902,Batiuk,15
Pvalb_10,-0.11528569934970011,0.33837716481505453,0.7386458070266242,Batiuk,15
Pvalb_13,0.18111890744564788,0.34251855447783824,0.6056602961389537,Batiuk,15
Pvalb_9,0.2791915089637051,0.2983197455878992,0.3660054900331776,Batiuk,15
Chandelier_1,-0.15061328715954422,0.4651179501454722,0.7511082578660695,Batiuk,15
Chandelier_2,0.03697323836684345,0.5486897044694186,0.9472772633646563,Batiuk,15
L2/3 IT_1,-0.2911974495734984,0.4927287947093236,0.5644292293974602,Batiuk,15
L2/3 IT_2,-0.6894376900965634,0.5591531135279378,0.23890820007125438,Batiuk,15
L2/3 IT_6,0.19605016917751936,0.4363886577913595,0.6604753191646482,Batiuk,15
L2/3 IT_7,-0.22849659954594062,0.48078557990592025,0.6423084975012618,Batiuk,15
L2/3 IT_5,0.18367009168555753,0.26515629046642913,0.5004143656318009,Batiuk,15
L2/3 IT_13,0.004451654920843987,0.3393573177711174,0.9897283229858627,Batiuk,15
L2/3 IT_10,0.46902265949560057,0.4061184085307778,0.2684482540081822,Batiuk,15
L2/3 IT_8,-0.20802859801017096,0.38447517525723696,0.5973980256699809,Batiuk,15
L2/3 IT_12,0.10462519011911965,0.4697082854462959,0.8271157652945295,Batiuk,15
L6 IT_1,-0.1766607396432343,0.5656103235176212,0.7596242304184782,Batiuk,15
L6 IT_2,0.6180955413649908,0.33349769368045407,0.08612295714348162,Batiuk,15
L4 IT_2,-0.2558033584092407,0.36959690664521594,0.5007619091008961,Batiuk,15
L4 IT_3,0.3224001034072509,0.6374462482937536,0.621291434209166,Batiuk,15
L4 IT_4,-0.057947027857849415,0.3579649215656412,0.8738326686652552,Batiuk,15
L5 IT_1,0.1811492831768795,0.2614839344792733,0.500360950234389,Batiuk,15
L5 IT_3,0.31814245818665177,0.3181483116287646,0.3351529364371516,Batiuk,15
L2/3 IT_3,0.48670903460306,0.31987377803046646,0.15151508348653772,Batiuk,15
L4 IT_1,0.3119232543713722,0.4457690076266616,0.496136936516572,Batiuk,15
L5 IT_2,0.3243821894837214,0.3054673620848262,0.3071603074099427,Batiuk,15
L5 IT_5,0.5081729087765496,0.2927166780544844,0.10562940658747708,Batiuk,15
L5 IT_6,0.38707563741932927,0.6459454674036778,0.559075961507169,Batiuk,15
L5 IT_7,0.26950350993235317,0.39105903836676165,0.5025582275556975,Batiuk,15
L5 ET_1,0.2228960789538229,0.7511870561697793,0.7712561357676719,Batiuk,15
L5 ET_2,0.3236491573131214,0.5036104904333054,0.5313612102867916,Batiuk,15
L6 CT_1,0.2156377182644271,0.628005895115582,0.7366840379567354,Batiuk,15
L6 CT_2,0.9140784693484139,0.25620760691984074,0.0033221607746263715,Batiuk,15
L6 CT_3,0.11020269439282537,0.48733365939896894,0.8245328219608374,Batiuk,15
L6 CT_4,0.4187153380014087,0.49206637139358955,0.4098545969597984,Batiuk,15
L6b_1,1.8877419313006716,0.7688140874878322,0.028537102653654126,Batiuk,15
L6b_2,0.7782524540882794,0.9449292141527437,0.42467379637364777,Batiuk,15
L6b_3,0.0946550500685625,0.3480871019732318,0.7898488865935528,Batiuk,15
L6b_4,0.5551397879761407,0.5316946837242077,0.31503427955481966,Batiuk,15
L6b_5,1.1193310359402842,0.3840351611887454,0.011815443117041996,Batiuk,15
L6b_6,0.4332280589623632,0.4139147749111788,0.31389224069909255,Batiuk,15
L6 IT Car3_1,-0.14313743011255442,0.8132705077689587,0.8629417913426496,Batiuk,15
L6 IT Car3_2,0.46545727849987945,0.5642366051989017,0.4239479903632024,Batiuk,15
L6 IT Car3_3,0.5746272401508936,0.26314446963202875,0.04744855419272616,Batiuk,15
L5/6 NP_1,0.43109581949953474,0.25018835744296325,0.10801079663409592,Batiuk,15
L5/6 NP_2,0.22744249683752688,0.326384951411678,0.49788534589637135,Batiuk,15
L5/6 NP_3,0.6403786424761111,0.3839773328055174,0.1187080943652384,Batiuk,15
L5/6 NP_6,-1.489275027729161,0.5779991377268741,0.022659812926822044,Batiuk,15
L5/6 NP_4,0.06407133141096152,0.2653692074593332,0.8128921578865193,Batiuk,15
Lamp5_Lhx6_1,-0.07320988508258063,0.07241972744030538,0.3161263480351204,Fröhlich,61
Lamp5_1,-0.618265639117752,0.19826673487007954,0.0027946743492114597,Fröhlich,61
Lamp5_2,0.08520540777107327,0.06626675190197176,0.20346466622054674,Fröhlich,61
Lamp5_3,0.22346030365400496,0.12126377167145012,0.07031504270456213,Fröhlich,61
Lamp5_4,0.02808657586816538,0.11720563471103852,0.8114315359217633,Fröhlich,61
Lamp5_5,0.07092392013908748,0.10042962271630322,0.4827991059938286,Fröhlich,61
Lamp5_6,0.040674069208779175,0.1713604571183997,0.8131879094662977,Fröhlich,61
Pax6_1,-0.002089114836931461,0.0960855535426047,0.9827258560484544,Fröhlich,61
Pax6_2,0.03504995861972302,0.1313264433944936,0.7904693608855242,Fröhlich,61
Pax6_3,-0.09343276632517143,0.1327164776794337,0.48415967061512877,Fröhlich,61
Pax6_4,-0.007046676783662707,0.14409880000166994,0.961160365110313,Fröhlich,61
Sncg_3,0.07220501536993605,0.15917856356021964,0.6517490116301292,Fröhlich,61
Sncg_6,0.05947339302422423,0.11724569928069076,0.6138393447227657,Fröhlich,61
Sncg_2,0.129784308135566,0.16094273529413883,0.42320287024510517,Fröhlich,61
Sncg_1,0.13176270053862651,0.12225422827399472,0.2854560517485359,Fröhlich,61
Sncg_8,0.18385596248978087,0.11481929274986029,0.11458111414127593,Fröhlich,61
Sncg_4,0.2261338648845688,0.12613086351240674,0.07804740444910493,Fröhlich,61
Sncg_5,-0.020579300115353298,0.18358740821999356,0.9111226780546391,Fröhlich,61
Vip_14,-0.2099435382444131,0.14199777269717162,0.14451522650471119,Fröhlich,61
Vip_15,-0.019318918548992585,0.09183837801224862,0.8341025374161155,Fröhlich,61
Vip_16,-0.11216244723661994,0.12536955782860895,0.374553587640035,Fröhlich,61
Vip_4,0.0016255909692281423,0.09043700100830383,0.9857186765985936,Fröhlich,61
Vip_5,-0.14657724504872344,0.12726615666181454,0.25400629776386296,Fröhlich,61
Vip_6,0.12795384965926773,0.13135064923711637,0.3339059253927603,Fröhlich,61
Vip_9,-2.3772480711276673e-4,0.11088625046195623,0.9982965728238469,Fröhlich,61
Vip_2,-0.15418660069856654,0.10644749785839884,0.15270009453824715,Fröhlich,61
Vip_11,0.12098284593284192,0.09885912045375914,0.22582458599190344,Fröhlich,61
Vip_13,-0.05685013293788268,0.10197033587801116,0.5792527847706733,Fröhlich,61
Vip_1,-0.06880332789905601,0.08038260598783326,0.3954385369585578,Fröhlich,61
Vip_12,-0.21185091979544085,0.1837172039828942,0.2534365514738534,Fröhlich,61
Vip_18,-0.03616586314371995,0.12207073993124948,0.7680491547807461,Fröhlich,61
Vip_19,-0.0344210829806011,0.08846798509435351,0.6985973932048165,Fröhlich,61
Vip_21,0.07181675915757085,0.11696663706586273,0.5415451455848592,Fröhlich,61
Vip_23,-0.03701117284696457,0.07013754561320255,0.5996614693078144,Fröhlich,61
Sst Chodl_1,-0.22807875070297232,0.14390463457357847,0.11824934898919304,Fröhlich,61
Sst_1,-0.1606815300346334,0.13313411361747987,0.2322108475524769,Fröhlich,61
Sst_4,0.08604268291669545,0.1376441667051793,0.5342740032071582,Fröhlich,61
Sst_5,0.0016546182563481214,0.14117293571120598,0.9906875627101446,Fröhlich,61
Sst_7,0.08662175811754201,0.15183163462614152,0.5704650965972802,Fröhlich,61
Sst_3,-0.4346803217216189,0.1303033050630358,0.0014641316670767023,Fröhlich,61
Sst_19,-0.0706152810919178,0.09208945675597068,0.44620596372468047,Fröhlich,61
Sst_9,-0.05916103654753305,0.1019124955713867,0.56375016410807,Fröhlich,61
Sst_10,0.03251245510792919,0.11290535444549388,0.7743700751857475,Fröhlich,61
Sst_13,-0.028465888051586383,0.09851976738015297,0.7736283752819546,Fröhlich,61
Sst_12,-0.27929748244262814,0.1524613171359204,0.07193709579828106,Fröhlich,61
Sst Chodl_2,0.10508457371900648,0.18055712708401142,0.5627501863168421,Fröhlich,61
Sst_11,-0.49072116855854137,0.16183105022144625,0.0035837260305652693,Fröhlich,61
Sst_20,-0.6090962772797136,0.18950293933509316,0.0021086482231813704,Fröhlich,61
Sst_22,-0.6062518510003042,0.2043188559154416,0.004314060283433086,Fröhlich,61
Sst_23,-0.04638645733414688,0.1281330580414958,0.7186130393500341,Fröhlich,61
Sst_25,-0.4096056041436914,0.1702824153936087,0.019258677765080834,Fröhlich,61
Sst_2,-0.37927181644399904,0.13543121619302873,0.0068597855668302374,Fröhlich,61
Pvalb_6,-0.19110461793711553,0.0948991445122949,0.048533932932312444,Fröhlich,61
Pvalb_5,-0.11346501317736188,0.12067866354358363,0.35087974126015653,Fröhlich,61
Pvalb_8,-0.19513170984695538,0.1734947442978191,0.26519881362980935,Fröhlich,61
Pvalb_7,0.052974453942629174,0.1599078013418281,0.741588566168115,Fröhlich,61
Pvalb_1,-0.11737450730886524,0.13544741913545502,0.3896371866879622,Fröhlich,61
Pvalb_3,-0.09695647349568157,0.10666936522757209,0.36702339787638694,Fröhlich,61
Pvalb_2,-0.047634260588071395,0.09621385472661527,0.6223502104082748,Fröhlich,61
Pvalb_15,-0.04531606050569916,0.0741556442326528,0.5434501474133899,Fröhlich,61
Pvalb_14,0.25633781609658435,0.12737890407429436,0.0486813044342134,Fröhlich,61
Pvalb_12,0.05298744242595289,0.1479465872576915,0.7214885955459023,Fröhlich,61
Pvalb_10,-0.15618671663934322,0.1778834930102833,0.38343766811773916,Fröhlich,61
Pvalb_13,0.16115835594164743,0.12876580243875538,0.2155964865417864,Fröhlich,61
Pvalb_9,-0.06032325067993646,0.11196493579912858,0.5920434351084736,Fröhlich,61
Chandelier_1,-0.10001134276050959,0.07612057735593174,0.19390629692020775,Fröhlich,61
Chandelier_2,0.2216420192073372,0.13406030187982104,0.10350317007040227,Fröhlich,61
L2/3 IT_1,-0.042743475389266615,0.10993823448110061,0.6988064996027606,Fröhlich,61
L2/3 IT_2,0.08026296043304897,0.18050195260576987,0.6581646212100795,Fröhlich,61
L2/3 IT_6,0.036758783046330124,0.12432331173275163,0.7685042555279618,Fröhlich,61
L2/3 IT_7,0.14373516247833712,0.20372755317858507,0.48321821661854025,Fröhlich,61
L2/3 IT_5,0.002652528861393369,0.08646261032738468,0.9756280867602074,Fröhlich,61
L2/3 IT_13,-0.0365005672658329,0.11795761845083269,0.7580625256984388,Fröhlich,61
L2/3 IT_10,-0.28993071782696017,0.11885059187939402,0.017688904858149827,Fröhlich,61
L2/3 IT_8,0.2087749287282639,0.18133027288604367,0.2541637729763361,Fröhlich,61
L2/3 IT_12,-0.030493297142696787,0.13309977534717024,0.8195710202566564,Fröhlich,61
L6 IT_1,-0.04155568941780364,0.17432800272089485,0.8124029507705707,Fröhlich,61
L6 IT_2,0.0780592239648705,0.1470850814074194,0.5975838864488677,Fröhlich,61
L4 IT_2,-0.05097871602612149,0.08004529620764078,0.5266345315945811,Fröhlich,61
L4 IT_3,-0.18864484669861903,0.13225553751166272,0.15895536436288124,Fröhlich,61
L4 IT_4,-0.04142788546938225,0.10365079423493777,0.6908090204236776,Fröhlich,61
L5 IT_1,-0.0523395465830268,0.09275375910681023,0.5746677245628595,Fröhlich,61
L5 IT_3,-0.050727494907416355,0.10343735549459077,0.6256306079755825,Fröhlich,61
L2/3 IT_3,-0.04073100789330329,0.12958067337163784,0.7543634007275437,Fröhlich,61
L4 IT_1,0.1065874138040165,0.09726058333349488,0.2775123607054081,Fröhlich,61
L5 IT_2,-0.03759475676390006,0.0835351472830831,0.6543014107358358,Fröhlich,61
L5 IT_5,-0.10667406362465452,0.09682713876118682,0.27500218708556773,Fröhlich,61
L5 IT_6,0.22659717899494003,0.11495956268749857,0.05333858561165112,Fröhlich,61
L5 IT_7,-0.09711596851373804,0.11071665503527542,0.3839063947527316,Fröhlich,61
L5 ET_1,0.10365737288044526,0.23742043109871377,0.6639728129608728,Fröhlich,61
L5 ET_2,-0.04563287334654205,0.18123218652794593,0.8020637077085431,Fröhlich,61
L6 CT_1,0.3520093631234183,0.2580902123180619,0.17770362423767347,Fröhlich,61
L6 CT_2,0.03637388612299057,0.17654666713593747,0.8374664204507972,Fröhlich,61
L6 CT_3,0.18002650146471624,0.15509536094701323,0.25035105143123376,Fröhlich,61
L6 CT_4,-0.040339598127702665,0.1502987624120342,0.7893168835123885,Fröhlich,61
L6b_1,0.055136967193941476,0.20243296792496787,0.7862733519890208,Fröhlich,61
L6b_2,0.03240020720178911,0.21474087982118084,0.880577092179928,Fröhlich,61
L6b_3,0.007380090469775294,0.11710095146330239,0.9499578279659272,Fröhlich,61
L6b_4,-0.006374250876363261,0.180209353281787,0.9719012587656597,Fröhlich,61
L6b_5,-0.1088508784228331,0.11416514399069777,0.3441944011601189,Fröhlich,61
L6b_6,0.12833186445066766,0.16439560805487916,0.43809605178517586,Fröhlich,61
L6 IT Car3_1,-0.2767437916976627,0.16799641882699454,0.10473037176588804,Fröhlich,61
L6 IT Car3_2,0.0052877016700916815,0.1735065774542587,0.9757891653161783,Fröhlich,61
L6 IT Car3_3,0.12708824053225906,0.1104585020712674,0.2544902607021348,Fröhlich,61
L5/6 NP_1,0.007179098418796755,0.11344312795304115,0.9497513746356541,Fröhlich,61
L5/6 NP_2,-0.02282371821459797,0.12825762936680998,0.8593611681780275,Fröhlich,61
L5/6 NP_3,-0.03454889069653995,0.09944660246393817,0.7295002798201473,Fröhlich,61
L5/6 NP_6,0.07769136152834075,0.10519398666713763,0.4630630966423549,Fröhlich,61
L5/6 NP_4,0.19339533204970705,0.15699800624900556,0.22282663610655853,Fröhlich,61
Lamp5_Lhx6_1,0.044221947017688994,0.09221479964973768,0.6323238697490969,HBCC,130
Lamp5_1,0.14823618806092986,0.1370717091491243,0.2814327766146993,HBCC,130
Lamp5_2,0.09379030759259988,0.08749609939545369,0.2856685097110125,HBCC,130
Lamp5_3,0.0645775113447329,0.13811367462285426,0.6408505673765768,HBCC,130
Lamp5_4,0.1502270831233059,0.14891622154892614,0.31488120811405323,HBCC,130
Lamp5_5,-0.047364968896260115,0.16503323279356233,0.7745521196696078,HBCC,130
Lamp5_6,0.14805389155177112,0.18719209760360925,0.4303837827147865,HBCC,130
Pax6_1,0.050432027874550374,0.15796028093493905,0.7500170200431072,HBCC,130
Pax6_3,0.15311344728736148,0.16752518919416756,0.3623671983258753,HBCC,130
Pax6_4,0.2712821029245626,0.16137284670514057,0.09506707792106737,HBCC,130
Sncg_3,0.02559617762374099,0.15539770664674157,0.8694164603054733,HBCC,130
Sncg_6,0.0855598609492994,0.1444574846769586,0.5546550810188442,HBCC,130
Sncg_2,0.2917447236824611,0.1766613546831144,0.1009834074421018,HBCC,130
Sncg_1,0.010802166789446456,0.16336739745603368,0.9473789676927971,HBCC,130
Sncg_8,0.0681436826962849,0.14995405956176222,0.6502518270638264,HBCC,130
Sncg_4,-0.043180304904014054,0.1700552878588339,0.799945841532293,HBCC,130
Sncg_5,0.19601288907464245,0.16265181949459145,0.23027855097264302,HBCC,130
Vip_14,0.14480439591839,0.11245085374858066,0.2000578579343785,HBCC,130
Vip_15,-0.02622203869703844,0.10789430855617557,0.8083490349653135,HBCC,130
Vip_16,0.15425733827169794,0.1252388630868064,0.22020903824258256,HBCC,130
Vip_4,-0.012218973338753212,0.11217277811020451,0.913420456431769,HBCC,130
Vip_5,-0.18411919359602935,0.12793988897199915,0.15244403801732007,HBCC,130
Vip_6,0.03037916648954468,0.13082919715272343,0.816732000925864,HBCC,130
Vip_9,0.14464968603212466,0.13368975439283598,0.281197872702654,HBCC,130
Vip_2,0.0030211739247914724,0.12770508553394663,0.9811609360036524,HBCC,130
Vip_11,0.03666749071340194,0.1384967701842482,0.791604850483148,HBCC,130
Vip_13,0.12992855127923492,0.1634850240480469,0.42816365254191113,HBCC,130
Vip_1,0.01610294197269704,0.1370450120196545,0.9066382950663348,HBCC,130
Vip_12,0.030347305957999327,0.12636409867741197,0.8105737865874536,HBCC,130
Vip_18,-0.026498046394506047,0.12097823908109419,0.8269576271453853,HBCC,130
Vip_19,0.03994467837744031,0.08210616298348092,0.6274044600283633,HBCC,130
Vip_21,0.146887343399801,0.1357555770419758,0.2811897918465584,HBCC,130
Vip_23,0.05498458228160888,0.08562383373702913,0.521859751004571,HBCC,130
Sst Chodl_1,0.026712722572662873,0.14584244647723507,0.8549471913469664,HBCC,130
Sst_1,0.12657130871205308,0.12976712827205672,0.3311269440843728,HBCC,130
Sst_4,-0.054632035039309544,0.14016322156171282,0.6973200732815823,HBCC,130
Sst_5,0.1298800686707108,0.13963064224173852,0.3539506528448241,HBCC,130
Sst_7,-0.1700330168169322,0.12891510436691153,0.18942654119572006,HBCC,130
Sst_3,-0.22658057405707654,0.13183331953602462,0.08797237686891103,HBCC,130
Sst_19,-0.04526674011170597,0.1266232375493355,0.721284340110731,HBCC,130
Sst_9,-0.1221910880672516,0.1203489464002669,0.31178312143521647,HBCC,130
Sst_10,0.05387388864249593,0.1272121757576203,0.6726098223470096,HBCC,130
Sst_13,-0.06430845904577014,0.12669554749915507,0.6125776372843008,HBCC,130
Sst_12,-0.20060233405159916,0.1310013408194582,0.12804466326062514,HBCC,130
Sst Chodl_2,0.07777449671386913,0.1445350899044606,0.5913968153632979,HBCC,130
Sst_11,-0.05361225284658101,0.1497573277824359,0.7209090342875144,HBCC,130
Sst_20,-0.14350535181782917,0.13290901822362716,0.28219705822996904,HBCC,130
Sst_22,-0.15527958821895937,0.15278050099514717,0.3112845479907412,HBCC,130
Sst_23,-0.07930377051631544,0.15219349206756774,0.6031737007470346,HBCC,130
Sst_25,-0.22143596444875144,0.15633378390655917,0.15896198209754875,HBCC,130
Sst_2,-0.2088742588205087,0.11612414665756879,0.07430689281253479,HBCC,130
Pvalb_6,-0.142766436578171,0.11045695274938382,0.19839816141076866,HBCC,130
Pvalb_5,-0.005046243151525146,0.14171522830759192,0.9716474714441867,HBCC,130
Pvalb_8,0.18733750914816413,0.1267344684785826,0.14169585025284415,HBCC,130
Pvalb_7,0.15962199210075118,0.15303171840444058,0.29879001249258225,HBCC,130
Pvalb_1,0.07610859571836624,0.12185908132237419,0.533316670590154,HBCC,130
Pvalb_3,-0.09905153710011096,0.11188924923168346,0.37759457519150863,HBCC,130
Pvalb_2,0.01340440295346965,0.16272753496909892,0.9344723693656101,HBCC,130
Pvalb_15,-0.05851688563653307,0.09535272039780539,0.5404578817807641,HBCC,130
Pvalb_14,0.13393728381860828,0.13796361389563722,0.33338303315015694,HBCC,130
Pvalb_12,0.08432482019409598,0.1290244592438835,0.5145134267587217,HBCC,130
Pvalb_10,-0.06375133179975585,0.14722080728231124,0.6656852912312452,HBCC,130
Pvalb_13,0.0436838302831525,0.13093542571518108,0.7391793925252361,HBCC,130
Pvalb_9,0.04379136517665028,0.15277531560542884,0.774829942594891,HBCC,130
Chandelier_1,0.026448495503766503,0.11046063653616915,0.8111304128324763,HBCC,130
Chandelier_2,0.2623970362013195,0.13651273289189453,0.05670287872386524,HBCC,130
L2/3 IT_1,0.15813678799357211,0.16299242386676027,0.33368410845908225,HBCC,130
L2/3 IT_2,0.13172445537121674,0.15570012555682888,0.3990481107549825,HBCC,130
L2/3 IT_6,-0.20233311415152985,0.19774281535535834,0.30804427778287585,HBCC,130
L2/3 IT_7,0.3763443595786686,0.17450936090035402,0.03281677041157903,HBCC,130
L2/3 IT_5,-0.06681724338343606,0.14112342614629375,0.6366480461079218,HBCC,130
L2/3 IT_13,-0.18263310918320919,0.17102900693427556,0.28750218378143816,HBCC,130
L2/3 IT_10,-0.24719416594819374,0.2235688705392451,0.2708422800320853,HBCC,130
L2/3 IT_8,-0.23747741768621558,0.14475347034364605,0.10322508952547378,HBCC,130
L2/3 IT_12,-0.1901490123194616,0.1877252972105375,0.31292190973386774,HBCC,130
L6 IT_1,0.09261909689996012,0.17369274859938363,0.5947510191174656,HBCC,130
L6 IT_2,-0.1669740661014626,0.22227805700153974,0.4538482922977918,HBCC,130
L4 IT_2,0.12323479710838298,0.1315382223178435,0.35050284240945273,HBCC,130
L4 IT_3,0.3207600623237556,0.144851976331562,0.028485455873246798,HBCC,130
L4 IT_4,0.12446421555711243,0.12522263482369886,0.3220357195021156,HBCC,130
L5 IT_1,0.03655295086174263,0.12171778473811337,0.7644052415494564,HBCC,130
L5 IT_3,-0.20991279870546814,0.1472286074568902,0.15625477802857324,HBCC,130
L2/3 IT_3,-0.2383656814771376,0.16872478996835913,0.16004021449778907,HBCC,130
L4 IT_1,0.11115392086230895,0.12804758630736385,0.38690416012577533,HBCC,130
L5 IT_2,-0.02277312660011945,0.13270003511263923,0.8639993453059454,HBCC,130
L5 IT_5,-0.0457957352705572,0.1739458568112153,0.792741021128741,HBCC,130
L5 IT_6,-0.08688497469298517,0.1683747435248497,0.6066869642461099,HBCC,130
L5 IT_7,-0.26828301131684884,0.15647456713438102,0.08873223392067622,HBCC,130
L5 ET_1,0.14757690148134192,0.17140544450894235,0.39078097705240755,HBCC,130
L5 ET_2,-0.08202338734657516,0.16800581084770416,0.6261909650325362,HBCC,130
L6 CT_1,0.17527472895612758,0.18800352349934063,0.35285514133535645,HBCC,130
L6 CT_2,-0.09052416467671665,0.2130115475691139,0.6715356248023059,HBCC,130
L6 CT_3,0.03794226669987131,0.14735911965045623,0.7972006185397538,HBCC,130
L6 CT_4,0.37516381188159187,0.1720773848395895,0.030982802897405796,HBCC,130
L6b_1,0.26182840189330325,0.24709581645687229,0.29121589680972015,HBCC,130
L6b_2,-0.057828824632699595,0.20004537045250992,0.7729664916327841,HBCC,130
L6b_3,0.16431047187966735,0.19668343166558383,0.4049712597227787,HBCC,130
L6b_4,0.25731013917241435,0.17973217820837462,0.15456981006955525,HBCC,130
L6b_5,0.2661095630406812,0.1693403213432623,0.11842874858643007,HBCC,130
L6b_6,-0.2520394053723775,0.22705481053347343,0.2689639770302278,HBCC,130
L6 IT Car3_1,0.11453882624368011,0.17757828141934373,0.5200231425259155,HBCC,130
L6 IT Car3_2,-0.15334586019506946,0.18301673712392966,0.4035856237256168,HBCC,130
L6 IT Car3_3,3.6490217509920706e-4,0.17033540764989083,0.9982939027636432,HBCC,130
L5/6 NP_1,-0.02219916869320857,0.15848434889826074,0.8888129611878671,HBCC,130
L5/6 NP_2,0.20126717673562786,0.181119199003732,0.2684474736671549,HBCC,130
L5/6 NP_6,0.4389516072925445,0.2083861117893946,0.037024850183050774,HBCC,130
L5/6 NP_4,0.04429467219455618,0.14774989463765656,0.7647965163017851,HBCC,130
Lamp5_Lhx6_1,0.1358641054019479,0.13347778723420467,0.3162643168838013,McLean,32
Lamp5_1,0.8013606040907411,0.3576570950253765,0.03202137286016921,McLean,32
Lamp5_2,-0.010682344070263371,0.12765558573697466,0.9338241212527348,McLean,32
Lamp5_3,-0.04071401631419797,0.20487793852910957,0.8437189048211431,McLean,32
Lamp5_4,0.18337684913063632,0.20525421315090117,0.3782132988992648,McLean,32
Lamp5_5,-0.10498745447730512,0.17854534946812153,0.5605916251025403,McLean,32
Lamp5_6,-0.0430948042258608,0.2165720062015754,0.84351506320119,McLean,32
Pax6_1,-0.019696783492628513,0.18977637058279567,0.9179751828512466,McLean,32
Pax6_2,0.17501394762573783,0.21541116857559955,0.4224449983489531,McLean,32
Pax6_3,-0.04041586706390786,0.21788975006340636,0.8540009464771009,McLean,32
Pax6_4,0.4005126717914696,0.22853146381978573,0.08912327652781925,McLean,32
Sncg_3,-0.03525576165273145,0.22705691231386926,0.8775679747366065,McLean,32
Sncg_6,-0.4092825022338009,0.26153616574953364,0.12730205715960874,McLean,32
Sncg_2,0.4807523910984169,0.32628752373791525,0.1502766596389883,McLean,32
Sncg_1,-0.09270151546285693,0.24316496529683335,0.7055178065541408,McLean,32
Sncg_8,-0.14764334861635484,0.23684745297272752,0.5373987646235299,McLean,32
Sncg_4,-0.14818080647217644,0.1979273615713207,0.4594523672700448,McLean,32
Sncg_5,0.03143096300836014,0.208040389726169,0.8808469529256067,McLean,32
Vip_14,0.14277821023301174,0.3317678708263535,0.6697813463512909,McLean,32
Vip_15,0.010710135401588806,0.14175283157136304,0.9402369648917113,McLean,32
Vip_16,0.31294886222047785,0.3015738196648254,0.307071075523594,McLean,32
Vip_4,-0.24365139915655964,0.15734071794793153,0.13118519097807296,McLean,32
Vip_5,0.1696763588530595,0.18708669393650196,0.37112364577984636,McLean,32
Vip_6,-0.1388478496346699,0.24962407947095117,0.5818702533746214,McLean,32
Vip_9,-0.12229618602017982,0.18746974294774557,0.5187685191787537,McLean,32
Vip_2,-0.3267334835215041,0.22583804546909225,0.15755431941901654,McLean,32
Vip_11,-0.10894411163386104,0.17373626283288127,0.5350027979619798,McLean,32
Vip_13,-0.02421317395275935,0.1959290099030832,0.9024089499843864,McLean,32
Vip_1,-0.14515482563074683,0.13799537610998475,0.3006231038431408,McLean,32
Vip_12,-0.39585621030263834,0.2943397646258924,0.1879827989854738,McLean,32
Vip_18,-0.10342525807961367,0.26228946177345747,0.6959260869805591,McLean,32
Vip_19,0.11895033859243907,0.14445777587897243,0.41627561512975053,McLean,32
Vip_21,0.2576257258662818,0.2802613508707657,0.3647552625638202,McLean,32
Vip_23,-0.10551344513475538,0.17239636722806279,0.5447757753571265,McLean,32
Sst Chodl_1,0.39101296306242017,0.21517755554494364,0.07843613242959273,McLean,32
Sst_1,0.22434148937252948,0.21717627790965835,0.3092440299026357,McLean,32
Sst_4,-0.06835861590338047,0.22310814458935418,0.7612630443347871,McLean,32
Sst_5,-0.4071270481918076,0.25579942936883887,0.12117238553351536,McLean,32
Sst_7,0.1421072861496776,0.19913820509877225,0.48056819294608966,McLean,32
Sst_3,-0.04789347162776672,0.1380924113320201,0.730963951687603,McLean,32
Sst_19,-0.06008435006483519,0.1567636779072073,0.7040115397428348,McLean,32
Sst_9,-0.055326100516653653,0.16463751275941949,0.7389977280601179,McLean,32
Sst_10,0.20813518428443348,0.17687563838506132,0.24786137642315215,McLean,32
Sst_13,0.04781084668713211,0.163347052406224,0.7716186126521591,McLean,32
Sst_12,-0.3718984296366104,0.29097703504982214,0.21027928357745052,McLean,32
Sst Chodl_2,0.6040249197346523,0.30254441788670916,0.05432688449953086,McLean,32
Sst_11,0.1094653484512814,0.2893298558369448,0.7076408765128401,McLean,32
Sst_20,-0.31549936210366003,0.27448862773373,0.2587881676459046,McLean,32
Sst_22,-0.36173705731230094,0.32588488064053367,0.2751496985167747,McLean,32
Sst_23,4.955065981838761e-4,0.2342979212188742,0.9983255358991674,McLean,32
Sst_25,-0.3904886366916951,0.31508155767407,0.22411266424301526,McLean,32
Sst_2,-0.31688208751429026,0.1686515143059224,0.06926246907959754,McLean,32
Pvalb_6,0.12590315976957145,0.14838389373976618,0.40237678728911064,McLean,32
Pvalb_5,-0.2434596314843122,0.20197025915226816,0.23675564137453337,McLean,32
Pvalb_8,0.19143553080156253,0.23865160050363574,0.42829833038065845,McLean,32
Pvalb_7,0.6509351259503952,0.20199835982415568,0.002890920118445006,McLean,32
Pvalb_1,0.365300192171784,0.19484598143680149,0.06984181748584266,McLean,32
Pvalb_3,0.14387223504258795,0.1966622570439578,0.4696807653428152,McLean,32
Pvalb_2,0.06399112566154469,0.14169255578839846,0.6545468121579288,McLean,32
Pvalb_15,0.11077018915254831,0.11182006641779964,0.32920411977991415,McLean,32
Pvalb_14,0.43783887628039714,0.17626787563209995,0.01833858456488435,McLean,32
Pvalb_12,-0.2007182202654132,0.2546470803027158,0.436287133518116,McLean,32
Pvalb_10,0.22059465590585015,0.25219862975995416,0.38817192818054813,McLean,32
Pvalb_13,0.05024502381087652,0.22382668408019732,0.8237897344318981,McLean,32
Pvalb_9,0.19697247951159944,0.16126883698279096,0.23073614882782537,McLean,32
Chandelier_1,0.09886322951124916,0.16742975609627422,0.5589613285137537,McLean,32
Chandelier_2,0.09370450934621852,0.31731267927582696,0.7696407833249738,McLean,32
L2/3 IT_1,0.010466583893404742,0.18140871564577385,0.9543444405594244,McLean,32
L2/3 IT_2,0.5444245190681473,0.42206481347878827,0.20619893499635078,McLean,32
L2/3 IT_6,-0.04465410380796817,0.2314136006052682,0.8481909886464571,McLean,32
L2/3 IT_7,0.5240506937874276,0.41553806853769243,0.2162497332722376,McLean,32
L2/3 IT_5,-0.12337028433137479,0.13511612143576823,0.3679399187448936,McLean,32
L2/3 IT_13,0.08364297800222374,0.23975604577603593,0.729442413722927,McLean,32
L2/3 IT_10,-0.13633408322094817,0.3417716727900102,0.6925766290871636,McLean,32
L2/3 IT_8,0.09712113201895153,0.37500173536596215,0.7972797866949827,McLean,32
L2/3 IT_12,-0.18451608732605723,0.3433377008212576,0.5946444843044549,McLean,32
L6 IT_1,0.34943544434054197,0.222225752073191,0.12554930151033666,McLean,32
L6 IT_2,0.16859075434440915,0.17218768984337912,0.3347681082200322,McLean,32
L4 IT_2,-0.2123137431993066,0.13337864944467231,0.12112170542780781,McLean,32
L4 IT_3,0.1330124287007092,0.256787455117199,0.6079811002952061,McLean,32
L4 IT_4,-0.1624937735122064,0.1827327680013663,0.3804167837736151,McLean,32
L5 IT_1,-0.09807566012966824,0.13958958029460158,0.4873142809825194,McLean,32
L5 IT_3,0.14369348109759345,0.154620922834206,0.3595804610441363,McLean,32
L2/3 IT_3,-0.5951159523287175,0.27426331938827536,0.037442394333894,McLean,32
L4 IT_1,-0.22021431106616732,0.13864204887922296,0.12189963218552334,McLean,32
L5 IT_2,0.02884427440874018,0.13790870927978338,0.8356346719870691,McLean,32
L5 IT_5,-0.1225048150109964,0.1664791014458534,0.4671031122590156,McLean,32
L5 IT_6,0.04040451405640566,0.20867969895928692,0.8476803661724904,McLean,32
L5 IT_7,0.01990399911656605,0.27746799472754513,0.9432535331496321,McLean,32
L5 ET_1,0.5390165279683169,0.3519943736810906,0.1353805085725165,McLean,32
L5 ET_2,0.007695198535578162,0.19950860205167545,0.9694689048273406,McLean,32
L6 CT_1,0.512307578582732,0.2675620492815461,0.064377397547263,McLean,32
L6 CT_2,0.1619275573264133,0.18750505141604648,0.39415058764207955,McLean,32
L6 CT_3,0.15977819401074575,0.20833240368047723,0.4486613908562924,McLean,32
L6b_1,0.7434090683086144,0.3783627288914313,0.05804604372631328,McLean,32
L6b_2,0.20476827770615774,0.25975237223916925,0.4362295180510869,McLean,32
L6b_3,1.088173427143602,0.4444469605775346,0.019930426321126102,McLean,32
L6b_4,0.1239501408309168,0.2202083745495845,0.5773870229537394,McLean,32
L6b_5,0.11129565224067377,0.3912872267039508,0.7778843248171219,McLean,32
L6b_6,0.03706496178462257,0.17433928773575227,0.832966787519939,McLean,32
L6 IT Car3_1,0.7338600808020193,0.5043123632819794,0.1552274134935263,McLean,32
L6 IT Car3_2,0.5985697710315643,0.567895044178291,0.29966025895483805,McLean,32
L6 IT Car3_3,0.20754344318472479,0.1449085232425887,0.16163768792560665,McLean,32
L5/6 NP_1,-0.14163361068138072,0.1534187310186998,0.3627247004825933,McLean,32
L5/6 NP_2,0.8640753829710126,0.30622393706490136,0.008088903642416437,McLean,32
L5/6 NP_6,1.0045109421524188,0.3101179665148605,0.002766698629243988,McLean,32
L5/6 NP_4,0.6693952083554654,0.36777708005882875,0.07797588892772135,McLean,32
Lamp5_Lhx6_1,0.10767475821705279,0.15176309758092563,0.48254357826450867,MSSM 1,35
Lamp5_1,0.5987896520057288,0.2590102648804485,0.0265593765212714,MSSM 1,35
Lamp5_2,0.02246120552150097,0.17534605553049587,0.8987784398974956,MSSM 1,35
Lamp5_3,0.20206074538775903,0.29692187548005095,0.5004865324628793,MSSM 1,35
Lamp5_4,0.439918960386908,0.2594133875363118,0.09846616424989747,MSSM 1,35
Lamp5_5,-0.10603366195485375,0.2541831979196887,0.6790179000569153,MSSM 1,35
Lamp5_6,0.4308405533012296,0.3089329913298863,0.17159555193970938,MSSM 1,35
Pax6_1,-0.12586305151590232,0.27836539717152314,0.6538462232353559,MSSM 1,35
Pax6_2,0.7043666572244489,0.28040919265743286,0.016582222820556845,MSSM 1,35
Pax6_3,0.24941547023321803,0.271264968155446,0.36391752625670215,MSSM 1,35
Pax6_4,0.19429677834968417,0.21735843737965713,0.37725334397676213,MSSM 1,35
Sncg_3,0.23101621789073595,0.25903702674580653,0.3783489898359128,MSSM 1,35
Sncg_6,-0.31307932844230235,0.2459140207697236,0.21105242013101233,MSSM 1,35
Sncg_2,0.22897382132397098,0.237657706128905,0.3416798654352483,MSSM 1,35
Sncg_1,-0.018970428993132685,0.28284242327189035,0.9468928561272272,MSSM 1,35
Sncg_8,0.2612686141724406,0.280464492239898,0.357709287359107,MSSM 1,35
Sncg_4,0.10836821840679281,0.2840594808101102,0.7050535703669499,MSSM 1,35
Sncg_5,0.29184988898636066,0.26017746734477615,0.2693281169431106,MSSM 1,35
Vip_14,0.22451063715046074,0.28379026097248244,0.43400674991756794,MSSM 1,35
Vip_15,-0.54045688291515,0.21390534151582233,0.016005655855551488,MSSM 1,35
Vip_16,0.08684413333164692,0.27515612217163415,0.7540969965022866,MSSM 1,35
Vip_4,0.11214434526323849,0.2359444544513068,0.6374158922668506,MSSM 1,35
Vip_5,0.11736792708559741,0.2812330050576912,0.6788882269923807,MSSM 1,35
Vip_6,-0.1317544445657752,0.2755095617186618,0.6353554720434356,MSSM 1,35
Vip_9,0.5217068528526433,0.2711456295007754,0.06219752707081831,MSSM 1,35
Vip_2,-0.1757835457382527,0.3208117885157255,0.5870854146802496,MSSM 1,35
Vip_11,-0.03076493039683471,0.26277267195603893,0.9074423854246526,MSSM 1,35
Vip_13,-0.02299155649802531,0.2708144244413038,0.9328083020071218,MSSM 1,35
Vip_1,0.24972836220192682,0.24480844609753757,0.3144212552524964,MSSM 1,35
Vip_12,-0.916642507214432,0.31887872494682895,0.006720613800389973,MSSM 1,35
Vip_18,-0.26083428173719037,0.28442612935650224,0.36515618814048423,MSSM 1,35
Vip_19,-0.15109954171933748,0.21965450420180874,0.49588270112594457,MSSM 1,35
Vip_21,0.1093184238433323,0.24926881072725124,0.6635775129130266,MSSM 1,35
Vip_23,0.024857948700262606,0.22428498661991447,0.9123590330049328,MSSM 1,35
Sst Chodl_1,0.26532052678167317,0.26191606322542443,0.31775387080661854,MSSM 1,35
Sst_1,0.2300520710309413,0.24635551383088747,0.35655544104021,MSSM 1,35
Sst_4,0.10688441945528611,0.285335089127277,0.7101391111634031,MSSM 1,35
Sst_5,-0.4140047788474532,0.25916266406759486,0.11881516792429589,MSSM 1,35
Sst_7,0.04070925410239297,0.305970953888681,0.894887839071884,MSSM 1,35
Sst_3,-0.22403511135160584,0.3716328278736295,0.550356494884064,MSSM 1,35
Sst_19,-0.38846162817596464,0.2972266915721349,0.19943289129209865,MSSM 1,35
Sst_9,-0.4020882915634826,0.29389067077468184,0.17965801692173378,MSSM 1,35
Sst_10,-0.09206318374572821,0.25062167689464354,0.715495179691262,MSSM 1,35
Sst_13,-0.19899825700920867,0.3091305638573068,0.5237864758315272,MSSM 1,35
Sst_12,-0.2025203097199301,0.2751665341631325,0.46645686172630463,MSSM 1,35
Sst Chodl_2,0.21639858474217283,0.2495056855455617,0.3914598445336448,MSSM 1,35
Sst_11,0.09516674829401138,0.40142867161289997,0.8139328563942817,MSSM 1,35
Sst_20,0.15416299236577413,0.2525402811965558,0.5453608311314921,MSSM 1,35
Sst_22,-0.42982936811707295,0.3029885313078264,0.16452026230692943,MSSM 1,35
Sst_23,-0.2619924295024312,0.3485747910847344,0.45712246798195133,MSSM 1,35
Sst_25,-0.4668326690402187,0.32199761325524906,0.1556841846855475,MSSM 1,35
Sst_2,-0.4459019156412879,0.2494695598897668,0.0822099389543488,MSSM 1,35
Pvalb_6,0.16064055515315404,0.29241580762917924,0.5861187227815272,MSSM 1,35
Pvalb_5,-0.18952583580955965,0.25284610392249585,0.45833569538688945,MSSM 1,35
Pvalb_8,-0.46868214529529434,0.3566004634234321,0.19697322981721113,MSSM 1,35
Pvalb_7,0.3868298397956037,0.2990960148009014,0.20405260272208642,MSSM 1,35
Pvalb_1,-0.18292203450462421,0.21850874875230447,0.4079828679010954,MSSM 1,35
Pvalb_3,-0.30553620390688396,0.2819193394472295,0.2855995174389262,MSSM 1,35
Pvalb_2,0.1872220704455521,0.25897775681002133,0.47434882036642634,MSSM 1,35
Pvalb_15,-0.34132640371569506,0.23245006501131382,0.1505969362530938,MSSM 1,35
Pvalb_14,0.24834326246291524,0.2964431542289928,0.40764732956061955,MSSM 1,35
Pvalb_12,0.26173274615836817,0.32027142873436504,0.419123839334297,MSSM 1,35
Pvalb_10,0.39690426505137427,0.2500334678852214,0.12107919945851822,MSSM 1,35
Pvalb_13,-0.3852540285267223,0.2522920096987503,0.13540878044760984,MSSM 1,35
Pvalb_9,0.14952257935618662,0.2582516092328365,0.5661717953430676,MSSM 1,35
Chandelier_1,0.05313744108402145,0.2481551546700842,0.8316419122691427,MSSM 1,35
Chandelier_2,0.36913054914770227,0.3584947775754649,0.3099660639410707,MSSM 1,35
L2/3 IT_1,0.2702893021050756,0.2711719933720929,0.32547485697948353,MSSM 1,35
L2/3 IT_2,0.26653382621738264,0.2687931725934788,0.32794781566331066,MSSM 1,35
L2/3 IT_6,-0.5342957513576914,0.3397200207787348,0.12443718571579847,MSSM 1,35
L2/3 IT_7,0.844494347388524,0.33955785375481684,0.01760214947319264,MSSM 1,35
L2/3 IT_5,-0.17093144725574577,0.31659168113262637,0.5925493335998979,MSSM 1,35
L2/3 IT_13,0.3130508106764422,0.39187220256931593,0.4295587678035684,MSSM 1,35
L2/3 IT_10,-0.5435280566392511,0.3830893081819952,0.16447102311477707,MSSM 1,35
L2/3 IT_8,0.40099900203758937,0.2759686399632078,0.1547825386971296,MSSM 1,35
L2/3 IT_12,0.6436385047799487,0.3945588787162076,0.11146155781104407,MSSM 1,35
L6 IT_1,0.3557575570694225,0.3358090893412017,0.29640198533218115,MSSM 1,35
L6 IT_2,0.07821487479249464,0.38460984054510816,0.8399860901721372,MSSM 1,35
L4 IT_2,0.066263842768024,0.20016249727654298,0.7425066401496876,MSSM 1,35
L4 IT_3,0.8253728258285442,0.3188801888084358,0.013778437623056757,MSSM 1,35
L4 IT_4,0.5832728600676805,0.25842788244375586,0.030108767899308206,MSSM 1,35
L5 IT_1,0.12885158490098508,0.2861469927489879,0.6551683525168377,MSSM 1,35
L5 IT_3,-0.06343411139647866,0.2647452801983152,0.8119824359200645,MSSM 1,35
L2/3 IT_3,-0.6721604901253075,0.31991705186871333,0.04263021419594061,MSSM 1,35
L4 IT_1,0.4756137499546875,0.26326599641441034,0.0791070559985595,MSSM 1,35
L5 IT_2,0.15282024946074965,0.19880945537021275,0.44704871938304225,MSSM 1,35
L5 IT_5,-0.49461866641514607,0.33229768230580575,0.14524568903339824,MSSM 1,35
L5 IT_6,0.41280105414665674,0.33834077379871974,0.23028993906021372,MSSM 1,35
L5 IT_7,-0.338769218275867,0.3268627135069794,0.30684616765880207,MSSM 1,35
L5 ET_1,0.39305928056647443,0.253678743650506,0.12993668870694491,MSSM 1,35
L5 ET_2,0.12674724816666785,0.25141603115590894,0.6172084514400638,MSSM 1,35
L6 CT_1,1.6790880513853326,0.3861783058977655,1.0623499605582197e-4,MSSM 1,35
L6 CT_2,0.26486982811435955,0.3568114447367208,0.4626589967545721,MSSM 1,35
L6 CT_3,0.2941602218525379,0.3411862084736904,0.3942445239363064,MSSM 1,35
L6b_1,1.1232529415664692,0.2965584282485298,5.517012192165888e-4,MSSM 1,35
L6b_2,1.0124162409418163,0.31096638881100985,0.00245012744999695,MSSM 1,35
L6b_3,0.3275335266888744,0.2733122871270631,0.2385187634743741,MSSM 1,35
L6b_4,0.371252490290637,0.31650212376071757,0.24842780971987852,MSSM 1,35
L6b_6,-0.12410843189456428,0.3826404585766987,0.7475334135566734,MSSM 1,35
L6 IT Car3_1,-0.19348382725164437,0.328325672341416,0.5593005051983428,MSSM 1,35
L6 IT Car3_2,0.1485523509751278,0.28156113655068515,0.6009798469829213,MSSM 1,35
L6 IT Car3_3,0.315866365727323,0.36604487904148997,0.39383856892598357,MSSM 1,35
L5/6 NP_1,0.1686696788909772,0.3118450873504608,0.5918906979299123,MSSM 1,35
L5/6 NP_2,-0.15528490241829648,0.33484796733315164,0.6455926730812243,MSSM 1,35
L5/6 NP_4,1.2418089067926854,0.2645380691078425,3.735622622956293e-5,MSSM 1,35
Lamp5_Lhx6_1,-0.0085609565973533,0.08209977463200883,0.9170600452977625,MSSM 2,185
Lamp5_1,-0.011949373673312776,0.15114819927334372,0.9370694368698866,MSSM 2,185
Lamp5_2,-0.0037429855166171222,0.08493633818138942,0.9648959403468768,MSSM 2,185
Lamp5_3,0.15226463266460696,0.12329953687017242,0.2183721924561496,MSSM 2,185
Lamp5_4,-0.026405485408405642,0.12959823708150575,0.8387658097020144,MSSM 2,185
Lamp5_5,0.06868573578313002,0.11014781766934396,0.5336457204948579,MSSM 2,185
Lamp5_6,0.17488862513779482,0.147949105533173,0.23863478992267098,MSSM 2,185
Pax6_1,-0.05260591777808429,0.10542589648186163,0.6183618996545839,MSSM 2,185
Pax6_2,-0.003776631233554799,0.15025813753018566,0.9799739808146061,MSSM 2,185
Pax6_3,0.06381740898522695,0.13921559846938866,0.6471789954438885,MSSM 2,185
Pax6_4,-0.15702693279963695,0.14687173437644474,0.2863487294258737,MSSM 2,185
Sncg_3,0.11008378316185402,0.12197447719030875,0.36791537270546404,MSSM 2,185
Sncg_6,0.0444075612192685,0.09837789809298599,0.6522128602658168,MSSM 2,185
Sncg_2,-0.11345026116775313,0.15252705272326922,0.4579051183352829,MSSM 2,185
Sncg_1,-8.671277966459861e-4,0.11437260223139413,0.9939586925928621,MSSM 2,185
Sncg_8,-0.1682082697139981,0.10994537233180135,0.127682601829278,MSSM 2,185
Sncg_4,-0.044473507967275706,0.11226891577393894,0.6924466639830282,MSSM 2,185
Sncg_5,-0.07865603199158983,0.11623415653062329,0.49940949778313815,MSSM 2,185
Vip_14,0.11813116373433885,0.10731546219398538,0.27237010686771496,MSSM 2,185
Vip_15,0.05874767822926014,0.07725976512905736,0.4479542096553779,MSSM 2,185
Vip_16,0.06721903558633492,0.11178996366041515,0.5483517631606282,MSSM 2,185
Vip_4,-0.10934391785498519,0.07984085988170747,0.17243702335519356,MSSM 2,185
Vip_5,-0.22011336926418584,0.1320707965414312,0.0972197591254477,MSSM 2,185
Vip_6,-0.011093755071274747,0.10269347142149371,0.9140865179410957,MSSM 2,185
Vip_9,-0.10350926296663046,0.10015156612374179,0.3026590786154302,MSSM 2,185
Vip_2,-0.010916274507121196,0.09291094321938116,0.9065932758276108,MSSM 2,185
Vip_11,-0.11804256166128378,0.09005292377842845,0.19148812976635635,MSSM 2,185
Vip_13,-0.17141751039588995,0.12155695306168376,0.16010530501055836,MSSM 2,185
Vip_1,-0.04208871181394244,0.09184118460473725,0.647272159716321,MSSM 2,185
Vip_12,0.020275009342538772,0.10222989263233362,0.8429988052048695,MSSM 2,185
Vip_18,-0.10080643117239649,0.10196955360474633,0.3241075384553659,MSSM 2,185
Vip_19,-0.017447596016558372,0.067543591027078,0.7964399404144391,MSSM 2,185
Vip_21,-0.09792544561463891,0.09972183377967213,0.3273437431500703,MSSM 2,185
Vip_23,0.033301413100879466,0.08046164677165507,0.6794248881912566,MSSM 2,185
Sst Chodl_1,-0.13469203070263935,0.12497436460516897,0.2824956554148167,MSSM 2,185
Sst_1,0.1115143848873687,0.10109155039289945,0.27136454440403196,MSSM 2,185
Sst_4,0.08155996274572029,0.10911162740128755,0.45568261548320776,MSSM 2,185
Sst_5,0.091172518822481,0.11560544200646766,0.43128881342244085,MSSM 2,185
Sst_7,0.0999733659626886,0.11293642959150772,0.3771474121548154,MSSM 2,185
Sst_3,-0.05112238341128714,0.12198586690426416,0.6756233352025129,MSSM 2,185
Sst_19,0.028638374039529634,0.10263100995618123,0.7805131378366408,MSSM 2,185
Sst_9,0.04475113850044093,0.09961679765926656,0.6537708664726899,MSSM 2,185
Sst_10,0.0689803760574678,0.10541551433847463,0.5136595866720276,MSSM 2,185
Sst_13,-0.24197015164338662,0.10487335860276192,0.022107846118602097,MSSM 2,185
Sst_12,0.15448730963051174,0.10924106466578391,0.15892808165528696,MSSM 2,185
Sst Chodl_2,0.046154725198724274,0.13166442246675114,0.7263120078934373,MSSM 2,185
Sst_11,-0.04448681664392529,0.12931916821114878,0.7312171679846302,MSSM 2,185
Sst_20,-0.019360690560065338,0.13570857375410464,0.8867055177425385,MSSM 2,185
Sst_22,-0.14624501245382296,0.13152197456118567,0.26755417476287546,MSSM 2,185
Sst_23,0.04396413470332451,0.12995406151122063,0.7355032195299831,MSSM 2,185
Sst_25,-0.04870349646012197,0.15448290945291485,0.7529010168138547,MSSM 2,185
Sst_2,-0.1386578175846068,0.10383962125968538,0.1833582632416244,MSSM 2,185
Pvalb_6,-0.12797843183652655,0.09276428324505477,0.16931330392209476,MSSM 2,185
Pvalb_5,0.032964056275102384,0.1044793999290957,0.7527192117125343,MSSM 2,185
Pvalb_8,0.014795631393769677,0.11373008624392925,0.8966281829233734,MSSM 2,185
Pvalb_7,0.00800212754626012,0.09888489779689567,0.9355870412900649,MSSM 2,185
Pvalb_1,-0.030127220366840655,0.0952523482448683,0.7521274871909129,MSSM 2,185
Pvalb_3,0.06894066278467743,0.09623158736507721,0.47461347353579864,MSSM 2,185
Pvalb_2,-0.2658683927228899,0.12794830283352437,0.03904656289895825,MSSM 2,185
Pvalb_15,-0.11826801478120337,0.08003600440690524,0.14113219349926936,MSSM 2,185
Pvalb_14,0.06274745644570735,0.10403317607479856,0.5471224127651177,MSSM 2,185
Pvalb_12,0.19849238322782173,0.11536270805265297,0.08693718876497256,MSSM 2,185
Pvalb_10,0.06093418513811746,0.09879992480615366,0.5381354439479806,MSSM 2,185
Pvalb_13,0.0861735647426627,0.10373373303454134,0.4071653298151796,MSSM 2,185
Pvalb_9,-0.08828214806104714,0.09844824351037493,0.3709835657842685,MSSM 2,185
Chandelier_1,0.008138810543611062,0.08666237533258905,0.9252754995332695,MSSM 2,185
Chandelier_2,0.009838666364253783,0.11847779221898803,0.9339045175992604,MSSM 2,185
L2/3 IT_1,-0.15425366549880853,0.10215133537220193,0.1326761473582473,MSSM 2,185
L2/3 IT_2,0.00392515948544726,0.13924905233775997,0.9775414733680019,MSSM 2,185
L2/3 IT_6,-0.17192691510083888,0.14883097119237768,0.24945278812917376,MSSM 2,185
L2/3 IT_7,-0.006026164670322665,0.1423884942943317,0.9662860373627356,MSSM 2,185
L2/3 IT_5,-0.06798426446920879,0.1426329115515038,0.6341624678217994,MSSM 2,185
L2/3 IT_13,-0.13687905875445483,0.14968964897540654,0.36164479006376593,MSSM 2,185
L2/3 IT_10,0.12467093120379756,0.195337499904698,0.5240829737989818,MSSM 2,185
L2/3 IT_8,-0.2577028221222621,0.1560382242233894,0.10026528276588736,MSSM 2,185
L2/3 IT_12,-0.07834958372309762,0.16348745409574997,0.6323144549849425,MSSM 2,185
L6 IT_1,0.0750444719206286,0.1287735500067863,0.5607372692072581,MSSM 2,185
L6 IT_2,0.12384048980718838,0.14721133766027436,0.40125942742878207,MSSM 2,185
L4 IT_2,0.06630384560696569,0.10066700915865505,0.5109134573176108,MSSM 2,185
L4 IT_3,-0.08635999097573974,0.14245843062708877,0.5450908313359022,MSSM 2,185
L4 IT_4,0.008906140809371882,0.10882182976405844,0.9348581000293003,MSSM 2,185
L5 IT_1,0.02559940423277624,0.10204195403996599,0.8021821026125294,MSSM 2,185
L5 IT_3,0.011123539294210531,0.10906318478831294,0.9188698088000566,MSSM 2,185
L2/3 IT_3,0.10245852622714115,0.13449423911844563,0.4471114482146272,MSSM 2,185
L4 IT_1,0.007895075445377403,0.12002078415330995,0.9476207725480486,MSSM 2,185
L5 IT_2,0.018876446309939805,0.12369716193492943,0.8788724785203157,MSSM 2,185
L5 IT_5,0.0943821534642955,0.1503130932598503,0.53081385881677,MSSM 2,185
L5 IT_6,0.05111359819323476,0.14234182865125422,0.7199223682142439,MSSM 2,185
L5 IT_7,0.13285352034985964,0.12273521530561717,0.2804159256562941,MSSM 2,185
L5 ET_1,0.04146762996899186,0.1492968242284565,0.7815011803359786,MSSM 2,185
L5 ET_2,0.14372339970937587,0.12513810430283376,0.25218496501252335,MSSM 2,185
L6 CT_1,-0.11660090191850332,0.14900130273239942,0.43485672090611993,MSSM 2,185
L6 CT_2,-0.09383887251615702,0.12579405049541084,0.4565974180479826,MSSM 2,185
L6 CT_3,0.1153523981185271,0.1335927183075548,0.3889612540681454,MSSM 2,185
L6 CT_4,0.06632480950925455,0.1452306744661616,0.6484135255073642,MSSM 2,185
L6b_1,0.49391980501574945,0.16948540622433336,0.003989590619497654,MSSM 2,185
L6b_2,0.11271925829048378,0.1329997639584063,0.3977645680454204,MSSM 2,185
L6b_4,0.3896959692076158,0.11805633909930038,0.0011491025037244401,MSSM 2,185
L6b_5,-0.004896270820583334,0.14344765436565676,0.9728067428353725,MSSM 2,185
L6b_6,0.2465622195579167,0.14446763031422946,0.08949706621952772,MSSM 2,185
L6 IT Car3_1,9.850787781896026e-5,0.12288986687715135,0.9993612530285011,MSSM 2,185
L6 IT Car3_2,0.03446075487416553,0.13641692111184028,0.8008374099308987,MSSM 2,185
L6 IT Car3_3,-0.1777326895504784,0.12487202989236519,0.1562683265511392,MSSM 2,185
L5/6 NP_1,0.09595043326652805,0.13356930852518506,0.4734113728764171,MSSM 2,185
L5/6 NP_2,0.25637817010069675,0.1403817047288697,0.06936074532514475,MSSM 2,185
L5/6 NP_3,0.0662520601768174,0.14294480992209288,0.6435458410205211,MSSM 2,185
L5/6 NP_6,0.010109605570319266,0.1450355086221025,0.9445015976595705,MSSM 2,185
L5/6 NP_4,-0.03680230350143559,0.12294714965468753,0.765009054880111,MSSM 2,185
Lamp5_Lhx6_1,-0.15384488049577616,0.5207200047311435,0.7707688429401667,Multiome,11
Lamp5_1,0.13127697376105535,0.47070886123350963,0.7832573700840852,Multiome,11
Lamp5_2,-0.2459539447415951,0.4684143486015008,0.6054353168153546,Multiome,11
Lamp5_3,0.5128521809355107,0.4657923198844719,0.28425908131341665,Multiome,11
Lamp5_4,0.3391622411101789,0.5350676067216663,0.5335161543441271,Multiome,11
Lamp5_5,-0.12294592792776954,0.5008588772282867,0.8086516432706504,Multiome,11
Lamp5_6,0.19491269282194343,0.49426209437981344,0.6975921230347023,Multiome,11
Pax6_1,-0.12230094331193316,0.5056994551437577,0.8114196924849988,Multiome,11
Pax6_2,0.3848833024863381,0.5186151950169913,0.46683085152881676,Multiome,11
Pax6_3,-0.18413464099760354,0.4799393780299504,0.7053706507429525,Multiome,11
Pax6_4,-0.4701041327449234,0.4999945175550467,0.3585821067901055,Multiome,11
Sncg_3,-1.4092827490828783,0.5723339066441645,0.02323918710006428,Multiome,11
Sncg_6,-0.06284243101807066,0.5242069044646049,0.9058012400880633,Multiome,11
Sncg_2,-1.0324172646970047,0.6839063357256708,0.14714678823044255,Multiome,11
Sncg_1,-0.6968733774332819,0.5187891769897958,0.19457632975873684,Multiome,11
Sncg_8,-0.6281627794652352,0.4961254586362635,0.22034855283795027,Multiome,11
Sncg_4,-0.318399417938844,0.5740725286851477,0.5854378996488312,Multiome,11
Sncg_5,-0.17096699522382006,0.4846078881043663,0.7280188848883353,Multiome,11
Vip_14,-0.2343941772614764,0.8092750302864594,0.7751460586943002,Multiome,11
Vip_15,-0.17880393371075148,0.4325445664108654,0.6838310043436773,Multiome,11
Vip_16,-0.7846933718367876,0.564532494175162,0.1801629854674137,Multiome,11
Vip_4,-0.17465517234385378,0.4542146538473814,0.7047443304821674,Multiome,11
Vip_5,0.24554073664922793,0.45529644145245857,0.5957719937776924,Multiome,11
Vip_6,-1.0386201243603679,0.5412233510773309,0.06970429490170268,Multiome,11
Vip_9,-0.5113768117874159,0.466931033633279,0.2867483529766028,Multiome,11
Vip_2,-0.44472503767990484,0.4544666708599457,0.33975385335084396,Multiome,11
Vip_11,-0.6823876731396082,0.46513428874575113,0.15826344260929207,Multiome,11
Vip_13,-0.2739565287588746,0.405260506862728,0.5069613609851505,Multiome,11
Vip_1,-0.12369062364207585,0.4573072212260639,0.7896298285990152,Multiome,11
Vip_12,0.03194801143923405,0.5786634618549952,0.9565316675572615,Multiome,11
Vip_18,0.28453250722955475,0.4715536849449545,0.5531859857752481,Multiome,11
Vip_19,-0.183896893861337,0.5280144610468056,0.7313534027288913,Multiome,11
Vip_21,0.10489782543844522,0.5196739108780423,0.8421177526225853,Multiome,11
Vip_23,-0.4589634793083176,0.537488670164944,0.4035038012970944,Multiome,11
Sst Chodl_1,0.35192576576020973,0.7634291028291837,0.6499014938792942,Multiome,11
Sst_1,0.8314850293314714,0.7194856671592406,0.2617512996743003,Multiome,11
Sst_4,0.46274386834566555,0.4834918034081911,0.3502137622702055,Multiome,11
Sst_5,0.3348488089341285,0.5540948903097578,0.5525846040921484,Multiome,11
Sst_7,-0.01113944358071253,0.5646310470893732,0.9844598144386945,Multiome,11
Sst_3,-0.25067129054460174,0.4791017387882884,0.6067094121516226,Multiome,11
Sst_19,0.26827001547654694,0.4144508624649535,0.5249749892260698,Multiome,11
Sst_9,-0.367619737346088,0.5648650915715496,0.5227479157955995,Multiome,11
Sst_10,0.8294782675512556,0.5647316957495787,0.15779965275133806,Multiome,11
Sst_13,0.06639897561581123,0.49510589327194837,0.8946865122426785,Multiome,11
Sst_12,0.37135097261382455,0.5530638089628362,0.5097974409728504,Multiome,11
Sst Chodl_2,-0.6177788020611666,0.7757658304707444,0.4353976740349095,Multiome,11
Sst_11,-0.32481571065248394,0.46747405638254586,0.4953394074658777,Multiome,11
Sst_20,-0.37519576214716516,0.47624171435222157,0.4402494676120866,Multiome,11
Sst_22,-0.8744674486669759,0.4913918965826809,0.09070230650115343,Multiome,11
Sst_23,-0.40728636416984926,0.49766180229782986,0.42299581073334014,Multiome,11
Sst_25,-0.1599226216124595,0.45944309522814525,0.7315018128997803,Multiome,11
Sst_2,-1.0167934593062404,0.5455490705343997,0.0774448772144907,Multiome,11
Pvalb_6,-0.20718210383206875,0.49177165282054836,0.6781351723338851,Multiome,11
Pvalb_5,-0.46364911146774374,0.4508426060123709,0.3163195275611401,Multiome,11
Pvalb_8,-0.7271908083556466,0.4643510876080792,0.13338880064902284,Multiome,11
Pvalb_7,0.36842838940565664,0.7386512326112022,0.6234981358480157,Multiome,11
Pvalb_1,0.37564181109386585,0.5064893956898516,0.4671143921975308,Multiome,11
Pvalb_3,-0.018217979518732982,0.5236412464540576,0.972599319672835,Multiome,11
Pvalb_2,-0.247324894528006,0.4548292784659568,0.5927458126158045,Multiome,11
Pvalb_15,-0.4854298409277515,0.5770824640807087,0.41042202991110643,Multiome,11
Pvalb_14,-0.9368343123673504,0.6045400684490013,0.13726429370957857,Multiome,11
Pvalb_12,0.1069912236167131,0.652861076322137,0.871508115555838,Multiome,11
Pvalb_10,0.6455446597211585,0.5066208060981269,0.21753059740356448,Multiome,11
Pvalb_13,0.795692310039761,0.5754322435813121,0.18233138565214596,Multiome,11
Pvalb_9,0.19619612955722313,0.9416796221420564,0.8371139967286045,Multiome,11
Chandelier_1,-0.17624006659088842,0.6157506603971432,0.7777216784930049,Multiome,11
Chandelier_2,0.1672444618766031,0.6201298153613621,0.79022372478593494,Multiome,11
L2/3 IT_1,-0.4982165060843126,0.4828280910025635,0.3147335326612744,Multiome,11
L2/3 IT_2,-0.7342736205356203,0.7206443246108023,0.32069272178466873,Multiome,11
L2/3 IT_6,-0.06491627510429598,0.4589266961325958,0.888960486286823,Multiome,11
L2/3 IT_7,0.5914548801106327,0.5752754756195323,0.3164484099642977,Multiome,11
L2/3 IT_5,-0.36170075674560975,0.6015238099793578,0.5545464432642075,Multiome,11
L2/3 IT_13,-0.38372742625681,0.46389754500603375,0.4181200151985318,Multiome,11
L2/3 IT_10,0.18744858687629676,0.6578349136602561,0.7786818064896869,Multiome,11
L2/3 IT_8,-0.06025045350019172,0.5746035812075823,0.9175589901332302,Multiome,11
L2/3 IT_12,-0.3085331537916171,0.4319129118940147,0.48346175236356026,Multiome,11
L6 IT_1,0.3611941148699001,0.5959970174435671,0.5514670739341248,Multiome,11
L6 IT_2,0.4288475573909916,0.5150526932614125,0.41511360642605566,Multiome,11
L4 IT_2,-0.1512019091182211,0.5452821847654165,0.7844683851449856,Multiome,11
L4 IT_3,-0.8828237657785983,0.6159363261767344,0.16757570447464742,Multiome,11
L4 IT_4,-0.029128008635489037,0.5022767097519246,0.95434387848839,Multiome,11
L5 IT_1,0.13550665222900507,0.5223221490105355,0.7980156973206145,Multiome,11
L5 IT_3,0.6843416107274706,0.5403088904681905,0.22019513574524344,Multiome,11
L2/3 IT_3,-0.5320623531704904,0.4408542842261596,0.24188020710253616,Multiome,11
L4 IT_1,-0.1833665258124866,0.7285820979881976,0.8039191176588528,Multiome,11
L5 IT_2,-0.10306169221669938,0.7436655038630696,0.8911952685447052,Multiome,11
L5 IT_5,0.18545734848066164,0.5460240310889826,0.7377426196896693,Multiome,11
L5 IT_6,-0.30685264996892936,0.5304273037827419,0.5695332776975528,Multiome,11
L5 IT_7,0.9435154139874123,0.595256698548505,0.12900161375958916,Multiome,11
L5 ET_1,1.5834107263383348,1.1692657491723555,0.1911270222074985,Multiome,11
L5 ET_2,0.8574561085344046,0.5528060404540238,0.13692137815943867,Multiome,11
L6 CT_1,1.0059132592071118,0.6569827474787613,0.14176893392859527,Multiome,11
L6 CT_2,0.9839885535596063,0.5746966169243051,0.10268483814101323,Multiome,11
L6 CT_3,0.5385977433149804,0.5761098588928589,0.3612549030978408,Multiome,11
L6 CT_4,0.055190503344228335,0.70150612244262045,0.9380916452018588,Multiome,11
L6b_1,1.40910974922006,0.6736091449759214,0.04972338605437211,Multiome,11
L6b_2,0.9043100253055552,0.6695434081849999,0.19224437228958233,Multiome,11
L6b_4,0.32303881921169897,0.6140341533446523,0.604743199407255,Multiome,11
L6b_5,0.2858808689600147,0.6160640552325283,0.6477433447473018,Multiome,11
L6b_6,0.36240659006138143,0.5303335264476964,0.5024036622705108,Multiome,11
L6 IT Car3_1,-0.8873725536670777,0.6926533390548819,0.2151448539141698,Multiome,11
L6 IT Car3_2,0.5840426851790975,0.6933054291906947,0.4097533395653007,Multiome,11
L6 IT Car3_3,0.48220058408027255,0.5493261544729269,0.3907140291478296,Multiome,11
L5/6 NP_1,0.3722433011946674,0.5062649607855321,0.4709050661891303,Multiome,11
L5/6 NP_2,-0.679341714702313,0.715681242441929,0.3540979633498399,Multiome,11
L5/6 NP_6,-0.9306217292705152,0.7191096173893262,0.21070455367801486,Multiome,11
L5/6 NP_4,0.901543546350226,0.6496522782924616,0.18083865620040304,Multiome,11
