cell_type,gene,mean,pct,scaled_mean
Sst_23,SST,1.5380698442459106,0.7483588621444202,0.23419005602672044
Sst_23,CALB1,0.9526312351226807,0.6258205689277899,0.5702942264262184
Sst_23,GAD1,1.712463617324829,0.8708971553610503,0.28276869546292216
Sst_23,GAD2,0.7553808093070984,0.5382932166301969,0.25634431576733746
Sst_23,SLC32A1,0.3518379330635071,0.32166301969365424,0.43508160161736587
Sst_23,SEMA3D,0.5659378170967102,0.4048140043763676,1.0
Sst_23,SNTG2,0.7367293834686279,0.4617067833698031,1.0
Sst_23,HTR2C,1.8874398469924927,0.8293216630196937,1.0
Sst_23,FREM2,0.14982286095619202,0.10940919037199125,0.24526484511574118
Sst_23,MSR1,1.3177186250686646,0.5536105032822757,0.8646243034534833
Sst_23,ANOS1,1.538679838180542,0.8140043763676149,0.992090813792108
Sst_23,ADAMTSL1,0.9030483961105347,0.42669584245076586,0.2920812396182658
Sst_23,ITPR2,0.5251815915107727,0.3479212253829322,0.24475557959925334
Sst_23,EYA2,0.2706795036792755,0.1772428884026258,0.12811937395049416
Sst_23,SYNDIG1,0.20318245887756348,0.15098468271334792,0.0883508427022251
Sst_23,MME,0.386660635471344,0.28227571115973743,0.3024638320521945
Sst_23,TAC1,0.19660282135009766,0.13347921225382933,0.09021350119465195
Sst_23,PLPP4,0.10071351379156113,0.087527352297593,0.20215808624391854
Sst_23,HPSE2,0.208546981215477,0.1137855579868709,0.17259644671807575
Sst_23,SEMA6D,1.7791423797607422,0.8402625820568927,0.9772025359314829
Sst_23,TRPC7,0.10635393112897873,0.08315098468271334,0.17404330249313107
Sst_23,ADGRG6,0.0027129699010401964,0.002188183807439825,0.0015931736015061674
Sst_23,PROM1,0.004509152844548225,0.00437636761487965,0.0
Sst_23,STK32A,0.04014770686626434,0.03938730853391685,0.022147939018326502
Sst_23,SYT9,0.01357321534305811,0.015317286652078774,0.007050064128006022
Sst_23,EDNRA,0.016298552975058556,0.01312910284463895,0.006846187365924618
Sst_23,QRFPR,0.012974959798157215,0.010940919037199124,0.007618878472740547
Sst_23,FREM1,0.17647263407707214,0.14660831509846828,0.0
Sst_23,SGCD,0.14888358116149902,0.12910284463894967,0.004714448516816398
Sst_23,BMP3,0.005461128428578377,0.00437636761487965,0.009035146681484871
Sst_23,NR2F2,0.005973810330033302,0.006564551422319475,0.0022389173612861364
Sst_23,NR2F2-AS1,0.00619919877499342,0.006564551422319475,0.0
Sst_23,ALDH1A3,0.014947994612157345,0.015317286652078774,0.03736798696680072
Sst_23,RGS5,0.20820371806621552,0.16192560175054704,0.16681480934164034
Sst_23,GPR149,0.0,0.0,0.0
Sst_23,SAMD3,0.005854570772498846,0.006564551422319475,0.0063446459092111425
Sst_23,PRR16,0.06657209247350693,0.0525164113785558,0.029802922980139594
Sst_23,TMEM200A,0.0,0.0,0.0
Sst_23,HCRTR2,0.00643025990575552,0.006564551422319475,0.006292865873562241
Sst_23,LINC00943,0.0058462414890527725,0.00437636761487965,0.009408556541609535
Sst_23,VCAN,0.07729997485876083,0.06564551422319474,0.0514984216668785
Sst_23,MAML3,0.031018659472465515,0.0262582056892779,0.006803496738514305
Sst_23,TH,0.0,0.0,0.0
Sst_23,WNT16,0.0,0.0,0.0
Sst_23,CPED1,0.019579343497753143,0.015317286652078774,0.03566092207956319
Sst_23,LYPD6,0.0,0.0,0.0
Sst_23,THSD7B,0.039916347712278366,0.03282275711159737,0.007988400263420127
Sst_25,SST,2.289539337158203,0.947178002894356,0.840612253536302
Sst_25,CALB1,1.6687546968460083,0.8986975397973951,1.0
Sst_25,GAD1,2.032287120819092,0.9623733719247467,0.5656657181139889
Sst_25,GAD2,0.4162181615829468,0.35672937771345875,0.0
Sst_25,SLC32A1,0.33290895819664,0.3227206946454414,0.3945356767987697
Sst_25,SEMA3D,0.02721375785768032,0.02604920405209841,0.04438868420448982
Sst_25,SNTG2,0.051867932081222534,0.03690303907380608,0.05455882642918091
Sst_25,HTR2C,0.5562782287597656,0.30028943560057886,0.28412164037713933
Sst_25,FREM2,0.6108615398406982,0.4761215629522431,1.0
Sst_25,MSR1,1.5235730409622192,0.7091172214182344,1.0
Sst_25,ANOS1,1.550858497619629,0.8813314037626628,1.0
Sst_25,ADAMTSL1,0.5301104187965393,0.26772793053545585,0.16547470008435902
Sst_25,ITPR2,1.7929736375808716,0.91027496382055,0.8707333856913564
Sst_25,EYA2,0.4579367935657501,0.3060781476121563,0.22211920453049616
Sst_25,SYNDIG1,0.9264845252037048,0.6541244573082489,0.4478072162175993
Sst_25,MME,0.10241424292325974,0.08755426917510854,0.07856972624659136
Sst_25,TAC1,0.2667131721973419,0.21201157742402316,0.12555309539259712
Sst_25,PLPP4,0.016986029222607613,0.01881331403762663,0.02974450257757743
Sst_25,HPSE2,0.02100152149796486,0.023154848046309694,0.0
Sst_25,SEMA6D,0.5347839593887329,0.4565846599131693,0.2668935516406983
Sst_25,TRPC7,0.12874147295951843,0.1085383502170767,0.21115662411221092
Sst_25,ADGRG6,0.0668254867196083,0.06874095513748191,0.0722178838987658
Sst_25,PROM1,0.01747599057853222,0.01881331403762663,0.012858993602218828
Sst_25,STK32A,0.044493962079286575,0.05065123010130246,0.025573295334508337
Sst_25,SYT9,0.028332749381661415,0.029667149059334298,0.01865618190325862
Sst_25,EDNRA,0.042282506823539734,0.045586107091172216,0.027680021024475535
Sst_25,QRFPR,0.00462397700175643,0.005065123010130246,0.0
Sst_25,FREM1,0.24807946383953094,0.22575976845151954,0.04343527141231589
Sst_25,SGCD,0.1983528435230255,0.17800289435600578,0.02208974827345629
Sst_25,BMP3,0.004385755397379398,0.005788712011577424,0.007255999166229483
Sst_25,NR2F2,0.009108766913414001,0.008683068017366137,0.0066436078218169246
Sst_25,NR2F2-AS1,0.032827943563461304,0.020984081041968163,0.01481611238119735
Sst_25,ALDH1A3,0.014807111583650112,0.017366136034732273,0.03701579824117595
Sst_25,RGS5,0.08733099699020386,0.08827785817655572,0.053687021513964775
Sst_25,GPR149,0.003299079369753599,0.00361794500723589,0.0033237605046444905
Sst_25,SAMD3,0.015006252564489841,0.015918958031837915,0.016262397816269366
Sst_25,PRR16,0.0237843319773674,0.02604920405209841,0.005187929277455186
Sst_25,TMEM200A,0.005016266368329525,0.005788712011577424,0.013102713509588443
Sst_25,HCRTR2,0.009706868790090084,0.01085383502170767,0.009499464134199293
Sst_25,LINC00943,0.0035879705101251602,0.00361794500723589,0.005774243755984446
Sst_25,VCAN,0.1638043075799942,0.14616497829232997,0.11178800452138768
Sst_25,MAML3,0.06220659241080284,0.057163531114327065,0.02026659560103823
Sst_25,TH,0.0005733933649025857,0.000723589001447178,0.000847831019420246
Sst_25,WNT16,0.0008925763540901244,0.000723589001447178,0.0018919403543370629
Sst_25,CPED1,0.01234840601682663,0.012301013024602027,0.022490822780824968
Sst_25,LYPD6,0.0026189121417701244,0.002894356005788712,0.0022265106503523203
Sst_25,THSD7B,0.026746567338705063,0.02894356005788712,0.0034146132074410317
Sst_11,SST,2.3768136501312256,0.9389920424403183,0.9110410349551324
Sst_11,CALB1,0.5395358204841614,0.376657824933687,0.32241869351202485
Sst_11,GAD1,1.5090752840042114,0.8196286472148541,0.10286336233471548
Sst_11,GAD2,0.8150636553764343,0.5384615384615384,0.3014535235216494
Sst_11,SLC32A1,0.23726686835289001,0.1909814323607427,0.1896700138892635
Sst_11,SEMA3D,0.1325317621231079,0.09549071618037135,0.23120617435929178
Sst_11,SNTG2,0.1229143813252449,0.09549071618037135,0.15263740599477538
Sst_11,HTR2C,1.867571234703064,0.830238726790451,0.9893149641794644
Sst_11,FREM2,0.0,0.0,0.0
Sst_11,MSR1,0.32475948333740234,0.16180371352785147,0.21162623746295492
Sst_11,ANOS1,1.1508923768997192,0.6790450928381963,0.7402500216510557
Sst_11,ADAMTSL1,2.8776471614837646,0.9496021220159151,0.9624262617379739
Sst_11,ITPR2,2.054777145385742,0.9416445623342176,1.0
Sst_11,EYA2,1.092349648475647,0.5517241379310345,0.540583179500226
Sst_11,SYNDIG1,1.6106417179107666,0.8196286472148541,0.7878099271929202
Sst_11,MME,1.024909257888794,0.6339522546419099,0.8051970534549585
Sst_11,TAC1,1.1890273094177246,0.6021220159151194,0.5904517435738363
Sst_11,PLPP4,0.014295728877186775,0.010610079575596816,0.024204573531807466
Sst_11,HPSE2,0.030951743945479393,0.01856763925729443,0.009157102715694712
Sst_11,SEMA6D,1.0625455379486084,0.5702917771883289,0.5681522442145752
Sst_11,TRPC7,0.146525576710701,0.11140583554376658,0.24063851932074848
Sst_11,ADGRG6,0.019130218774080276,0.015915119363395226,0.019677995459578455
Sst_11,PROM1,0.24034705758094788,0.17771883289124668,0.23387646011933969
Sst_11,STK32A,0.030229192227125168,0.026525198938992044,0.014330991991257487
Sst_11,SYT9,0.009392280131578445,0.010610079575596816,0.0037623975696838684
Sst_11,EDNRA,0.01130721066147089,0.010610079575596816,0.002844148411400748
Sst_11,QRFPR,0.00987932551652193,0.010610079575596816,0.004794628685279148
Sst_11,FREM1,0.19411808252334595,0.14854111405835543,0.010703376270090761
Sst_11,SGCD,0.1671491265296936,0.1246684350132626,0.01112993382709894
Sst_11,BMP3,0.00502320472151041,0.002652519893899204,0.008310625187364161
Sst_11,NR2F2,0.020062772557139397,0.01856763925729443,0.02203425291696734
Sst_11,NR2F2-AS1,0.0804096981883049,0.050397877984084884,0.041290384053271956
Sst_11,ALDH1A3,0.004950419068336487,0.005305039787798408,0.012375385463100701
Sst_11,RGS5,0.029968464747071266,0.026525198938992044,0.0
Sst_11,GPR149,0.003025562735274434,0.002652519893899204,0.003048197632353536
Sst_11,SAMD3,0.0,0.0,0.0
Sst_11,PRR16,0.026463765650987625,0.01856763925729443,0.006729357065172026
Sst_11,TMEM200A,0.003092194441705942,0.002652519893899204,0.008076951044987487
Sst_11,HCRTR2,0.012154057621955872,0.007957559681697613,0.011894364388919474
Sst_11,LINC00943,0.0,0.0,0.0
Sst_11,VCAN,0.0034093225840479136,0.002652519893899204,0.0
Sst_11,MAML3,0.0407198965549469,0.03183023872679045,0.010991293159279375
Sst_11,TH,0.0,0.0,0.0
Sst_11,WNT16,0.0,0.0,0.0
Sst_11,CPED1,0.0,0.0,0.0
Sst_11,LYPD6,0.0028102186042815447,0.002652519893899204,0.002389152943489732
Sst_11,THSD7B,0.021997394040226936,0.015915119363395226,0.0017652533287624218
Sst_22,SST,2.4252991676330566,0.9658119658119658,0.9501679647216364
Sst_22,CALB1,0.796466052532196,0.5726495726495726,0.4765882048013315
Sst_22,GAD1,1.7026904821395874,0.8803418803418803,0.2741239560498888
Sst_22,GAD2,1.1521562337875366,0.7735042735042735,0.5562332492458163
Sst_22,SLC32A1,0.1487189084291458,0.1581196581196581,0.0
Sst_22,SEMA3D,0.01379343867301941,0.008547008547008548,0.020583159549502558
Sst_22,SNTG2,0.04953364282846451,0.038461538461538464,0.051336374404599226
Sst_22,HTR2C,0.7148101329803467,0.3803418803418803,0.36937767389468373
Sst_22,FREM2,0.11110307276248932,0.08547008547008547,0.18187930572853386
Sst_22,MSR1,0.29811832308769226,0.1794871794871795,0.19410625563523062
Sst_22,ANOS1,1.4246776103973389,0.8034188034188035,0.9180543525410428
Sst_22,ADAMTSL1,2.988326072692871,0.9487179487179487,1.0
Sst_22,ITPR2,1.9186369180679321,0.8974358974358975,0.9327801739398427
Sst_22,EYA2,2.0075550079345703,0.9230769230769231,1.0
Sst_22,SYNDIG1,2.0376129150390625,0.9273504273504274,1.0
Sst_22,MME,0.4664527177810669,0.32905982905982906,0.3653141527157378
Sst_22,TAC1,1.0494780540466309,0.6794871794871795,0.5201110022161897
Sst_22,PLPP4,0.05569706857204437,0.05555555555555555,0.10945917519727773
Sst_22,HPSE2,0.02106165699660778,0.01282051282051282,0.0000553421735883204
Sst_22,SEMA6D,0.3621295094490051,0.2863247863247863,0.16833834040717865
Sst_22,TRPC7,0.2635878324508667,0.21794871794871795,0.4347004301649821
Sst_22,ADGRG6,0.2659270167350769,0.24358974358974358,0.29154304183752194
Sst_22,PROM1,0.18745635449886322,0.14957264957264957,0.18142564470064326
Sst_22,STK32A,0.025344042107462883,0.021367521367521368,0.010480923599565909
Sst_22,SYT9,0.07743977010250092,0.07264957264957266,0.057271348519437694
Sst_22,EDNRA,0.059592440724372864,0.042735042735042736,0.04155905905053594
Sst_22,QRFPR,0.010055828839540482,0.008547008547008548,0.004955658518641132
Sst_22,FREM1,0.33808156847953796,0.2863247863247863,0.09802874881784494
Sst_22,SGCD,0.25454068183898926,0.20512820512820512,0.04182484208348174
Sst_22,BMP3,0.026706818491220474,0.02564102564102564,0.04418501150810399
Sst_22,NR2F2,0.07241097092628479,0.0811965811965812,0.09558474838631638
Sst_22,NR2F2-AS1,0.6472390294075012,0.3547008547008547,0.35667164362881015
Sst_22,ALDH1A3,0.0,0.0,0.0
Sst_22,RGS5,0.06379345804452896,0.0641025641025641,0.03165765303340024
Sst_22,GPR149,0.0,0.0,0.0
Sst_22,SAMD3,0.008974158205091953,0.008547008547008548,0.009725368153718307
Sst_22,PRR16,0.01476625632494688,0.017094017094017096,0.0
Sst_22,TMEM200A,0.005354896653443575,0.004273504273504274,0.01398723105425727
Sst_22,HCRTR2,0.007551239803433418,0.01282051282051282,0.007389894025835304
Sst_22,LINC00943,0.005196485668420792,0.004273504273504274,0.008362882258721439
Sst_22,VCAN,0.013394724577665329,0.017094017094017096,0.006959370726201872
Sst_22,MAML3,0.06444557011127472,0.0641025641025641,0.021233109739440325
Sst_22,TH,0.008206350728869438,0.004273504273504274,0.012134076063749858
Sst_22,WNT16,0.0,0.0,0.0
Sst_22,CPED1,0.004532348830252886,0.004273504273504274,0.00825501317199912
Sst_22,LYPD6,0.0,0.0,0.0
Sst_22,THSD7B,0.03464951366186142,0.03418803418803419,0.006159259858457481
Sst_20,SST,2.4870502948760986,0.9744897959183674,1.0
Sst_20,CALB1,0.8005349040031433,0.5663265306122449,0.47902969577646687
Sst_20,GAD1,1.6997261047363281,0.8724489795918368,0.27150184250215453
Sst_20,GAD2,1.3988926410675049,0.7959183673469388,0.7427203990646157
Sst_20,SLC32A1,0.19348594546318054,0.18877551020408162,0.09589113677309782
Sst_20,SEMA3D,0.1162031963467598,0.09183673469387756,0.20224188000676088
Sst_20,SNTG2,0.13064633309841156,0.09948979591836735,0.1633112518414159
Sst_20,HTR2C,0.6573914885520935,0.34183673469387754,0.3384988050766077
Sst_20,FREM2,0.009988049045205116,0.01020408163265306,0.01635075773113793
Sst_20,MSR1,0.030489904806017876,0.025510204081632654,0.01810622482093617
Sst_20,ANOS1,0.41539156436920166,0.29846938775510207,0.26259376469968293
Sst_20,ADAMTSL1,1.7476528882980347,0.6811224489795918,0.5788110942734814
Sst_20,ITPR2,1.4977542161941528,0.7857142857142857,0.724967519524043
Sst_20,EYA2,0.5554019212722778,0.3163265306122449,0.2710449659650773
Sst_20,SYNDIG1,1.255426049232483,0.7525510204081632,0.6112798963477425
Sst_20,MME,1.2722227573394775,0.7653061224489796,1.0
Sst_20,TAC1,1.9171934127807617,0.9107142857142857,0.957488768643298
Sst_20,PLPP4,0.021480217576026917,0.02295918367346939,0.038999039766574456
Sst_20,HPSE2,0.07278231531381607,0.05102040816326531,0.04765341178783395
Sst_20,SEMA6D,0.8802348375320435,0.5433673469387755,0.46408501863216
Sst_20,TRPC7,0.294465571641922,0.23214285714285715,0.48588851835001157
Sst_20,ADGRG6,0.14588716626167297,0.1326530612244898,0.15931020986491715
Sst_20,PROM1,0.9000362753868103,0.5918367346938775,0.8880790965096995
Sst_20,STK32A,0.01204534713178873,0.012755102040816327,0.0
Sst_20,SYT9,0.030744973570108414,0.02806122448979592,0.020553027559646178
Sst_20,EDNRA,0.01856706105172634,0.015306122448979591,0.00866506836448129
Sst_20,QRFPR,0.01731649786233902,0.015306122448979591,0.011579807587578941
Sst_20,FREM1,0.25496426224708557,0.22448979591836735,0.04761145248950127
Sst_20,SGCD,0.2445833384990692,0.17857142857142858,0.038327481964252466
Sst_20,BMP3,0.010170312598347664,0.012755102040816327,0.016826241558751485
Sst_20,NR2F2,0.06531000882387161,0.061224489795918366,0.08560772344156878
Sst_20,NR2F2-AS1,0.29101109504699707,0.17091836734693877,0.15846804256787203
Sst_20,ALDH1A3,0.004836049862205982,0.00510204081632653,0.012089477746716313
Sst_20,RGS5,0.046706248074769974,0.04591836734693878,0.015665307971438475
Sst_20,GPR149,0.005156727973371744,0.00510204081632653,0.005195306584081533
Sst_20,SAMD3,0.002949317218735814,0.002551020408163265,0.0031961990304596416
Sst_20,PRR16,0.021429764106869698,0.02040816326530612,0.003833390674994953
Sst_20,TMEM200A,0.002217791508883238,0.002551020408163265,0.005792971232221855
Sst_20,HCRTR2,0.0,0.0,0.0
Sst_20,LINC00943,0.0026423160452395678,0.002551020408163265,0.004252369656469072
Sst_20,VCAN,0.0078072575852274895,0.007653061224489796,0.003065160533598085
Sst_20,MAML3,0.015258023515343666,0.012755102040816327,0.0
Sst_20,TH,0.0,0.0,0.0
Sst_20,WNT16,0.0034262589178979397,0.002551020408163265,0.007262434727823663
Sst_20,CPED1,0.0024964238982647657,0.002551020408163265,0.00454687247934515
Sst_20,LYPD6,0.001888577127829194,0.002551020408163265,0.0016056044882366218
Sst_20,THSD7B,0.038345228880643845,0.03571428571428571,0.007442759958745461
Sst_2,SST,2.120654344558716,0.8773841961852861,0.7043251396820022
Sst_2,CALB1,0.4599221646785736,0.34877384196185285,0.2746469762265018
Sst_2,GAD1,2.239184617996216,0.9482288828337875,0.7486750507799225
Sst_2,GAD2,1.6125801801681519,0.8501362397820164,0.9042287089163342
Sst_2,SLC32A1,0.44177383184432983,0.37057220708446864,0.6277245849858386
Sst_2,SEMA3D,0.2617732882499695,0.19618528610354224,0.4604602102974035
Sst_2,SNTG2,0.4256100654602051,0.27520435967302453,0.5705043515844678
Sst_2,HTR2C,0.04862985014915466,0.035422343324250684,0.01111610628771417
Sst_2,FREM2,0.01241956278681755,0.005449591280653951,0.020331223979261077
Sst_2,MSR1,0.011709896847605705,0.010899182561307902,0.005755959476937899
Sst_2,ANOS1,0.1673901379108429,0.1226158038147139,0.10153421036263639
Sst_2,ADAMTSL1,0.10184434056282043,0.06267029972752043,0.020085146155189436
Sst_2,ITPR2,0.060694411396980286,0.051771117166212535,0.015413025458112592
Sst_2,EYA2,0.03808728978037834,0.035422343324250684,0.011362217452187325
Sst_2,SYNDIG1,0.5368056297302246,0.3896457765667575,0.254150141084602
Sst_2,MME,0.6320710778236389,0.4359673024523161,0.49576778589755327
Sst_2,TAC1,1.1470675468444824,0.5776566757493188,0.5693016428531695
Sst_2,PLPP4,0.48816150426864624,0.3923705722070845,1.0
Sst_2,HPSE2,1.1076140403747559,0.5395095367847411,1.0
Sst_2,SEMA6D,1.8190802335739136,0.8692098092643051,1.0
Sst_2,TRPC7,0.235368013381958,0.17438692098092642,0.38791855348265936
Sst_2,ADGRG6,0.22168311476707458,0.1771117166212534,0.24280508996841757
Sst_2,PROM1,0.5299837589263916,0.33787465940054495,0.5211042766445421
Sst_2,STK32A,0.06603939831256866,0.0681198910081744,0.04255361344041341
Sst_2,SYT9,0.042675990611314774,0.0326975476839237,0.029934949007614228
Sst_2,EDNRA,0.021846074610948563,0.01907356948228883,0.011294168749100464
Sst_2,QRFPR,0.08520490676164627,0.0653950953678474,0.07351665379141303
Sst_2,FREM1,0.2211378812789917,0.17983651226158037,0.02709304603135306
Sst_2,SGCD,0.13546106219291687,0.11989100817438691,0.0
Sst_2,BMP3,0.0,0.0,0.0
Sst_2,NR2F2,0.031407684087753296,0.027247956403269755,0.03797413031730213
Sst_2,NR2F2-AS1,0.04788896068930626,0.02997275204359673,0.023195993749405685
Sst_2,ALDH1A3,0.015432809479534626,0.01634877384196185,0.03857995928252066
Sst_2,RGS5,0.10455787926912308,0.08991825613079019,0.06981008936610965
Sst_2,GPR149,0.005057451315224171,0.0027247956403269754,0.005095287215523983
Sst_2,SAMD3,0.005387585144490004,0.005449591280653951,0.005838569790305145
Sst_2,PRR16,0.026688050478696823,0.027247956403269755,0.006858383907373026
Sst_2,TMEM200A,0.0,0.0,0.0
Sst_2,HCRTR2,0.0,0.0,0.0
Sst_2,LINC00943,0.0634903758764267,0.04904632152588556,0.10217723513473743
Sst_2,VCAN,0.04444747790694237,0.035422343324250684,0.02860172649974735
Sst_2,MAML3,0.039179012179374695,0.0326975476839237,0.010326129529324712
Sst_2,TH,0.0,0.0,0.0
Sst_2,WNT16,0.004045505076646805,0.0027247956403269754,0.008575013524737319
Sst_2,CPED1,0.006500109098851681,0.005449591280653951,0.011839001859761538
Sst_2,LYPD6,0.0037155298050493,0.0027247956403269754,0.003158817949903522
Sst_2,THSD7B,0.018365774303674698,0.01907356948228883,0.000504013211454828
Sst_3,SST,2.299787759780884,0.9402347918890075,0.8488825439825147
Sst_3,CALB1,0.46978387236595154,0.3815368196371398,0.2805644373307163
Sst_3,GAD1,1.9546998739242554,0.9397011739594451,0.49703661205256966
Sst_3,GAD2,1.7250274419784546,0.9071504802561366,0.989218068983239
Sst_3,SLC32A1,0.22318868339061737,0.2193169690501601,0.1595144965896057
Sst_3,SEMA3D,0.00840107910335064,0.0080042689434365,0.01101796613509944
Sst_3,SNTG2,0.01778101548552513,0.016008537886873,0.007502338778488415
Sst_3,HTR2C,0.032895877957344055,0.02934898612593383,0.0026546166768742444
Sst_3,FREM2,0.03077109158039093,0.0288153681963714,0.05037326721930387
Sst_3,MSR1,0.028909457847476006,0.0208110992529349,0.017066878120799978
Sst_3,ANOS1,0.1388961523771286,0.11312700106723586,0.0830293627217022
Sst_3,ADAMTSL1,0.39876314997673035,0.23372465314834578,0.12088438160224671
Sst_3,ITPR2,0.1549145132303238,0.1200640341515475,0.06193460825099737
Sst_3,EYA2,0.21423840522766113,0.14194236926360726,0.09978694590233958
Sst_3,SYNDIG1,0.4514918029308319,0.35538954108858056,0.21175208884649227
Sst_3,MME,0.22663018107414246,0.16755602988260407,0.1764116589085559
Sst_3,TAC1,0.5591128468513489,0.3329775880469584,0.27293911929651204
Sst_3,PLPP4,0.014617021195590496,0.015474919957310566,0.02486618614689603
Sst_3,HPSE2,0.10742361098527908,0.07257203842049093,0.07953349329772766
Sst_3,SEMA6D,0.5777201652526855,0.41728922091782283,0.2914025454138964
Sst_3,TRPC7,0.604588508605957,0.4471718249733191,1.0
Sst_3,ADGRG6,0.9090582728385925,0.6189967982924226,1.0
Sst_3,PROM1,0.9150010347366333,0.580042689434365,0.9029193951766432
Sst_3,STK32A,0.13783550262451172,0.11205976520811099,0.09913732224916393
Sst_3,SYT9,0.6030258536338806,0.4386339381003202,0.47056447623908404
Sst_3,EDNRA,0.5613431334495544,0.387940234791889,0.4438608231028975
Sst_3,QRFPR,0.0945451632142067,0.06776947705442903,0.08203807941894026
Sst_3,FREM1,0.3856118321418762,0.3030949839914621,0.1268596565583653
Sst_3,SGCD,0.2047238051891327,0.15741728922091783,0.02432744827952645
Sst_3,BMP3,0.005095093511044979,0.006937033084311633,0.008429561368172548
Sst_3,NR2F2,0.034335531294345856,0.0336179295624333,0.0420878270520948
Sst_3,NR2F2-AS1,0.13155125081539154,0.08004268943436499,0.06974531112891766
Sst_3,ALDH1A3,0.00843769684433937,0.009071504802561366,0.021093113416876197
Sst_3,RGS5,0.06326895207166672,0.057097118463180364,0.031166754839960925
Sst_3,GPR149,0.0013794214464724064,0.0016008537886872999,0.0013897412002509633
Sst_3,SAMD3,0.011882147751748562,0.011739594450373533,0.012876780050196027
Sst_3,PRR16,0.031847402453422546,0.030416221985058698,0.009826462042223393
Sst_3,TMEM200A,0.0009129545069299638,0.0010672358591248667,0.0023846782593354263
Sst_3,HCRTR2,0.006813983432948589,0.0064034151547491995,0.0066683904595894496
Sst_3,LINC00943,0.03804069384932518,0.0368196371398079,0.06122019072144478
Sst_3,VCAN,0.01481631863862276,0.012273212379935965,0.007950157085999242
Sst_3,MAML3,0.0892174020409584,0.06990394877267876,0.031926528342543746
Sst_3,TH,0.000603479624260217,0.0005336179295624333,0.0008923171706439455
Sst_3,WNT16,0.0012835796223953366,0.0010672358591248667,0.002720726439241144
Sst_3,CPED1,0.0020923276897519827,0.0026680896478121665,0.0038108700997926915
Sst_3,LYPD6,0.0013934922171756625,0.0016008537886872999,0.0011847000184693536
Sst_3,THSD7B,0.03486882522702217,0.033084311632870865,0.006235425471664787
Sst_19,SST,2.408655881881714,0.9328358208955224,0.9367371361726362
Sst_19,CALB1,0.0281683336943388,0.02468427095292767,0.015575567659521684
Sst_19,GAD1,1.9716764688491821,0.9402985074626866,0.5120531074212445
Sst_19,GAD2,1.6783000230789185,0.8794489092996556,0.9539007712036864
Sst_19,SLC32A1,0.36492156982421875,0.30424799081515497,0.46310679348246747
Sst_19,SEMA3D,0.01293102651834488,0.010907003444316877,0.01905337672329894
Sst_19,SNTG2,0.013302630744874477,0.012055109070034443,0.0013199944279267289
Sst_19,HTR2C,0.0279596708714962,0.02468427095292767,0.0
Sst_19,FREM2,0.0033036076929420233,0.0028702640642939152,0.005408112112940594
Sst_19,MSR1,0.007005589548498392,0.007462686567164179,0.0026622737057527715
Sst_19,ANOS1,0.011046547442674637,0.00975889781859931,0.0
Sst_19,ADAMTSL1,0.04268062114715576,0.03788748564867968,0.0
Sst_19,ITPR2,0.04580020159482956,0.03673938002296211,0.008058944949146931
Sst_19,EYA2,0.01897924579679966,0.017795637198622274,0.0017703190632885704
Sst_19,SYNDIG1,0.10499340295791626,0.08840413318025259,0.039554242218216414
Sst_19,MME,0.012106533162295818,0.010332950631458095,0.007436496575567242
Sst_19,TAC1,0.021015554666519165,0.01894374282433984,0.0017075576936154784
Sst_19,PLPP4,0.002541503868997097,0.002296211251435132,0.0
Sst_19,HPSE2,0.02769894152879715,0.02525832376578645,0.00616357709347512
Sst_19,SEMA6D,0.24278604984283447,0.2020665901262916,0.10021429335868873
Sst_19,TRPC7,0.12427083402872086,0.08668197474167623,0.20374534770958544
Sst_19,ADGRG6,0.7721781730651855,0.5218140068886338,0.8492163797076658
Sst_19,PROM1,0.20806476473808289,0.15442020665901263,0.20186265647287324
Sst_19,STK32A,1.2808929681777954,0.7313432835820896,1.0
Sst_19,SYT9,1.2763105630874634,0.7520091848450058,1.0
Sst_19,EDNRA,1.2549598217010498,0.7066590126291619,1.0
Sst_19,QRFPR,0.19079047441482544,0.14408725602755454,0.16984586773394528
Sst_19,FREM1,0.5174007415771484,0.3593570608495982,0.2068001743754972
Sst_19,SGCD,1.1599925756454468,0.6010332950631458,0.359850567939868
Sst_19,BMP3,0.005362903233617544,0.004592422502870264,0.00887263831789387
Sst_19,NR2F2,0.03513443097472191,0.03157290470723306,0.04321030058800539
Sst_19,NR2F2-AS1,0.0119559271261096,0.009184845005740528,0.003203017448839715
Sst_19,ALDH1A3,0.005360533017665148,0.004018369690011481,0.013400615476292739
Sst_19,RGS5,0.041424185037612915,0.03616532721010333,0.010721693719682374
Sst_19,GPR149,0.005989715922623873,0.0057405281285878304,0.006034526298512296
Sst_19,SAMD3,0.00986328162252903,0.009184845005740528,0.010688918424512662
Sst_19,PRR16,0.10470544546842575,0.07462686567164178,0.051740323604714394
Sst_19,TMEM200A,0.002166334306821227,0.002296211251435132,0.005658562704620467
Sst_19,HCRTR2,0.002543460810557008,0.0028702640642939152,0.002489115209973239
Sst_19,LINC00943,0.01728893257677555,0.014351320321469576,0.027823670985411716
Sst_19,VCAN,0.016326991841197014,0.013777267508610792,0.009003027553264648
Sst_19,MAML3,0.2286139726638794,0.15384615384615385,0.09210075710928144
Sst_19,TH,0.0005458375671878457,0.000574052812858783,0.0008070864599302783
Sst_19,WNT16,0.001146247610449791,0.001148105625717566,0.00242963204249686
Sst_19,CPED1,0.005669458769261837,0.004592422502870264,0.010326093284340398
Sst_19,LYPD6,0.010507641360163689,0.008610792192881744,0.0089332417935464
Sst_19,THSD7B,0.03205425664782524,0.025832376578645237,0.005257942402810576
Sst_13,SST,2.1587986946105957,0.8970321017565112,0.7351069356154474
Sst_13,CALB1,0.00713959289714694,0.006662628709872804,0.002957392422259358
Sst_13,GAD1,2.016078472137451,0.9406420351302242,0.551328502733833
Sst_13,GAD2,1.7340543270111084,0.8952150211992732,0.9960407267338297
Sst_13,SLC32A1,0.28173917531967163,0.25681405208964264,0.28492983791390697
Sst_13,SEMA3D,0.009068001061677933,0.008479709267110842,0.012200980257450504
Sst_13,SNTG2,0.01333693228662014,0.012719563900666263,0.0013673472024442758
Sst_13,HTR2C,0.040608812123537064,0.03573591762568141,0.006802514710550904
Sst_13,FREM2,0.003715094178915024,0.004239854633555421,0.0060817287332966714
Sst_13,MSR1,0.0029572942294180393,0.0036341611144760752,0.0
Sst_13,ANOS1,0.01729530468583107,0.015748031496062992,0.004058130112861074
Sst_13,ADAMTSL1,0.10833271592855453,0.08540278619018776,0.022287846878159795
Sst_13,ITPR2,0.02947843074798584,0.028467595396729255,0.0
Sst_13,EYA2,0.01814725622534752,0.01877649909145972,0.0013526750890099565
Sst_13,SYNDIG1,0.02821921557188034,0.027256208358570563,0.001400098517857327
Sst_13,MME,0.013802234083414078,0.012719563900666263,0.008772159758639252
Sst_13,TAC1,0.24453137814998627,0.15445184736523318,0.11437221281615861
Sst_13,PLPP4,0.004871180281043053,0.004845548152634767,0.004797323854307297
Sst_13,HPSE2,0.02138281799852848,0.021199273167777106,0.0003509038354884406
Sst_13,SEMA6D,0.1280740350484848,0.11387038158691702,0.03473398368218516
Sst_13,TRPC7,0.0031741459388285875,0.0036341611144760752,0.0029952892125546613
Sst_13,ADGRG6,0.016427287831902504,0.012719563900666263,0.01670051580010706
Sst_13,PROM1,0.3093545436859131,0.22774076317383404,0.3023100165911159
Sst_13,STK32A,0.0469193272292614,0.04603270745003028,0.02748476611298953
Sst_13,SYT9,0.04397337883710861,0.03815869170199879,0.030955146563269188
Sst_13,EDNRA,1.087628722190857,0.6402180496668686,0.8658345718505206
Sst_13,QRFPR,1.1007148027420044,0.6783767413688674,1.0
Sst_13,FREM1,1.6407040357589722,0.8182919442761962,0.8881734962079295
Sst_13,SGCD,2.3700478076934814,0.9121744397334949,0.7848634218868632
Sst_13,BMP3,0.1616959124803543,0.1441550575408843,0.26751729173980443
Sst_13,NR2F2,0.2669692039489746,0.23622047244094488,0.36894381101442564
Sst_13,NR2F2-AS1,0.7883028984069824,0.4451847365233192,0.4351589381905853
Sst_13,ALDH1A3,0.04408643767237663,0.043609933373712904,0.11021019682561158
Sst_13,RGS5,0.139266237616539,0.1175045427013931,0.10229450573416846
Sst_13,GPR149,0.006016262341290712,0.005451241671714113,0.006061271316747849
Sst_13,SAMD3,0.012957003898918629,0.013325257419745608,0.014041610389111253
Sst_13,PRR16,0.0818084105849266,0.06299212598425197,0.03856809016851182
Sst_13,TMEM200A,0.000590404961258173,0.0006056935190793458,0.0015421643297984693
Sst_13,HCRTR2,0.05631199851632118,0.04603270745003028,0.055108791701913226
Sst_13,LINC00943,0.06441927701234818,0.058146577831617204,0.10367214752849464
Sst_13,VCAN,0.034598175436258316,0.02786190187764991,0.02173721094676313
Sst_13,MAML3,0.14817284047603607,0.09872804360993337,0.057376207797228636
Sst_13,TH,0.0,0.0,0.0
Sst_13,WNT16,0.0008988071931526065,0.0012113870381586917,0.001905147488729175
Sst_13,CPED1,0.0030562307219952345,0.0030284675953967293,0.005566479062321281
Sst_13,LYPD6,0.0057534086517989635,0.004845548152634767,0.004891353716967867
Sst_13,THSD7B,0.06292048841714859,0.04603270745003028,0.015977602665077903
Sst_10,SST,2.3763155937194824,0.9230769230769231,0.9106391124998076
Sst_10,CALB1,0.006895796395838261,0.007122507122507123,0.002811103730729375
Sst_10,GAD1,2.3595736026763916,0.9857549857549858,0.855164051600394
Sst_10,GAD2,1.5345262289047241,0.8689458689458689,0.845234338917684
Sst_10,SLC32A1,0.4380260407924652,0.38746438746438744,0.6196968045437665
Sst_10,SEMA3D,0.021967127919197083,0.021367521367521368,0.03508199211784309
Sst_10,SNTG2,0.02167200669646263,0.022792022792022793,0.012873794989624411
Sst_10,HTR2C,0.39213210344314575,0.1623931623931624,0.19584636461752353
Sst_10,FREM2,0.002818614710122347,0.004273504273504274,0.0046141629915960845
Sst_10,MSR1,0.2504061162471771,0.150997150997151,0.16272935654482618
Sst_10,ANOS1,0.028279636055231094,0.02564102564102564,0.011191683900476316
Sst_10,ADAMTSL1,0.4883410930633545,0.34045584045584043,0.1512946752238428
Sst_10,ITPR2,0.0452544242143631,0.039886039886039885,0.007789465006992286
Sst_10,EYA2,0.03528747707605362,0.038461538461538464,0.009956761247935859
Sst_10,SYNDIG1,0.029039109125733376,0.029914529914529916,0.001807557555038834
Sst_10,MME,0.003788976464420557,0.004273504273504274,0.0008849554894542107
Sst_10,TAC1,1.39881432056427,0.6552706552706553,0.6961962984409459
Sst_10,PLPP4,0.005462812725454569,0.007122507122507123,0.006015627144790848
Sst_10,HPSE2,0.026220165193080902,0.02849002849002849,0.004802672161839667
Sst_10,SEMA6D,0.14185425639152527,0.12962962962962962,0.04260005736741084
Sst_10,TRPC7,0.0013673240318894386,0.0014245014245014246,0.0
Sst_10,ADGRG6,0.0012667003320530057,0.0014245014245014246,0.0
Sst_10,PROM1,0.0148355383425951,0.014245014245014245,0.010240501792153757
Sst_10,STK32A,0.02097269892692566,0.021367521367521368,0.0070357950372145085
Sst_10,SYT9,0.00980320479720831,0.011396011396011397,0.004085527016289881
Sst_10,EDNRA,0.6786617040634155,0.43304843304843305,0.5379263990918653
Sst_10,QRFPR,0.7502835988998413,0.5128205128205128,0.6802899945764089
Sst_10,FREM1,1.5595170259475708,0.7962962962962963,0.8389270790992456
Sst_10,SGCD,1.8431988954544067,0.792022792022792,0.5998160340824109
Sst_10,BMP3,0.6044316291809082,0.48717948717948717,1.0
Sst_10,NR2F2,0.7161117196083069,0.5712250712250713,1.0
Sst_10,NR2F2-AS1,1.5635443925857544,0.8276353276353277,0.8664997765050638
Sst_10,ALDH1A3,0.24878956377506256,0.23219373219373218,0.621940629351139
Sst_10,RGS5,0.20568349957466125,0.1737891737891738,0.16445607413444133
Sst_10,GPR149,0.010950043797492981,0.009971509971509971,0.011031963471964855
Sst_10,SAMD3,0.013523241505026817,0.014245014245014245,0.014655246683015417
Sst_10,PRR16,0.08592597395181656,0.07407407407407407,0.04093684691509464
Sst_10,TMEM200A,0.007134208455681801,0.008547008547008548,0.018634873559079185
Sst_10,HCRTR2,0.012924719601869583,0.01282051282051282,0.01264855979385328
Sst_10,LINC00943,0.030034339055418968,0.029914529914529916,0.048335289898974974
Sst_10,VCAN,0.01620541699230671,0.017094017094017096,0.008918295416796791
Sst_10,MAML3,0.16188684105873108,0.1282051282051282,0.06329622006641548
Sst_10,TH,0.0014058109372854233,0.0014245014245014246,0.0020786604677110678
Sst_10,WNT16,0.0012297977227717638,0.0014245014245014246,0.0026067281849019206
Sst_10,CPED1,0.003596322610974312,0.004273504273504274,0.006550177763500776
Sst_10,LYPD6,0.01861090585589409,0.01566951566951567,0.01582236358369968
Sst_10,THSD7B,0.19972485303878784,0.13247863247863248,0.06348895170499554
Sst_9,SST,1.5715973377227783,0.7062146892655368,0.2612461327710139
Sst_9,CALB1,0.08865461498498917,0.08022598870056497,0.05187001363403709
Sst_9,GAD1,2.2762277126312256,0.9717514124293786,0.7814411891891778
Sst_9,GAD2,1.674424648284912,0.903954802259887,0.9509717036705201
Sst_9,SLC32A1,0.3339034914970398,0.32429378531073444,0.3966659703149909
Sst_9,SEMA3D,0.02387355826795101,0.02598870056497175,0.038463698174592456
Sst_9,SNTG2,0.022209307178854942,0.023728813559322035,0.013615530413050662
Sst_9,HTR2C,0.48908868432044983,0.20677966101694914,0.24798813096835506
Sst_9,FREM2,0.000626751221716404,0.0011299435028248588,0.001026011920606181
Sst_9,MSR1,0.25331225991249084,0.14915254237288136,0.16464051896147078
Sst_9,ANOS1,0.28889819979667664,0.24632768361581922,0.18044518509034266
Sst_9,ADAMTSL1,0.6122843623161316,0.4124293785310734,0.19337145306135828
Sst_9,ITPR2,0.09370744973421097,0.08926553672316384,0.031713355922270994
Sst_9,EYA2,0.03729921951889992,0.04293785310734463,0.010966620190745487
Sst_9,SYNDIG1,0.21491970121860504,0.19096045197740114,0.09418385046399129
Sst_9,MME,0.08719556778669357,0.07344632768361582,0.06658233871740384
Sst_9,TAC1,2.0015316009521484,0.847457627118644,1.0
Sst_9,PLPP4,0.010172339156270027,0.011299435028248588,0.0157135935113731
Sst_9,HPSE2,0.03866954147815704,0.0384180790960452,0.016259724302141534
Sst_9,SEMA6D,0.29022783041000366,0.2689265536723164,0.12729517489243355
Sst_9,TRPC7,0.005403592251241207,0.004519774011299435,0.006691191096350112
Sst_9,ADGRG6,0.0033238541800528765,0.004519774011299435,0.0022661081136937425
Sst_9,PROM1,0.06518235057592392,0.0576271186440678,0.06016858369478544
Sst_9,STK32A,0.01498413272202015,0.01694915254237288,0.002316106001608575
Sst_9,SYT9,0.009744465351104736,0.010169491525423728,0.004039337419264114
Sst_9,EDNRA,0.7899486422538757,0.5401129943502825,0.6271558355413536
Sst_9,QRFPR,0.23929718136787415,0.2033898305084746,0.21410014467334906
Sst_9,FREM1,1.8250597715377808,0.9050847457627119,1.0
Sst_9,SGCD,0.41717132925987244,0.30621468926553674,0.09894629717823009
Sst_9,BMP3,0.3997415602207184,0.3694915254237288,0.6613511618550235
Sst_9,NR2F2,0.4796866178512573,0.44180790960451977,0.667816965676671
Sst_9,NR2F2-AS1,1.8034820556640625,0.8971751412429378,1.0
Sst_9,ALDH1A3,0.40002140402793884,0.35706214689265536,1.0
Sst_9,RGS5,1.0984302759170532,0.7073446327683616,1.0
Sst_9,GPR149,0.00624172855168581,0.006779661016949152,0.006288424289214547
Sst_9,SAMD3,0.00834856927394867,0.010169491525423728,0.009047412346698163
Sst_9,PRR16,0.05083395913243294,0.05423728813559322,0.020749070930147495
Sst_9,TMEM200A,0.004565623588860035,0.005649717514124294,0.011925614288575645
Sst_9,HCRTR2,0.01469592098146677,0.01694915254237288,0.014381916280252396
Sst_9,LINC00943,0.05215376615524292,0.05875706214689266,0.08393284106520689
Sst_9,VCAN,0.007591449189931154,0.007909604519774011,0.0029147519041153747
Sst_9,MAML3,0.11510854959487915,0.10621468926553672,0.04310312923724904
Sst_9,TH,0.0011150609934702516,0.0011299435028248588,0.00164875172381921
Sst_9,WNT16,0.0023093968629837036,0.0022598870056497176,0.004895089478044948
Sst_9,CPED1,0.00695636123418808,0.007909604519774011,0.012669998662526287
Sst_9,LYPD6,0.009532072581350803,0.00903954802259887,0.008103846167196766
Sst_9,THSD7B,0.01691451668739319,0.021468926553672316,0.0
Sst_5,SST,1.6774318218231201,0.8578856152512998,0.3466526343332974
Sst_5,CALB1,0.0073851654306054115,0.010398613518197574,0.0031047468116886696
Sst_5,GAD1,1.4692836999893188,0.8630849220103987,0.06766607220001833
Sst_5,GAD2,1.3413050174713135,0.8734835355285961,0.699194792496527
Sst_5,SLC32A1,0.4517994523048401,0.4246100519930676,0.6491994961371633
Sst_5,SEMA3D,0.002189721679314971,0.005199306759098787,0.0
Sst_5,SNTG2,0.014626420103013515,0.01559792027729636,0.0031474661914258854
Sst_5,HTR2C,0.030177364125847816,0.03292894280762565,0.0011926415149947317
Sst_5,FREM2,0.021648777648806572,0.019064124783362217,0.035439745731008346
Sst_5,MSR1,0.007987108081579208,0.010398613518197574,0.003307748103337901
Sst_5,ANOS1,0.02071979269385338,0.019064124783362217,0.006282095193550809
Sst_5,ADAMTSL1,0.07474677264690399,0.07279029462738301,0.010885950813571826
Sst_5,ITPR2,0.3172970712184906,0.2616984402079723,0.14211169858071224
Sst_5,EYA2,0.01545258890837431,0.019064124783362217,0.0
Sst_5,SYNDIG1,0.025401921942830086,0.03119584055459272,0.0
Sst_5,MME,0.007942069321870804,0.006932409012131715,0.004156247706431644
Sst_5,TAC1,0.021359620615839958,0.02079722703639515,0.001880986450987123
Sst_5,PLPP4,0.017633061856031418,0.02079722703639515,0.03107688722584422
Sst_5,HPSE2,0.12798184156417847,0.09532062391681109,0.0984530531424366
Sst_5,SEMA6D,0.15431085228919983,0.15251299826689774,0.0497105745905376
Sst_5,TRPC7,0.004029898904263973,0.005199306759098787,0.004413927992689066
Sst_5,ADGRG6,0.0028940800111740828,0.0034662045060658577,0.001792679871027723
Sst_5,PROM1,0.4911595582962036,0.37261698440207974,0.48260297372421485
Sst_5,STK32A,0.08321284502744675,0.09878682842287695,0.056088293594300384
Sst_5,SYT9,0.004607628099620342,0.005199306759098787,0.0
Sst_5,EDNRA,0.034628212451934814,0.038128249566724434,0.021542837413332357
Sst_5,QRFPR,0.31075865030288696,0.2582322357019064,0.2792968120086049
Sst_5,FREM1,0.2842291295528412,0.25996533795493937,0.06536293595117125
Sst_5,SGCD,2.9397060871124268,0.9896013864818024,0.984946926092372
Sst_5,BMP3,0.005060763098299503,0.006932409012131715,0.008372763525227105
Sst_5,NR2F2,0.004380302503705025,0.006932409012131715,0.0
Sst_5,NR2F2-AS1,0.017512449994683266,0.01559792027729636,0.006294641478566174
Sst_5,ALDH1A3,0.02634878270328045,0.03292894280762565,0.06586843213379692
Sst_5,RGS5,0.04047931730747223,0.04679376083188908,0.00983736849601711
Sst_5,GPR149,0.8496831059455872,0.6204506065857885,0.8560397712457981
Sst_5,SAMD3,0.5301578640937805,0.389948006932409,0.5745363843681137
Sst_5,PRR16,1.6547131538391113,0.8578856152512998,0.9434305999420108
Sst_5,TMEM200A,0.2600817084312439,0.23743500866551126,0.6793451273190125
Sst_5,HCRTR2,1.0218333005905151,0.6360485268630849,1.0
Sst_5,LINC00943,0.004958979785442352,0.0034662045060658577,0.007980655911562865
Sst_5,VCAN,0.010181996040046215,0.012131715771230503,0.004720245155670889
Sst_5,MAML3,0.07626111805438995,0.07279029462738301,0.02633360454900535
Sst_5,TH,0.0,0.0,0.0
Sst_5,WNT16,0.0013444891665130854,0.0017331022530329288,0.002849832732447974
Sst_5,CPED1,0.009047303348779678,0.006932409012131715,0.01647834513899956
Sst_5,LYPD6,0.42361173033714294,0.3535528596187175,0.36014038583681945
Sst_5,THSD7B,2.861722707748413,0.975736568457539,0.9879851077188334
Sst_4,SST,1.2658213376998901,0.7819706498951782,0.014490468531145623
Sst_4,CALB1,0.014972695149481297,0.018867924528301886,0.007657600476778151
Sst_4,GAD1,1.3927851915359497,0.89937106918239,0.0
Sst_4,GAD2,1.7392927408218384,0.9517819706498952,1.0
Sst_4,SLC32A1,0.3913457691669464,0.39832285115303984,0.5197075131451673
Sst_4,SEMA3D,0.06943073868751526,0.07966457023060797,0.11927493423887402
Sst_4,SNTG2,0.012346449308097363,0.018867924528301886,0.0
Sst_4,HTR2C,0.04020719230175018,0.0440251572327044,0.006586529712730336
Sst_4,FREM2,0.0033405772410333157,0.0041928721174004195,0.005468632452952396
Sst_4,MSR1,0.00576254166662693,0.006289308176100629,0.0018448101982609694
Sst_4,ANOS1,0.2226526290178299,0.20754716981132076,0.1374233272776183
Sst_4,ADAMTSL1,0.10841087251901627,0.09643605870020965,0.02231437980337003
Sst_4,ITPR2,0.08223208039999008,0.09014675052410902,0.026047342681220102
Sst_4,EYA2,0.0335938036441803,0.041928721174004195,0.009106567294202674
Sst_4,SYNDIG1,0.21724769473075867,0.20545073375262055,0.09534078356898913
Sst_4,MME,0.005682665854692459,0.010482180293501049,0.0023765694688181256
Sst_4,TAC1,0.027239862829446793,0.031446540880503145,0.004844962113685727
Sst_4,PLPP4,0.01955876499414444,0.025157232704402517,0.035042339918336766
Sst_4,HPSE2,0.16528822481632233,0.11530398322851153,0.13278579144983868
Sst_4,SEMA6D,0.0672251284122467,0.07337526205450734,0.0
Sst_4,TRPC7,0.003466880414634943,0.0041928721174004195,0.003480574682117628
Sst_4,ADGRG6,0.006491777952760458,0.0041928721174004195,0.0057558119935838155
Sst_4,PROM1,1.0128958225250244,0.7148846960167715,1.0
Sst_4,STK32A,0.05514049530029297,0.06708595387840671,0.03396400596391366
Sst_4,SYT9,0.02008313685655594,0.018867924528301886,0.012169122466548004
Sst_4,EDNRA,0.05458567291498184,0.05241090146750524,0.037544651993161295
Sst_4,QRFPR,1.0983022451400757,0.7358490566037735,0.9977989437140856
Sst_4,FREM1,0.7877998352050781,0.5136268343815513,0.370818858910681
Sst_4,SGCD,2.9825637340545654,0.9958071278825996,1.0
Sst_4,BMP3,0.006388233974575996,0.010482180293501049,0.01056899352410292
Sst_4,NR2F2,0.010736365802586079,0.010482180293501049,0.0089304239578719
Sst_4,NR2F2-AS1,0.008235985413193703,0.006289308176100629,0.0011332588136548374
Sst_4,ALDH1A3,0.005937741603702307,0.008385744234800839,0.01484355972933787
Sst_4,RGS5,0.05458681657910347,0.06079664570230608,0.02304092815921491
Sst_4,GPR149,0.3816312551498413,0.3081761006289308,0.3844863221037585
Sst_4,SAMD3,0.9227576851844788,0.6079664570230608,1.0
Sst_4,PRR16,1.7530466318130493,0.8825995807127882,1.0
Sst_4,TMEM200A,0.3828417956829071,0.35639412997903563,1.0
Sst_4,HCRTR2,0.9332185387611389,0.6519916142557652,0.9132786514413203
Sst_4,LINC00943,0.0029446720145642757,0.0041928721174004195,0.004738961467363559
Sst_4,VCAN,0.009798584505915642,0.010482180293501049,0.004453024766504583
Sst_4,MAML3,0.0918378159403801,0.0880503144654088,0.033057699538095474
Sst_4,TH,0.0,0.0,0.0
Sst_4,WNT16,0.016255270689725876,0.020964360587002098,0.03445531852556737
Sst_4,CPED1,0.011175930500030518,0.010482180293501049,0.020355329420209487
Sst_4,LYPD6,0.18579210340976715,0.15723270440251572,0.157954171274187
Sst_4,THSD7B,2.8963184356689453,0.9664570230607966,1.0
Sst_12,SST,1.8321512937545776,0.8151041666666666,0.4715084309439887
Sst_12,CALB1,0.027459923177957535,0.03125,0.01515048999453796
Sst_12,GAD1,2.075982093811035,0.9453125,0.6043157160947074
Sst_12,GAD2,1.6635972261428833,0.90625,0.9427881724380953
Sst_12,SLC32A1,0.2580908536911011,0.28125,0.23427505720962574
Sst_12,SEMA3D,0.017751140519976616,0.018229166666666668,0.027603496964615157
Sst_12,SNTG2,0.03673951327800751,0.037760416666666664,0.03367426649577086
Sst_12,HTR2C,0.034898556768894196,0.037760416666666664,0.0037316267129413492
Sst_12,FREM2,0.03725576028227806,0.03125,0.06098887857957745
Sst_12,MSR1,0.06749483942985535,0.052083333333333336,0.042441718323056196
Sst_12,ANOS1,0.06688449531793594,0.07161458333333333,0.03626283577604684
Sst_12,ADAMTSL1,0.07356801629066467,0.06901041666666667,0.010485781690834814
Sst_12,ITPR2,0.06082189828157425,0.06380208333333333,0.015475972658776156
Sst_12,EYA2,0.01815258525311947,0.02734375,0.0013553501662153518
Sst_12,SYNDIG1,0.07498108595609665,0.07161458333333333,0.02463914777494483
Sst_12,MME,0.02186613157391548,0.022135416666666668,0.015123899535383968
Sst_12,TAC1,0.34594452381134033,0.1953125,0.1654901914127559
Sst_12,PLPP4,0.01227714866399765,0.01953125,0.02004786620606326
Sst_12,HPSE2,0.028459930792450905,0.033854166666666664,0.00686390885887791
Sst_12,SEMA6D,0.6130459904670715,0.5091145833333334,0.3115673553404148
Sst_12,TRPC7,0.031379010528326035,0.02734375,0.049752374856708234
Sst_12,ADGRG6,0.2633936405181885,0.22395833333333334,0.28875233933089545
Sst_12,PROM1,0.06632588803768158,0.055989583333333336,0.06130261044874879
Sst_12,STK32A,0.12662561237812042,0.15104166666666666,0.09030262053994675
Sst_12,SYT9,0.06123889237642288,0.06510416666666667,0.04453183421908507
Sst_12,EDNRA,0.016125179827213287,0.018229166666666668,0.00670717744679798
Sst_12,QRFPR,0.1773524433374405,0.15494791666666666,0.1575859064590121
Sst_12,FREM1,0.44236141443252563,0.4010416666666667,0.16128281867162786
Sst_12,SGCD,1.6630762815475464,0.7044270833333334,0.5365508010836014
Sst_12,BMP3,0.017735781148076057,0.01953125,0.029342907107807365
Sst_12,NR2F2,0.031273435801267624,0.032552083333333336,0.03778550820050447
Sst_12,NR2F2-AS1,0.09399225562810898,0.06901041666666667,0.048847657182396566
Sst_12,ALDH1A3,0.011054190807044506,0.014322916666666666,0.027633998320430984
Sst_12,RGS5,0.22290688753128052,0.19661458333333334,0.18057587156338206
Sst_12,GPR149,0.20940126478672028,0.16276041666666666,0.21096784148381573
Sst_12,SAMD3,0.00672113336622715,0.01171875,0.00728374683206616
Sst_12,PRR16,0.12056316435337067,0.109375,0.06086297096848742
Sst_12,TMEM200A,0.005034625064581633,0.006510416666666667,0.013150667250426377
Sst_12,HCRTR2,0.011742310598492622,0.01171875,0.011491415078865376
Sst_12,LINC00943,0.6213749647140503,0.5416666666666666,1.0
Sst_12,VCAN,1.4382232427597046,0.7578125,1.0
Sst_12,MAML3,1.1286450624465942,0.625,0.48062306043240205
Sst_12,TH,0.005643421318382025,0.005208333333333333,0.008344476832574879
Sst_12,WNT16,0.02675376646220684,0.029947916666666668,0.05670834788353338
Sst_12,CPED1,0.026833947747945786,0.02734375,0.04887412695100721
Sst_12,LYPD6,0.09368070960044861,0.08854166666666667,0.0796441752784351
Sst_12,THSD7B,0.0497937835752964,0.044270833333333336,0.011418775487230927
Sst_1,SST,1.4656243324279785,0.6692015209125475,0.17572784712709139
Sst_1,CALB1,0.0025803979951888323,0.0038022813688212928,0.00022167368529044215
Sst_1,GAD1,2.523314952850342,0.9923954372623575,1.0
Sst_1,GAD2,1.710719108581543,0.9163498098859315,0.9784036117928193
Sst_1,SLC32A1,0.6155716180801392,0.5171102661596958,1.0
Sst_1,SEMA3D,0.11537918448448181,0.09885931558935361,0.20078021322867998
Sst_1,SNTG2,0.014996929094195366,0.019011406844106463,0.0036589484112703164
Sst_1,HTR2C,0.041954606771469116,0.034220532319391636,0.007526262489749858
Sst_1,FREM2,0.012739937752485275,0.015209125475285171,0.02085568810864672
Sst_1,MSR1,0.04941719025373459,0.04182509505703422,0.030553344014844247
Sst_1,ANOS1,0.02125372178852558,0.026615969581749048,0.0066288447395657256
Sst_1,ADAMTSL1,1.0695366859436035,0.5779467680608364,0.3486013784373164
Sst_1,ITPR2,0.08377043157815933,0.09125475285171103,0.026806910228985223
Sst_1,EYA2,0.019762452691793442,0.026615969581749048,0.0021634750012130065
Sst_1,SYNDIG1,0.12179164588451385,0.13688212927756654,0.04790239406920584
Sst_1,MME,0.0026654747780412436,0.0038022813688212928,0.0
Sst_1,TAC1,0.01762792468070984,0.022813688212927757,0.0
Sst_1,PLPP4,0.02666722983121872,0.034220532319391636,0.04968025604869435
Sst_1,HPSE2,0.02686827816069126,0.034220532319391636,0.005399124858961452
Sst_1,SEMA6D,0.5083180069923401,0.41825095057034223,0.25178616500899936
Sst_1,TRPC7,0.0029395241290330887,0.0038022813688212928,0.002606340986273178
Sst_1,ADGRG6,0.0031270491890609264,0.0038022813688212928,0.002049312764461161
Sst_1,PROM1,0.012510092929005623,0.015209125475285171,0.00793439691838908
Sst_1,STK32A,0.04103292524814606,0.049429657794676805,0.02284559440830309
Sst_1,SYT9,0.15108975768089294,0.13688212927756654,0.11518580759009801
Sst_1,EDNRA,0.0077599892392754555,0.011406844106463879,0.0
Sst_1,QRFPR,0.4154497981071472,0.3574144486692015,0.3748100170694691
Sst_1,FREM1,0.32555434107780457,0.311787072243346,0.09042998311290994
Sst_1,SGCD,0.3344423174858093,0.26996197718631176,0.06988903395000631
Sst_1,BMP3,0.0,0.0,0.0
Sst_1,NR2F2,0.012114390730857849,0.011406844106463879,0.010866582591809573
Sst_1,NR2F2-AS1,0.014965938404202461,0.011406844106463879,0.004877774021827293
Sst_1,ALDH1A3,0.0,0.0,0.0
Sst_1,RGS5,0.13235481083393097,0.14068441064638784,0.09582592940289096
Sst_1,GPR149,0.017887648195028305,0.015209125475285171,0.01802146960654993
Sst_1,SAMD3,0.09207191318273544,0.08365019011406843,0.09977908031654954
Sst_1,PRR16,0.12662054598331451,0.10646387832699619,0.06434766867051547
Sst_1,TMEM200A,0.04093124344944954,0.049429657794676805,0.10691424998787565
Sst_1,HCRTR2,0.015173339284956455,0.015209125475285171,0.014849133685688083
Sst_1,LINC00943,0.01959880255162716,0.015209125475285171,0.03154102380137942
Sst_1,VCAN,0.8249592781066895,0.5361216730038023,0.5725829279813953
Sst_1,MAML3,2.3318073749542236,0.9771863117870723,1.0
Sst_1,TH,0.6763061881065369,0.5247148288973384,1.0
Sst_1,WNT16,0.4717782735824585,0.42585551330798477,1.0
Sst_1,CPED1,0.5490419864654541,0.42585551330798477,1.0
Sst_1,LYPD6,0.8688294887542725,0.6501901140684411,0.7386494870133549
Sst_1,THSD7B,0.254520982503891,0.155893536121673,0.08251932431228316
Sst_7,SST,1.2478649616241455,0.6408163265306123,0.0
Sst_7,CALB1,0.002210969105362892,0.004081632653061225,0.0
Sst_7,GAD1,1.605778455734253,0.8857142857142857,0.1884012889237609
Sst_7,GAD2,1.5946248769760132,0.9020408163265307,0.8906578161836906
Sst_7,SLC32A1,0.40655526518821716,0.3877551020408163,0.5522863023582383
Sst_7,SEMA3D,0.020223379135131836,0.02040816326530612,0.03198885743900362
Sst_7,SNTG2,0.01900184154510498,0.0163265306122449,0.009187671220775497
Sst_7,HTR2C,0.13588972389698029,0.08979591836734693,0.058043131844854406
Sst_7,FREM2,0.12424501776695251,0.11020408163265306,0.2033930926464177
Sst_7,MSR1,0.01270287949591875,0.0163265306122449,0.00640897300152264
Sst_7,ANOS1,0.014902542345225811,0.02040816326530612,0.0025041985822411923
Sst_7,ADAMTSL1,0.29613083600997925,0.22040816326530613,0.0860423357229997
Sst_7,ITPR2,0.17738395929336548,0.17142857142857143,0.07302899442753753
Sst_7,EYA2,0.040384311228990555,0.036734693877551024,0.012515281384379663
Sst_7,SYNDIG1,0.19593366980552673,0.16326530612244897,0.0847484426075497
Sst_7,MME,0.023960363119840622,0.024489795918367346,0.016773475789005114
Sst_7,TAC1,0.07470270246267319,0.053061224489795916,0.028768925862988497
Sst_7,PLPP4,0.01732616126537323,0.0163265306122449,0.030444910391270646
Sst_7,HPSE2,0.10935115069150925,0.08163265306122448,0.08130739123535001
Sst_7,SEMA6D,0.5502803921699524,0.40816326530612246,0.27573927908445817
Sst_7,TRPC7,0.01462995633482933,0.012244897959183673,0.02198635035058424
Sst_7,ADGRG6,0.008598615415394306,0.00816326530612245,0.008076650307621669
Sst_7,PROM1,0.027838146314024925,0.024489795918367346,0.023134968133671257
Sst_7,STK32A,0.07023603469133377,0.08571428571428572,0.045861052654671074
Sst_7,SYT9,0.02372758276760578,0.02857142857142857,0.015034922183432893
Sst_7,EDNRA,0.01478993333876133,0.0163265306122449,0.005636581978695331
Sst_7,QRFPR,0.028395818546414375,0.02857142857142857,0.021687839170265445
Sst_7,FREM1,0.3087109923362732,0.2816326530612245,0.08021314448861078
Sst_7,SGCD,1.2611100673675537,0.6938775510204082,0.395366495314552
Sst_7,BMP3,0.004289839882403612,0.004081632653061225,0.007097312045395378
Sst_7,NR2F2,0.009955523535609245,0.00816326530612245,0.007833321528203442
Sst_7,NR2F2-AS1,0.021374376490712166,0.02040816326530612,0.008443399800733414
Sst_7,ALDH1A3,0.017082294449210167,0.0163265306122449,0.04270345105837657
Sst_7,RGS5,0.04576992988586426,0.053061224489795916,0.014788984476188387
Sst_7,GPR149,0.9925743341445923,0.6448979591836734,1.0
Sst_7,SAMD3,0.4465084373950958,0.3183673469387755,0.48388482107935993
Sst_7,PRR16,1.6453778743743896,0.8326530612244898,0.9380601892784836
Sst_7,TMEM200A,0.19345039129257202,0.1836734693877551,0.5053011282310446
Sst_7,HCRTR2,0.1207466647028923,0.09795918367346938,0.11816669571554683
Sst_7,LINC00943,0.004289839882403612,0.004081632653061225,0.006903786161352264
Sst_7,VCAN,0.011588405817747116,0.012244897959183673,0.005700448761117317
Sst_7,MAML3,0.13153721392154694,0.09795918367346938,0.05019499814842222
Sst_7,TH,0.002376094926148653,0.004081632653061225,0.0035133419861217543
Sst_7,WNT16,0.31255969405174255,0.27755102040816326,0.6625139637701283
Sst_7,CPED1,0.5046476125717163,0.363265306122449,0.91914211483254
Sst_7,LYPD6,1.1762405633926392,0.7591836734693878,1.0
Sst_7,THSD7B,2.701800584793091,0.926530612244898,0.9324450975448225
