"logFC","AveExpr","t","P.Value","adj.P.Val","B","celltype","SE","FDR"
0.164997946856302,1.64759504101355,4.96797698372411,3.69052473991205e-06,0.000402267196650413,4.13469462749987,"Lamp5_Lhx6_1",0.0332123009822432,0.000402267196650413
-0.354773526482968,-0.538468449665296,-4.58869201694325,1.60562057681647e-05,0.000875063214364975,2.61404478577886,"Pvalb_14",0.0773147391834111,0.000875063214364975
-0.295014421139257,-0.710670394057354,-4.45806780727999,2.62786128154441e-05,0.000954789598961137,2.16572276808734,"Sst_2",0.0661754001716844,0.000954789598961137
0.220051579598774,0.169158621887095,4.27082463421741,5.25484345108841e-05,0.00134945317601399,1.65728103730527,"Vip_5",0.0515243772445591,0.00134945317601399
0.205371011947043,1.80668232064394,4.22591338854762,6.1901521835504e-05,0.00134945317601399,1.44664693489953,"Lamp5_2",0.0485980172957652,0.00134945317601399
-0.349663800315711,-0.853907580139159,-4.16701459218059,7.66247365949047e-05,0.00139201604814077,1.13049181761235,"Sst_23",0.0839123052201101,0.00139201604814077
0.246039333114783,1.73581587721607,4.07838381480616,0.000105302888818089,0.00163971641159596,0.992494275639488,"L4 IT_4",0.0603276553377743,0.00163971641159596
0.254472678204681,-0.724304445522477,4.03709509835777,0.000121951325356071,0.00166158680797646,0.735691898317118,"L6b_4",0.0630336100599157,0.00166158680797646
0.233686701801385,0.237688487397123,3.85784659086215,0.000228335321321969,0.00238479971616896,0.326282899064335,"Vip_6",0.060574389441743,0.00238479971616896
0.233788300469213,0.610011850865356,3.85189135740122,0.000233076537729258,0.00238479971616896,0.188463232537575,"L6 IT_1",0.0606944170478746,0.00238479971616896
0.152117807436691,1.19924112750659,3.84259314295309,0.000240667861264757,0.00238479971616896,0.228438979361083,"L5 IT_1",0.0395872791569565,0.00238479971616896
0.198299842361131,-0.878285477303298,3.67610802736028,0.000423880021801835,0.00385024353136667,-0.293688025835081,"Sst_1",0.0539428767830648,0.00385024353136667
0.193447953413518,-0.991375889071936,3.58502790886023,0.000574030807916318,0.0047881947256472,-0.611759736060108,"Pax6_2",0.053959957448426,0.0047881947256472
0.262481494671127,0.207167601483624,3.54536166861978,0.000654117216195307,0.0047881947256472,-0.835250076417794,"L6 CT_1",0.0740351815145877,0.0047881947256472
-0.359743842233221,-1.6692853238177,-3.5431290427507,0.00065892587967622,0.0047881947256472,-0.85091847005256,"Sst_11",0.101532808399757,0.0047881947256472
-0.401300691129102,-1.54185124682117,-3.43865019149056,0.000925345713140882,0.00630391767077226,-1.1534795636928,"Sst_20",0.116702970288219,0.00630391767077226
0.166252186295605,-0.453281138325134,3.3933687415474,0.00106994284593537,0.00686022177687974,-1.22277818686394,"Pvalb_7",0.0489932568365067,0.00686022177687974
0.273966649679934,-1.02612310368044,3.29615670898045,0.00145529376629929,0.0081385904919065,-1.59355626126693,"L6b_1",0.083116997724503,0.0081385904919065
0.167790193591572,1.23183758401823,3.29002922879743,0.00148350413256815,0.0081385904919065,-1.53993826648028,"L6 IT Car3_3",0.0509996057551447,0.0081385904919065
0.253456267625259,-0.181731241475222,3.28350885972308,0.00151408643497188,0.0081385904919065,-1.54463570373894,"Lamp5_1",0.0771906757232368,0.0081385904919065
0.153703344195492,1.40941974200862,3.26969287821247,0.00158085199261959,0.0081385904919065,-1.61354428198192,"L4 IT_1",0.0470084958803596,0.0081385904919065
0.208457494423917,0.181432390663442,3.25738380009068,0.00164265129194443,0.0081385904919065,-1.72792104333716,"L6 IT Car3_2",0.0639953739618013,0.0081385904919065
0.210990596923806,-1.60511339822631,3.15603265718075,0.00224461811117524,0.0102735503673385,-1.9369984107265,"L6 CT_3",0.0668531095341332,0.0102735503673385
0.122462567453803,3.43664144834583,3.15349270275031,0.00226206613592775,0.0102735503673385,-1.89972145651709,"L4 IT_2",0.0388339466734765,0.0102735503673385
-0.22721425291366,-1.19400667103115,-3.1081257542648,0.00259582733497659,0.0113178071804979,-2.15439421317397,"Pvalb_8",0.073103301113827,0.0113178071804979
0.238319364581713,-3.17496314175298,3.01204552796554,0.00345941876315102,0.0145029478916716,-2.25293180221681,"L6b_3",0.0791220990416713,0.0145029478916716
-0.183055711637749,0.579334853927501,-2.98469695640991,0.00375007043786598,0.0151391732491627,-2.43229371427212,"Sst_3",0.0613314230259189,0.0151391732491627
0.12921161321218,0.74277772813548,2.97205344490615,0.0038919437510991,0.0151507810310643,-2.3490864809188,"Vip_9",0.0434755348809887,0.0151507810310643
0.204342066828351,0.665964330087259,2.82504683598599,0.0059479501436952,0.0223560884711302,-2.89630927525535,"L5 IT_6",0.0723322757787242,0.0223560884711302
0.148785495999786,-0.15769723530581,2.79265609170286,0.00651814735019232,0.0236826020390321,-2.84895621335245,"Sst_5",0.0532774144449207,0.0236826020390321
0.182887517970465,-1.07100830894026,2.72835387194732,0.00780099190529018,0.027392685930626,-3.02261214622162,"L5/6 NP_4",0.0670321837100743,0.027392685930626
0.116617851724669,-0.265623601955515,2.71736949051781,0.00804188944752322,0.027392685930626,-3.12511338601706,"Sst_10",0.042915713940119,0.027392685930626
0.192599477958419,-1.8759566206181,2.67079997861821,0.00914035730340002,0.0301908771536546,-3.17632784210306,"L6b_5",0.0721130296167156,0.0301908771536546
-0.183252420966628,0.40514139233651,-2.64534739595905,0.0097967999806603,0.030974549158606,-3.3422838237885,"L2/3 IT_8",0.0692734803929943,0.030974549158606
-0.275222342567119,-0.944292315340297,-2.63978061978213,0.00994595615184597,0.030974549158606,-3.36240096562297,"Sst_25",0.104259551155366,0.030974549158606
0.207292282931792,-1.52719011484883,2.61003967618076,0.0107783033187388,0.0326343072706257,-3.34558988746203,"L5/6 NP_6",0.079421123296915,0.0326343072706257
-0.17050866392275,0.0633112178059437,-2.5964058249699,0.0111805484585401,0.0329372914048884,-3.48649340620938,"Pvalb_3",0.0656710373559291,0.0329372914048884
-0.269457278852583,-2.45506828390616,-2.57825609996762,0.011737090668734,0.0336669179708422,-3.40013706958723,"Sst_22",0.104511448205617,0.0336669179708422
-0.140980465916704,-0.522829233271184,-2.54901597746612,0.0126865061314021,0.0353816271571212,-3.58230794100409,"Sst_9",0.0553078000149876,0.0353816271571212
0.106261929151729,-0.989559144364414,2.54025716209125,0.0129840833604114,0.0353816271571212,-3.49546169215452,"Pax6_4",0.0418311699844788,0.0353816271571212
0.137127444598428,0.506673280577193,2.51384189841507,0.0139199867038588,0.0370067939200149,-3.4429713689444,"L4 IT_3",0.0545489534106675,0.0370067939200149
0.129395319241284,2.04752088977826,2.4928218826889,0.0147076054482056,0.0381697379489145,-3.6548475532413,"L6 IT_2",0.0519071659872108,0.0381697379489145
0.114027441259195,1.46719660030423,2.45634585495231,0.0161697504282485,0.0409884371320718,-3.52839034567169,"Vip_4",0.0464215741563025,0.0409884371320718
-0.192777182068599,1.21683309053049,-2.40465914336063,0.0184643980993588,0.045741349837048,-3.88806435274707,"L2/3 IT_10",0.0801681945654813,0.045741349837048
0.136035174996085,-0.70373892707205,2.39511151747463,0.0189187106957414,0.045825321463018,-3.8651335487383,"L2/3 IT_2",0.0567970109130947,0.045825321463018
0.173132592831695,-1.9174446162029,2.29407547409071,0.0243714406908338,0.0559065511513004,-4.1303377381367,"L6 CT_4",0.0754694406470295,0.0559065511513004
0.102219198049786,-0.215839893413858,2.29280583818533,0.0244479948298128,0.0559065511513004,-4.02439688668492,"Chandelier_2",0.0445825792779246,0.0559065511513004
0.151503983397513,-0.797076719757069,2.28997581269147,0.0246193986721323,0.0559065511513004,-3.98811582149461,"Sst_7",0.0661596435027174,0.0559065511513004
0.184514919054313,0.500303818302535,2.27931972907858,0.0252743471562278,0.0562225273475272,-4.12397483876894,"L6b_6",0.0809517491997066,0.0562225273475272
0.108800404349111,-0.925038394755673,2.25890747125198,0.0265719377876602,0.0579268243770991,-4.20802635449262,"Vip_14",0.0481650557775211,0.0579268243770991
-0.172649288158905,0.0406448672472747,-2.05690218821775,0.0429081722454271,0.090580453204938,-4.62344518242843,"L2/3 IT_3",0.0839365571916187,0.090580453204938
0.137702850081782,-1.62189453514998,2.05085136664214,0.0435085338285311,0.090580453204938,-4.6547460936452,"L5 ET_1",0.0671442369357281,0.090580453204938
0.0745451524294992,2.53680636329104,2.04551782001151,0.0440437066042359,0.090580453204938,-4.58571140778387,"L5 IT_2",0.0364431694020049,0.090580453204938
0.112975897087529,0.336371144590157,2.00526697079827,0.0482680041843486,0.0974298602980369,-4.59877703850666,"Pax6_1",0.0563395790848512,0.0974298602980369
0.097778613901707,0.788828305257673,1.80498539485056,0.0747863511038924,0.148212950369532,-5.05488752466719,"L6 CT_2",0.0541714155586298,0.148212950369532
-0.0929714026532803,0.288815566235563,-1.74014578152935,0.0856244946998408,0.166661962897904,-5.18808953617812,"Vip_2",0.0534273643278159,0.166661962897904
0.14758626152959,-0.969082029434521,1.72841852635384,0.0877166411953418,0.167738840180566,-5.2107737140282,"L6b_2",0.0853880349459851,0.167738840180566
0.0458627624913592,2.13078152637926,1.57378302044246,0.11942867343885,0.222212872429207,-5.39650255630795,"Pvalb_15",0.0291417316717937,0.222212872429207
0.0738227327598119,-0.436190637414557,1.57011222954714,0.12028036214058,0.222212872429207,-5.34153797347311,"Sst_4",0.047017487903463,0.222212872429207
0.0787226642134926,-0.0179863666909436,1.5079190063267,0.135458839146563,0.246083557782923,-5.54285732458448,"L6 IT Car3_1",0.052206162189879,0.246083557782923
-0.0617545928070655,1.90434236148778,-1.49635862475057,0.138439651148707,0.247375770085395,-5.55375539323152,"L2/3 IT_5",0.0412699147020049,0.247375770085395
0.0750369856224854,0.382204748444825,1.48388602579931,0.141713146019387,0.247570558178847,-5.6034060179996,"Sncg_4",0.0505678902003715,0.247570558178847
0.0799234597151061,-0.383110338989509,1.47870264181822,0.143091240048325,0.247570558178847,-5.52951072086691,"Vip_18",0.0540497172689375,0.247570558178847
0.054887622159582,-0.872999769060948,1.44921337977157,0.15113166217493,0.257396112141679,-5.4768159760257,"Vip_16",0.0378740790871206,0.257396112141679
0.0594173490071174,0.642217520694898,1.38240337424073,0.17064095226871,0.283806031901505,-5.59699170840495,"Chandelier_1",0.042981195007392,0.283806031901505
-0.0772274850020915,-1.81104293238243,-1.37847327300027,0.171845854178893,0.283806031901505,-5.75742243229313,"Sst Chodl_2",0.0560239262630061,0.283806031901505
0.062094050728091,-0.165601443731197,1.34868044405733,0.181191594618297,0.294774385274543,-5.77014280744301,"Sncg_6",0.0460405954588392,0.294774385274543
0.0706942406196669,0.701080034733667,1.33610061629362,0.185251250966628,0.296946858167095,-5.61876769758,"Vip_23",0.0529108659614085,0.296946858167095
0.0670064330393424,0.79260121860566,1.32392207449788,0.189246329257959,0.298954346219095,-5.82692642486067,"L5/6 NP_1",0.0506120672281681,0.298954346219095
-0.0744749126487357,-0.988204148607085,-1.31188836676124,0.193257092129293,0.300928900601328,-5.82578144270375,"Pvalb_10",0.0567692454142252,0.300928900601328
-0.0804498149909622,0.349818607972525,-1.28560286825439,0.202238481908776,0.310478796169812,-5.78253117309887,"Sst_19",0.0625775011689249,0.310478796169812
0.053878882047782,0.377365867772952,1.1982003211653,0.234326906973462,0.354744900834824,-5.98675066121755,"L5 IT_3",0.0449665060975637,0.354744900834824
0.0539708519104902,0.346954062186464,1.18271704077042,0.240375083183078,0.358731009890911,-6.01166765803474,"Pvalb_9",0.0456329367465049,0.358731009890911
0.0513684968952705,0.446327571179911,1.17285593444863,0.244285030729708,0.358731009890911,-5.99056429303145,"Lamp5_3",0.0437977891286532,0.358731009890911
-0.0685991950547352,1.81865270986913,-1.16648977774143,0.246833263686406,0.358731009890911,-6.0221115331421,"L2/3 IT_13",0.0588082264960417,0.358731009890911
0.0452646512340475,3.61730150828576,1.13379235730156,0.26022014786619,0.373210475229141,-5.94132407413925,"L2/3 IT_1",0.039923228395875,0.373210475229141
0.0401514744642477,0.646334408246396,1.1117519306401,0.269527842128801,0.381539412883627,-5.94654144117093,"Vip_15",0.0361154978531319,0.381539412883627
0.0478955912664289,-0.74906033845651,1.0693930330868,0.288063363638342,0.397748565038442,-6.11544913128285,"Vip_21",0.0447876410118164,0.397748565038442
0.0737460556425131,-1.83047861423719,1.06327561927108,0.290810947642013,0.397748565038442,-6.11271075181632,"Sst Chodl_1",0.0693574218254618,0.397748565038442
0.0770314230578455,0.386544551709811,1.06080528042626,0.291925552321792,0.397748565038442,-6.1253156144624,"L2/3 IT_7",0.0726159875702091,0.397748565038442
-0.0681904520973566,-0.31365106070496,-1.01317372236162,0.313988691381838,0.422527992106424,-6.18913363814441,"Sncg_1",0.0673038103854598,0.422527992106424
0.0657305858362823,-1.0744526853875,0.976778698195389,0.3315817417406,0.440128519836762,-6.19557665784448,"L5 ET_2",0.0672932220550268,0.440128519836762
0.044878534381692,1.75701825163734,0.969566421375994,0.335143735288543,0.440128519836762,-6.21353628849776,"L5 IT_5",0.0462872201349559,0.440128519836762
0.0614305783961852,-1.7459034568735,0.948579594301829,0.345650954946122,0.448523262965802,-6.2425294439352,"Pax6_3",0.0647605944353032,0.448523262965802
-0.0323761265435784,-0.0737328774720601,-0.896020798392993,0.372892047535884,0.474137518447369,-6.289419333879,"Pvalb_6",0.0361332310607574,0.474137518447369
0.0330266612821258,0.108002436881674,0.893766187269753,0.374090152169484,0.474137518447369,-6.30688615711948,"Pvalb_1",0.0369522384629637,0.474137518447369
-0.0424808469160504,0.997644072598341,-0.881375771607866,0.380717653283204,0.476991082849072,-6.22552716323019,"Vip_1",0.0481983375133559,0.476991082849072
0.0344181328283363,0.656259649810597,0.847680394135686,0.399109352809553,0.494351357457287,-6.12063490241012,"Vip_19",0.040602723699219,0.494351357457287
-0.0387568263314331,-0.151784203446059,-0.800477899034947,0.425771350674827,0.521450305882654,-6.39514764050996,"Pvalb_5",0.0484171098017299,0.521450305882654
-0.0411671205071373,0.217549956515308,-0.77895792889566,0.438270232812249,0.530793948628169,-6.32929455887979,"Sst_13",0.0528489652393686,0.530793948628169
0.0324897584469256,-1.10917676797744,0.766784028664688,0.445435045212183,0.533543076133274,-6.38233945619429,"Pvalb_13",0.0423714595405758,0.533543076133274
0.0408739539535574,1.12588754029239,0.744374036362444,0.458800460071387,0.543578805954143,-6.39473104192704,"L5 IT_7",0.0549105046077337,0.543578805954143
0.0266504503109868,1.2886388872859,0.610155890975411,0.54346353885375,0.636003028433048,-6.51589075462265,"Pvalb_2",0.0436781004742618,0.636003028433048
0.0382384613148888,0.887866144769422,0.60256298222299,0.54847967589639,0.636003028433048,-6.49643053567555,"L2/3 IT_12",0.063459692086989,0.636003028433048
0.0379285143086589,-1.781956773085,0.587892598020609,0.558236941295641,0.640503437907631,-6.51668516209441,"L5/6 NP_3",0.0645160603082287,0.640503437907631
-0.0273724622874456,-0.0995131062859747,-0.460789113357211,0.646182492708827,0.733686371929814,-6.58321979269854,"Sncg_8",0.0594034483323958,0.733686371929814
0.0250608869787489,-1.27992041816876,0.427146288277239,0.670404039278899,0.753340621457732,-6.59024044040494,"Lamp5_4",0.058670501574119,0.753340621457732
0.0159007252802786,0.356155431579344,0.378414861511154,0.706110623482559,0.785367938363255,-6.61625453568848,"L5/6 NP_2",0.0420192938955436,0.785367938363255
-0.0240052300853617,0.305839395668982,-0.359552652923246,0.720115698010888,0.792854657405927,-6.63267283832247,"Lamp5_5",0.0667641578783905,0.792854657405927
0.0151431968982827,0.365636108753879,0.309279393180417,0.757901745915628,0.818205497312694,-6.43239671625864,"Vip_12",0.0489628382368463,0.818205497312694
-0.0187026483728877,-1.26702191258802,-0.308946931376882,0.758153717693414,0.818205497312694,-6.62386430373691,"Sncg_2",0.0605367669118309,0.818205497312694
0.013221838980476,-0.944880785188447,0.279412459624282,0.780639243402355,0.83421252481232,-6.67885635600883,"Sncg_3",0.0473201481360388,0.83421252481232
0.0129194239410879,-0.744664073908095,0.191866260275598,0.848326276545937,0.897743341199099,-6.69895799315615,"Pvalb_12",0.0673355696959452,0.897743341199099
0.00740097477834125,0.554683696446488,0.159484555718928,0.873683422122447,0.915687432801411,-6.55918346617698,"Vip_13",0.0464055892119394,0.915687432801411
-0.0089638445122626,-0.557803803815436,-0.134464580399528,0.893368171533989,0.927401244735283,-6.62895554900174,"Sncg_5",0.0666632393871215,0.927401244735283
-0.00416678329442654,2.73823329907574,-0.071950103528119,0.942818658431933,0.969502205368686,-6.67256203976339,"L2/3 IT_6",0.0579121236816304,0.969502205368686
0.00158158181932891,-0.938728794438734,0.0333878288526559,0.97344730491236,0.984884065128611,-6.68761305532573,"Sst_12",0.0473700109794081,0.984884065128611
0.00239539191239009,-0.971965345122911,0.030367623317165,0.975848431503578,0.984884065128611,-6.67756092075834,"Lamp5_6",0.0788797953455948,0.984884065128611
-0.000695321757834278,0.851381018918574,-0.0151996814316869,0.987910184782894,0.987910184782894,-6.58328801977845,"Vip_11",0.0457458112500131,0.987910184782894
