Subject,488 Channel,568 Channel,Area (um^2),Layer,,,
656 - L - 1,23,0,27114360.00,2/3,,,
656 - L - 2,24,0,,2/3,,,
656 - L - 3,30,0,,2/3,,,
656 - L - 4,19,0,,2/3,,,
656 - L - 5,14,0,,2/3,,,
656 - L - 6,17,0,,2/3,,,
656 - L - 7,19,0,,2/3,,,
656 - L - 8,22,0,,2/3,,,
656 - L - 9,20,0,,2/3,,,
656 - L - 10,18,0,,2/3,,,
656 - L - 11,22,0,,5/6,,,
656 - L - 12,1,0,,5/6,,,
656 - L - 13,25,0,,5/6,,,
656 - L - 14,22,0,,5/6,,,
656 - L - 15,30,0,,5/6,,,
656 - L - 16,6,0,,5/6,,,
656 - L - 17,22,0,,5/6,,,
656 - L - 18,10,0,,5/6,,,
656 - L - 19,17,0,,5/6,,,
656 - L - 20,20,0,,5/6,,,
656 - R - 1,9,0,26546689.00,2/3,,,
656 - R - 2,10,1,,2/3,,,
656 - R - 3,11,2,,2/3,,,
656 - R - 4,3,2,,2/3,,,
656 - R - 5,4,0,,2/3,,,
656 - R - 6,9,2,,2/3,,,
656 - R - 7,4,1,,2/3,,,
656 - R - 8,5,0,,2/3,,,
656 - R - 9,2,0,,2/3,,,
656 - R - 10,7,2,,2/3,,,
656 - R - 11,4,1,,5/6,,,
656 - R - 12,3,0,,5/6,,,
656 - R - 13,9,0,,5/6,,,
656 - R - 14,1,0,,5/6,,,
656 - R - 15,3,0,,5/6,,,
656 - R - 16,0,0,,5/6,,,
656 - R - 17,0,0,,5/6,,,
656 - R - 18,1,1,,5/6,,,
656 - R - 19,0,0,,5/6,,,
656 - R - 20,0,0,,5/6,,,
668 - L - 1,17,1,34595483.00,2/3,,,
668 - L - 2,16,0,,2/3,,,
668 - L - 3,20,0,,2/3,,,
668 - L - 4,9,1,,2/3,,,
668 - L - 5,28,0,,2/3,,,
668 - L - 6,10,1,,2/3,,,
668 - L - 7,7,1,,2/3,,,
668 - L - 8,12,0,,2/3,,,
668 - L - 9,12,0,,2/3,,,
668 - L - 10,14,2,,2/3,,,
668 - L - 11,18,0,,5/6,,,
668 - L - 12,28,2,,5/6,,,
668 - L - 13,14,0,,5/6,,,
668 - L - 14,18,1,,5/6,,,
668 - L - 15,23,1,,5/6,,,
668 - L - 16,23,0,,5/6,,,
668 - L - 17,23,1,,5/6,,,
668 - L - 18,15,1,,5/6,,,
668 - L - 19,34,1,,5/6,,,
668 - L - 20,29,3,,5/6,,,
668 - R - 1,5,0,36978552.00,2/3,,,
668 - R - 2,8,4,,2/3,,,
668 - R - 3,5,6,,2/3,,,
668 - R - 4,5,2,,2/3,,,
668 - R - 5,6,1,,2/3,,,
668 - R - 6,3,1,,2/3,,,
668 - R - 7,5,3,,2/3,,,
668 - R - 8,2,2,,2/3,,,
668 - R - 9,6,3,,2/3,,,
668 - R - 10,,,,,,,
668 - R - 11,8,0,,5/6,,,
668 - R - 12,4,0,,5/6,,,
668 - R - 13,1,0,,5/6,,,
668 - R - 14,4,1,,5/6,,,
668 - R - 15,2,1,,5/6,,,
668 - R - 16,1,1,,5/6,,,
668 - R - 17,5,0,,5/6,,,
668 - R - 18,0,1,,5/6,,,
668 - R - 19,0,0,,5/6,,,
668 - R - 20,1,0,,5/6,,,
683 - L - 1,19,0,44326334.00,2/3,,,
683 - L - 2,18,0,,2/3,,,
683 - L - 3,28,2,,2/3,,,
683 - L - 4,25,0,,2/3,,,
683 - L - 5,21,2,,2/3,,,
683 - L - 6,23,1,,2/3,,,
683 - L - 7,27,0,,2/3,,,
683 - L - 8,18,2,,2/3,,,
683 - L - 9,15,0,,2/3,,,
683 - L - 10,14,0,,2/3,,,
683 - L - 11,25,1,,5/6,,,
683 - L - 12,34,0,,5/6,,,
683 - L - 13,23,0,,5/6,,,
683 - L - 14,26,0,,5/6,,,
683 - L - 15,31,1,,5/6,,,
683 - L - 16,36,2,,5/6,,,
683 - L - 17,38,0,,5/6,,,
683 - L - 18,30,1,,5/6,,,
683 - L - 19,28,1,,5/6,,,
683 - L - 20,20,1,,5/6,,,
683 - R - 1,0,1,39641654.00,2/3,,,
683 - R - 2,1,2,,2/3,,,
683 - R - 3,3,1,,2/3,,,
683 - R - 4,2,2,,2/3,,,
683 - R - 5,7,1,,2/3,,,
683 - R - 6,7,2,,2/3,,,
683 - R - 7,2,2,,2/3,,,
683 - R - 8,6,1,,2/3,,,
683 - R - 9,5,3,,2/3,,,
683 - R - 10,1,1,,2/3,,,
683 - R - 11,0,0,,5/6,,,
683 - R - 12,0,0,,5/6,,,
683 - R - 13,2,1,,5/6,,,
683 - R - 14,0,0,,5/6,,,
683 - R - 15,3,0,,5/6,,,
683 - R - 16,3,1,,5/6,,,
683 - R - 17,3,0,,5/6,,,
683 - R - 18,1,0,,5/6,,,
683 - R - 19,1,0,,5/6,,,
683 - R - 20,3,1,,5/6,,,
686 - L - 1,16,0,67008838.00,2/3,,,
686 - L - 2,22,3,,2/3,,,
686 - L - 3,17,0,,2/3,,,
686 - L - 4,12,1,,2/3,,,
686 - L - 5,11,0,,2/3,,,
686 - L - 6,11,0,,2/3,,,
686 - L - 7,17,0,,2/3,,,
686 - L - 8,26,2,,2/3,,,
686 - L - 9,31,4,,2/3,,,
686 - L - 10,14,1,,2/3,,,
686 - L - 11,18,0,,5/6,,,
686 - L - 12,21,2,,5/6,,,
686 - L - 13,27,1,,5/6,,,
686 - L - 14,17,0,,5/6,,,
686 - L - 15,15,0,,5/6,,,
686 - L - 16,26,0,,5/6,,,
686 - L - 17,23,0,,5/6,,,
686 - L - 18,33,0,,5/6,,,
686 - L - 19,21,1,,5/6,,,
686 - L - 20,25,0,,5/6,,,
686 - R - 1,2,0,62669256.00,2/3,,,
686 - R - 2,4,0,,2/3,,,
686 - R - 3,2,0,,2/3,,,
686 - R - 4,10,1,,2/3,,,
686 - R - 5,2,0,,2/3,,,
686 - R - 6,2,0,,2/3,,,
686 - R - 7,7,2,,2/3,,,
686 - R - 8,1,1,,2/3,,,
686 - R - 9,2,2,,2/3,,,
686 - R - 10,6,2,,2/3,,,
686 - R - 11,0,0,,5/6,,,
686 - R - 12,0,0,,5/6,,,
686 - R - 13,1,0,,5/6,,,
686 - R - 14,0,0,,5/6,,,
686 - R - 15,3,0,,5/6,,,
686 - R - 16,3,0,,5/6,,,
686 - R - 17,7,1,,5/6,,,
686 - R - 18,9,0,,5/6,,,
686 - R - 19,8,0,,5/6,,,
686 - R - 20,5,1,,5/6,,,
697 - L - 1,4,0,45817590.00,2/3,,,
697 - L - 2,14,0,,2/3,,,
697 - L - 3,15,1,,2/3,,,
697 - L - 4,3,0,,2/3,,,
697 - L - 5,11,0,,2/3,,,
697 - L - 6,1,0,,2/3,,,
697 - L - 7,12,0,,2/3,,,
697 - L - 8,10,1,,2/3,,,
697 - L - 9,19,0,,2/3,,,
697 - L - 10,17,0,,2/3,,,
697 - L - 11,25,0,,5/6,,,
697 - L - 12,16,0,,5/6,,,
697 - L - 13,12,0,,5/6,,,
697 - L - 14,17,0,,5/6,,,
697 - L - 15,21,0,,5/6,,,
697 - L - 16,27,0,,5/6,,,
697 - L - 17,22,1,,5/6,,,
697 - L - 18,8,0,,5/6,,,
697 - L - 19,4,0,,5/6,,,
697 - L - 20,14,0,,5/6,,,
697 - R - 1,3,0,38209717.00,2/3,,,
697 - R - 2,2,1,,2/3,,,
697 - R - 3,1,0,,2/3,,,
697 - R - 4,7,5,,2/3,,,
697 - R - 5,3,0,,2/3,,,
697 - R - 6,1,1,,2/3,,,
697 - R - 7,3,2,,2/3,,,
697 - R - 8,6,0,,2/3,,,
697 - R - 9,5,2,,2/3,,,
697 - R - 10,9,1,,2/3,,,
697 - R - 11,2,2,,5/6,,,
697 - R - 12,6,0,,5/6,,,
697 - R - 13,1,1,,5/6,,,
697 - R - 14,5,0,,5/6,,,
697 - R - 15,0,0,,5/6,,,
697 - R - 16,3,0,,5/6,,,
697 - R - 17,2,0,,5/6,,,
697 - R - 18,1,1,,5/6,,,
697 - R - 19,0,1,,5/6,,,
697 - R - 20,2,1,,5/6,,,
698 - L - 1,17,0,97364956.00,2/3,,,
698 - L - 2,22,1,,2/3,,,
698 - L - 3,20,0,,2/3,,,
698 - L - 4,25,0,,2/3,,,
698 - L - 5,15,0,,2/3,,,
698 - L - 6,13,2,,2/3,,,
698 - L - 7,18,1,,2/3,,,
698 - L - 8,22,1,,2/3,,,
698 - L - 9,19,0,,2/3,,,
698 - L - 10,19,0,,2/3,,,
698 - L - 11,32,0,,5/6,,,
698 - L - 12,16,0,,5/6,,,
698 - L - 13,15,0,,5/6,,,
698 - L - 14,12,0,,5/6,,,
698 - L - 15,23,0,,5/6,,,
698 - L - 16,14,2,,5/6,,,
698 - L - 17,20,0,,5/6,,,
698 - L - 18,26,0,,5/6,,,
698 - L - 19,16,0,,5/6,,,
698 - L - 20,21,0,,5/6,,,
698 - R - 1,2,0,92833559.00,2/3,,,
698 - R - 2,4,0,,2/3,,,
698 - R - 3,5,0,,2/3,,,
698 - R - 4,3,0,,2/3,,,
698 - R - 5,4,0,,2/3,,,
698 - R - 6,1,0,,2/3,,,
698 - R - 7,4,1,,2/3,,,
698 - R - 8,1,2,,2/3,,,
698 - R - 9,4,0,,2/3,,,
698 - R - 10,2,1,,2/3,,,
698 - R - 11,2,0,,5/6,,,
698 - R - 12,5,0,,5/6,,,
698 - R - 13,1,1,,5/6,,,
698 - R - 14,5,1,,5/6,,,
698 - R - 15,3,0,,5/6,,,
698 - R - 16,4,0,,5/6,,,
698 - R - 17,5,1,,5/6,,,
698 - R - 18,5,1,,5/6,,,
698 - R - 19,6,1,,5/6,,,
698 - R - 20,5,1,,5/6,,,
716 - L - 1,2,0,34089328.00,2/3,,,
716 - L - 2,3,0,,2/3,,,
716 - L - 3,13,0,,2/3,,,
716 - L - 4,15,0,,2/3,,,
716 - L - 5,19,0,,2/3,,,
716 - L - 6,21,0,,2/3,,,
716 - L - 7,0,0,,2/3,,,
716 - L - 8,25,0,,2/3,,,
716 - L - 9,28,0,,2/3,,,
716 - L - 10,26,0,,2/3,,,
716 - L - 11,20,0,,5/6,,,
716 - L - 12,30,0,,5/6,,,
716 - L - 13,26,0,,5/6,,,
716 - L - 14,30,0,,5/6,,,
716 - L - 15,14,0,,5/6,,,
716 - L - 16,30,0,,5/6,,,
716 - L - 17,13,0,,5/6,,,
716 - L - 18,36,0,,5/6,,,
716 - L - 19,25,0,,5/6,,,
716 - L - 20,19,0,,5/6,,,
716 - R - 1,1,2,29254914,2/3,,,
716 - R - 2,1,3,,2/3,,,
716 - R - 3,1,2,,2/3,,,
716 - R - 4,3,1,,2/3,,,
716 - R - 5,2,1,,2/3,,,
716 - R - 6,4,0,,2/3,,,
716 - R - 7,5,1,,2/3,,,
716 - R - 8,1,1,,2/3,,,
716 - R - 9,2,0,,2/3,,,
716 - R - 10,1,0,,2/3,,,
716 - R - 11,0,0,,5/6,,,
716 - R - 12,0,0,,5/6,,,
716 - R - 13,0,0,,5/6,,,
716 - R - 14,2,0,,5/6,,,
716 - R - 15,3,0,,5/6,,,
716 - R - 16,0,0,,5/6,,,
716 - R - 17,1,0,,5/6,,,
716 - R - 18,0,0,,5/6,,,
716 - R - 19,3,0,,5/6,,,
716 - R - 20,0,0,,5/6,,,
789 - l - 1,,,,,,,
789 - l - 2,,,,,,,
789 - l - 3,,,,,,,
789 - l - 4,,,,,,,
789 - l - 5,,,,,,,
789 - l - 6,,,,,,,
789 - l - 7,,,,,,,
789 - l - 8,,,,,,,
789 - l - 9,,,,,,,
789 - l - 10,,,,,,,
789 - l - 11,,,,,,,
789 - l - 12,,,,,,,
789 - l - 13,,,,,,,
789 - l - 14,,,,,,,
789 - l - 15,,,,,,,
789 - l - 16,,,,,,,
789 - l - 17,,,,,,,
789 - l - 18,,,,,,,
789 - l - 19,,,,,,,
789 - l - 20,,,,,,,
789 - R - 1,3,3,49662847.00,2/3,,,
789 - R - 2,5,5,,2/3,,,
789 - R - 3,6,2,,2/3,,,
789 - R - 4,2,2,,2/3,,,
789 - R - 5,2,1,,2/3,,,
789 - R - 6,0,0,,2/3,,,
789 - R - 7,3,3,,2/3,,,
789 - R - 8,5,2,,2/3,,,
789 - R - 9,6,2,,2/3,,,
789 - R - 10,12,3,,2/3,,,
789 - R - 11,1,0,,5/6,,,
789 - R - 12,0,0,,5/6,,,
789 - R - 13,6,0,,5/6,,,
789 - R - 14,4,1,,5/6,,,
789 - R - 15,0,2,,5/6,,,
789 - R - 16,7,0,,5/6,,,
789 - R - 17,0,0,,5/6,,,
789 - R - 18,4,0,,5/6,,,
789 - R - 19,0,0,,5/6,,,
789 - R - 20,2,0,,5/6,,,
795 - L - 1,34,0,78391693.00,2/3,,,
795 - L - 2,31,0,,2/3,,,
795 - L - 3,19,0,,2/3,,,
795 - L - 4,21,0,,2/3,,,
795 - L - 5,29,0,,2/3,,,
795 - L - 6,15,0,,2/3,,,
795 - L - 7,29,0,,2/3,,,
795 - L - 8,18,0,,2/3,,,
795 - L - 9,17,1,,2/3,,,
795 - L - 10,18,0,,2/3,,,
795 - L - 11,22,0,,5/6,,,
795 - L - 12,21,0,,5/6,,,
795 - L - 13,23,0,,5/6,,,
795 - L - 14,27,0,,5/6,,,
795 - L - 15,24,0,,5/6,,,
795 - L - 16,24,0,,5/6,,,
795 - L - 17,31,2,,5/6,,,
795 - L - 18,14,0,,5/6,,,
795 - L - 19,23,0,,5/6,,,
795 - L - 20,21,0,,5/6,,,
795 - R - 1,2,3,82782791.00,2/3,,,
795 - R - 2,4,0,,2/3,,,
795 - R - 3,3,0,,2/3,,,
795 - R - 4,2,2,,2/3,,,
795 - R - 5,2,1,,2/3,,,
795 - R - 6,0,1,,2/3,,,
795 - R - 7,3,1,,2/3,,,
795 - R - 8,4,0,,2/3,,,
795 - R - 9,0,3,,2/3,,,
795 - R - 10,2,0,,2/3,,,
795 - R - 11,5,2,,5/6,,,
795 - R - 12,0,0,,5/6,,,
795 - R - 13,1,0,,5/6,,,
795 - R - 14,0,0,,5/6,,,
795 - R - 15,3,1,,5/6,,,
795 - R - 16,3,0,,5/6,,,
795 - R - 17,3,0,,5/6,,,
795 - R - 18,0,0,,5/6,,,
795 - R - 19,3,0,,5/6,,,
795 - R - 20,1,0,,5/6,,,
840 - L - 1,13,0,105570244.00,2/3,,,
840 - L - 2,37,5,,2/3,,,
840 - L - 3,21,0,,2/3,,,
840 - L - 4,38,2,,2/3,,,
840 - L - 5,25,0,,2/3,,,
840 - L - 6,22,3,,2/3,,,
840 - L - 7,20,0,,2/3,,,
840 - L - 8,14,0,,2/3,,,
840 - L - 9,26,0,,2/3,,,
840 - L - 10,13,0,,2/3,,,
840 - L - 11,11,0,,5/6,,,
840 - L - 12,13,0,,5/6,,,
840 - L - 13,18,1,,5/6,,,
840 - L - 14,19,0,,5/6,,,
840 - L - 15,14,0,,5/6,,,
840 - L - 16,29,1,,5/6,,,
840 - L - 17,25,0,,5/6,,,
840 - L - 18,26,3,,5/6,,,
840 - L - 19,23,0,,5/6,,,
840 - L - 20,26,1,,5/6,,,
840 - R - 1,7,3,,2/3,,,
840 - R - 2,2,2,,2/3,,,
840 - R - 3,5,6,,2/3,,,
840 - R - 4,11,4,,2/3,,,
840 - R - 5,2,2,,2/3,,,
840 - R - 6,1,1,,2/3,,,
840 - R - 7,3,1,,2/3,,,
840 - R - 8,3,2,,2/3,,,
840 - R - 9,3,2,,2/3,,,
840 - R - 10,1,2,,2/3,,,
840 - R - 11,0,0,,5/6,,,
840 - R - 12,0,1,,5/6,,,
840 - R - 13,1,1,,5/6,,,
840 - R - 14,2,0,,5/6,,,
840 - R - 15,4,0,,5/6,,,
840 - R - 16,3,1,,5/6,,,
840 - R - 17,2,1,,5/6,,,
840 - R - 18,0,0,,5/6,,,
840 - R - 19,1,0,,5/6,,,
840 - R - 20,1,1,,5/6,,,
843 - L - 1,3,0,30111237.00,2/3,,,
843 - L - 2,8,0,,2/3,,,
843 - L - 3,13,2,,2/3,,,
843 - L - 4,10,2,,2/3,,,
843 - L - 5,12,2,,2/3,,,
843 - L - 6,13,0,,2/3,,,
843 - L - 7,12,0,,2/3,,,
843 - L - 8,12,2,,2/3,,,
843 - L - 9,0,0,,2/3,,,
843 - L - 10,8,0,,2/3,,,
843 - L - 11,0,0,,5/6,,,
843 - L - 12,0,0,,5/6,,,
843 - L - 13,0,0,,5/6,,,
843 - L - 14,0,0,,5/6,,,
843 - L - 15,0,0,,5/6,,,
843 - L - 16,0,0,,5/6,,,
843 - L - 17,0,0,,5/6,,,
843 - L - 18,0,0,,5/6,,,
843 - L - 19,3,0,,5/6,,,
843 - L - 20,2,0,,5/6,,,
843 - R - 1,6,0,29377777.00,2/3,,,
843 - R - 2,1,0,,2/3,,,
843 - R - 3,3,2,,2/3,,,
843 - R - 4,4,0,,2/3,,,
843 - R - 5,3,0,,2/3,,,
843 - R - 6,1,2,,2/3,,,
843 - R - 7,2,1,,2/3,,,
843 - R - 8,4,0,,2/3,,,
843 - R - 9,5,0,,2/3,,,
843 - R - 10,1,1,,2/3,,,
843 - R - 11,0,0,,5/6,,,
843 - R - 12,0,0,,5/6,,,
843 - R - 13,0,0,,5/6,,,
843 - R - 14,0,0,,5/6,,,
843 - R - 15,0,0,,5/6,,,
843 - R - 16,0,0,,5/6,,,
843 - R - 17,0,0,,5/6,,,
843 - R - 18,0,0,,5/6,,,
843 - R - 19,2,1,,5/6,,,
843 - R - 20,1,0,,5/6,,,
886 - L - 1,18,0,88631374.00,2/3,,,
886 - L - 2,20,0,,2/3,,,
886 - L - 3,12,0,,2/3,,,
886 - L - 4,20,1,,2/3,,,
886 - L - 5,25,0,,2/3,,,
886 - L - 6,28,0,,2/3,,,
886 - L - 7,23,1,,2/3,,,
886 - L - 8,26,0,,2/3,,,
886 - L - 9,32,1,,2/3,,,
886 - L - 10,30,0,,2/3,,,
886 - L - 11,5,0,,5/6,,,
886 - L - 12,18,0,,5/6,,,
886 - L - 13,5,0,,5/6,,,
886 - L - 14,14,0,,5/6,,,
886 - L - 15,14,0,,5/6,,,
886 - L - 16,13,0,,5/6,,,
886 - L - 17,5,0,,5/6,,,
886 - L - 18,18,0,,5/6,,,
886 - L - 19,15,1,,5/6,,,
886 - L - 20,10,1,,5/6,,,
886 - R - 1,7,1,92361204.00,2/3,,,
886 - R - 2,3,1,,2/3,,,
886 - R - 3,2,2,,2/3,,,
886 - R - 4,3,1,,2/3,,,
886 - R - 5,1,1,,2/3,,,
886 - R - 6,3,1,,2/3,,,
886 - R - 7,2,1,,2/3,,,
886 - R - 8,3,2,,2/3,,,
886 - R - 9,3,2,,2/3,,,
886 - R - 10,5,1,,2/3,,,
886 - R - 11,3,1,,5/6,,,
886 - R - 12,5,2,,5/6,,,
886 - R - 13,4,0,,5/6,,,
886 - R - 14,2,0,,5/6,,,
886 - R - 15,1,0,,5/6,,,
886 - R - 16,1,0,,5/6,,,
886 - R - 17,1,0,,5/6,,,
886 - R - 18,1,1,,5/6,,,
886 - R - 19,2,0,,5/6,,,
886 - R - 20,3,0,,5/6,,,
934 - L - 1,12,0,67573129.00,2/3,,,
934 - L - 2,12,0,,2/3,,,
934 - L - 3,13,0,,2/3,,,
934 - L - 4,11,0,,2/3,,,
934 - L - 5,27,0,,2/3,,,
934 - L - 6,24,0,,2/3,,,
934 - L - 7,41,1,,2/3,,,
934 - L - 8,21,0,,2/3,,,
934 - L - 9,24,0,,2/3,,,
934 - L - 10,20,0,,2/3,,,
934 - L - 11,10,0,,5/6,,,
934 - L - 12,4,0,,5/6,,,
934 - L - 13,5,0,,5/6,,,
934 - L - 14,3,0,,5/6,,,
934 - L - 15,7,0,,5/6,,,
934 - L - 16,4,0,,5/6,,,
934 - L - 17,15,0,,5/6,,,
934 - L - 18,19,0,,5/6,,,
934 - L - 19,22,1,,5/6,,,
934 - L - 20,7,0,,5/6,,,
934 - R - 1,0,0,70032079.00,2/3,,,
934 - R - 2,0,0,,2/3,,,
934 - R - 3,1,1,,2/3,,,
934 - R - 4,4,0,,2/3,,,
934 - R - 5,2,2,,2/3,,,
934 - R - 6,0,0,,2/3,,,
934 - R - 7,2,0,,2/3,,,
934 - R - 8,2,0,,2/3,,,
934 - R - 9,0,1,,2/3,,,
934 - R - 10,0,0,,2/3,,,
934 - R - 11,1,0,,5/6,,,
934 - R - 12,1,0,,5/6,,,
934 - R - 13,0,0,,5/6,,,
934 - R - 14,0,0,,5/6,,,
934 - R - 15,0,0,,5/6,,,
934 - R - 16,0,0,,5/6,,,
934 - R - 17,2,0,,5/6,,,
934 - R - 18,0,0,,5/6,,,
934 - R - 19,0,0,,5/6,,,
934 - R - 20,4,0,,5/6,,,
945 - L - 1,18,0,51869142.00,2/3,,,
945 - L - 2,30,0,,2/3,,,
945 - L - 3,27,0,,2/3,,,
945 - L - 4,21,0,,2/3,,,
945 - L - 5,17,0,,2/3,,,
945 - L - 6,37,3,,2/3,,,
945 - L - 7,25,0,,2/3,,,
945 - L - 8,30,0,,2/3,,,
945 - L - 9,21,0,,2/3,,,
945 - L - 10,21,0,,2/3,,,
945 - L - 11,22,0,,5/6,,,
945 - L - 12,16,0,,5/6,,,
945 - L - 13,1,0,,5/6,,,
945 - L - 14,13,1,,5/6,,,
945 - L - 15,7,0,,5/6,,,
945 - L - 16,15,0,,5/6,,,
945 - L - 17,24,0,,5/6,,,
945 - L - 18,22,0,,5/6,,,
945 - L - 19,4,0,,5/6,,,
945 - L - 20,24,0,,5/6,,,
945 - R - 1,4,6,60787272.00,2/3,,,
945 - R - 2,5,4,,2/3,,,
945 - R - 3,3,0,,2/3,,,
945 - R - 4,5,2,,2/3,,,
945 - R - 5,4,1,,2/3,,,
945 - R - 6,4,2,,2/3,,,
945 - R - 7,3,2,,2/3,,,
945 - R - 8,3,1,,2/3,,,
945 - R - 9,5,7,,2/3,,,
945 - R - 10,4,4,,2/3,,,
945 - R - 11,0,0,,5/6,,,
945 - R - 12,5,0,,5/6,,,
945 - R - 13,6,0,,5/6,,,
945 - R - 14,0,0,,5/6,,,
945 - R - 15,0,0,,5/6,,,
945 - R - 16,1,0,,5/6,,,
945 - R - 17,1,0,,5/6,,,
945 - R - 18,3,1,,5/6,,,
945 - R - 19,0,1,,5/6,,,
945 - R - 20,2,0,,5/6,,,
957 - L - 1,34,1,38753221.00,2/3,,,
957 - L - 2,19,0,,2/3,,,
957 - L - 3,22,1,,2/3,,,
957 - L - 4,30,1,,2/3,,,
957 - L - 5,19,0,,2/3,,,
957 - L - 6,14,1,,2/3,,,
957 - L - 7,28,5,,2/3,,,
957 - L - 8,31,1,,2/3,,,
957 - L - 9,26,3,,2/3,,,
957 - L - 10,24,0,,2/3,,,
957 - L - 11,0,0,,5/6,,,
957 - L - 12,27,1,,5/6,,,
957 - L - 13,17,3,,5/6,,,
957 - L - 14,17,4,,5/6,,,
957 - L - 15,31,2,,5/6,,,
957 - L - 16,25,2,,5/6,,,
957 - L - 17,28,1,,5/6,,,
957 - L - 18,1,0,,5/6,,,
957 - L - 19,22,0,,5/6,,,
957 - L - 20,18,1,,5/6,,,
957 - R - 1,2,1,36066290.00,2/3,,,
957 - R - 2,3,0,,2/3,,,
957 - R - 3,5,1,,2/3,,,
957 - R - 4,3,0,,2/3,,,
957 - R - 5,1,0,,2/3,,,
957 - R - 6,3,0,,2/3,,,
957 - R - 7,3,0,,2/3,,,
957 - R - 8,0,0,,2/3,,,
957 - R - 9,1,1,,2/3,,,
957 - R - 10,2,1,,2/3,,,
957 - R - 11,1,3,,5/6,,,
957 - R - 12,3,1,,5/6,,,
957 - R - 13,1,1,,5/6,,,
957 - R - 14,6,3,,5/6,,,
957 - R - 15,5,0,,5/6,,,
957 - R - 16,0,3,,5/6,,,
957 - R - 17,11,4,,5/6,,,
957 - R - 18,4,2,,5/6,,,
957 - R - 19,6,5,,5/6,,,
957 - R - 20,5,1,,5/6,,,
967 - L - 1,19,0,51133147.00,2/3,,,
967 - L - 2,12,0,,2/3,,,
967 - L - 3,20,1,,2/3,,,
967 - L - 4,1,0,,2/3,,,
967 - L - 5,20,0,,2/3,,,
967 - L - 6,15,1,,2/3,,,
967 - L - 7,28,2,,2/3,,,
967 - L - 8,25,1,,2/3,,,
967 - L - 9,32,0,,2/3,,,
967 - L - 10,28,1,,2/3,,,
967 - L - 11,19,0,,5/6,,,
967 - L - 12,22,1,,5/6,,,
967 - L - 13,22,1,,5/6,,,
967 - L - 14,20,1,,5/6,,,
967 - L - 15,23,0,,5/6,,,
967 - L - 16,36,1,,5/6,,,
967 - L - 17,21,2,,5/6,,,
967 - L - 18,20,0,,5/6,,,
967 - L - 19,26,1,,5/6,,,
967 - L - 20,27,1,,5/6,,,
967 - R - 1,2,3,52577928.00,2/3,,,
967 - R - 2,6,3,,2/3,,,
967 - R - 3,14,1,,2/3,,,
967 - R - 4,2,3,,2/3,,,
967 - R - 5,6,2,,2/3,,,
967 - R - 6,10,3,,2/3,,,
967 - R - 7,8,0,,2/3,,,
967 - R - 8,7,0,,2/3,,,
967 - R - 9,5,1,,2/3,,,
967 - R - 10,4,4,,2/3,,,
967 - R - 11,4,0,,5/6,,,
967 - R - 12,1,1,,5/6,,,
967 - R - 13,4,1,,5/6,,,
967 - R - 14,8,3,,5/6,,,
967 - R - 15,5,1,,5/6,,,
967 - R - 16,4,0,,5/6,,,
967 - R - 17,5,0,,5/6,,,
967 - R - 18,0,0,,5/6,,,
967 - R - 19,1,0,,5/6,,,
967 - R - 20,0,0,,5/6,,,
984 - L - 1,20,0,43237298.00,2/3,,,
984 - L - 2,35,0,,2/3,,,
984 - L - 3,20,0,,2/3,,,
984 - L - 4,26,0,,2/3,,,
984 - L - 5,22,0,,2/3,,,
984 - L - 6,14,0,,2/3,,,
984 - L - 7,14,0,,2/3,,,
984 - L - 8,18,0,,2/3,,,
984 - L - 9,22,0,,2/3,,,
984 - L - 10,29,0,,2/3,,,
984 - L - 11,14,1,,5/6,,,
984 - L - 12,7,0,,5/6,,,
984 - L - 13,22,2,,5/6,,,
984 - L - 14,32,1,,5/6,,,
984 - L - 15,26,1,,5/6,,,
984 - L - 16,25,0,,5/6,,,
984 - L - 17,18,0,,5/6,,,
984 - L - 18,29,1,,5/6,,,
984 - L - 19,33,0,,5/6,,,
984 - L - 20,26,0,,5/6,,,
984 - R - 1,0,0,46314112.00,2/3,,,
984 - R - 2,0,4,,2/3,,,
984 - R - 3,1,1,,2/3,,,
984 - R - 4,2,1,,2/3,,,
984 - R - 5,0,0,,2/3,,,
984 - R - 6,3,1,,2/3,,,
984 - R - 7,2,1,,2/3,,,
984 - R - 8,0,2,,2/3,,,
984 - R - 9,1,1,,2/3,,,
984 - R - 10,1,3,,2/3,,,
984 - R - 11,3,0,,5/6,,,
984 - R - 12,0,0,,5/6,,,
984 - R - 13,2,0,,5/6,,,
984 - R - 14,4,0,,5/6,,,
984 - R - 15,0,0,,5/6,,,
984 - R - 16,3,3,,5/6,,,
984 - R - 17,1,0,,5/6,,,
984 - R - 18,2,0,,5/6,,,
984 - R - 19,2,0,,5/6,,,
984 - R - 20,3,1,,5/6,,,
986 - L - 1,27,0,80541513.00,2/3,,,
986 - L - 2,18,0,,2/3,,,
986 - L - 3,29,0,,2/3,,,
986 - L - 4,20,0,,2/3,,,
986 - L - 5,18,1,,2/3,,,
986 - L - 6,25,0,,2/3,,,
986 - L - 7,23,0,,2/3,,,
986 - L - 8,16,0,,2/3,,,
986 - L - 9,31,0,,2/3,,,
986 - L - 10,32,1,,2/3,,,
986 - L - 11,14,0,,5/6,,,
986 - L - 12,32,0,,5/6,,,
986 - L - 13,20,0,,5/6,,,
986 - L - 14,30,0,,5/6,,,
986 - L - 15,24,1,,5/6,,,
986 - L - 16,24,1,,5/6,,,
986 - L - 17,17,0,,5/6,,,
986 - L - 18,21,0,,5/6,,,
986 - L - 19,23,0,,5/6,,,
986 - L - 20,23,0,,5/6,,,
986 - R - 1,10,3,82362488.00,2/3,,,
986 - R - 2,3,2,,2/3,,,
986 - R - 3,3,3,,2/3,,,
986 - R - 4,3,3,,2/3,,,
986 - R - 5,2,1,,2/3,,,
986 - R - 6,5,3,,2/3,,,
986 - R - 7,6,2,,2/3,,,
986 - R - 8,5,0,,2/3,,,
986 - R - 9,6,3,,2/3,,,
986 - R - 10,5,0,,2/3,,,
986 - R - 11,3,0,,5/6,,,
986 - R - 12,1,0,,5/6,,,
986 - R - 13,2,0,,5/6,,,
986 - R - 14,2,0,,5/6,,,
986 - R - 15,3,0,,5/6,,,
986 - R - 16,1,0,,5/6,,,
986 - R - 17,1,1,,5/6,,,
986 - R - 18,1,1,,5/6,,,
986 - R - 19,1,0,,5/6,,,
986 - R - 20,3,1,,5/6,,,
1010 - L - 1,21,2,23656451.00,2/3,,,
1010 - L - 2,24,1,,2/3,,,
1010 - L - 3,15,0,,2/3,,,
1010 - L - 4,22,0,,2/3,,,
1010 - L - 5,16,0,,2/3,,,
1010 - L - 6,7,0,,2/3,,,
1010 - L - 7,9,0,,2/3,,,
1010 - L - 8,27,0,,2/3,,,
1010 - L - 9,15,1,,2/3,,,
1010 - L - 10,5,0,,2/3,,,
1010 - L - 11,7,0,,5/6,,,
1010 - L - 12,3,0,,5/6,,,
1010 - L - 13,2,0,,5/6,,,
1010 - L - 14,11,2,,5/6,,,
1010 - L - 15,11,1,,5/6,,,
1010 - L - 16,3,0,,5/6,,,
1010 - L - 17,10,0,,5/6,,,
1010 - L - 18,8,0,,5/6,,,
1010 - L - 19,26,0,,5/6,,,
1010 - L - 20,8,0,,5/6,,,
1010 - R - 1,3,6,27173679.00,2/3,,,
1010 - R - 2,1,1,,2/3,,,
1010 - R - 3,7,0,,2/3,,,
1010 - R - 4,4,1,,2/3,,,
1010 - R - 5,1,0,,2/3,,,
1010 - R - 6,1,0,,2/3,,,
1010 - R - 7,6,0,,2/3,,,
1010 - R - 8,1,1,,2/3,,,
1010 - R - 9,2,2,,2/3,,,
1010 - R - 10,2,1,,2/3,,,
1010 - R - 11,4,0,,5/6,,,
1010 - R - 12,4,0,,5/6,,,
1010 - R - 13,2,0,,5/6,,,
1010 - R - 14,1,1,,5/6,,,
1010 - R - 15,1,0,,5/6,,,
1010 - R - 16,0,0,,5/6,,,
1010 - R - 17,0,0,,5/6,,,
1010 - R - 18,0,1,,5/6,,,
1010 - R - 19,4,0,,5/6,,,
1010 - R - 20,7,0,,5/6,,,
1020 - L - 1,16,0,78831909.00,2/3,,,
1020 - L - 2,16,1,,2/3,,,
1020 - L - 3,10,1,,2/3,,,
1020 - L - 4,12,0,,2/3,,,
1020 - L - 5,7,0,,2/3,,,
1020 - L - 6,12,0,,2/3,,,
1020 - L - 7,22,0,,2/3,,,
1020 - L - 8,25,4,,2/3,,,
1020 - L - 9,13,0,,2/3,,,
1020 - L - 10,9,0,,2/3,,,
1020 - L - 11,15,1,,5/6,,,
1020 - L - 12,4,0,,5/6,,,
1020 - L - 13,5,0,,5/6,,,
1020 - L - 14,23,1,,5/6,,,
1020 - L - 15,25,1,,5/6,,,
1020 - L - 16,12,0,,5/6,,,
1020 - L - 17,17,1,,5/6,,,
1020 - L - 18,30,1,,5/6,,,
1020 - L - 19,14,0,,5/6,,,
1020 - L - 20,24,0,,5/6,,,
1020 - R - 1,2,0,81202134.00,2/3,,,
1020 - R - 2,3,0,,2/3,,,
1020 - R - 3,1,2,,2/3,,,
1020 - R - 4,0,0,,2/3,,,
1020 - R - 5,2,0,,2/3,,,
1020 - R - 6,4,3,,2/3,,,
1020 - R - 7,2,0,,2/3,,,
1020 - R - 8,1,1,,2/3,,,
1020 - R - 9,3,0,,2/3,,,
1020 - R - 10,5,0,,2/3,,,
1020 - R - 11,3,4,,5/6,,,
1020 - R - 12,6,5,,5/6,,,
1020 - R - 13,2,2,,5/6,,,
1020 - R - 14,8,4,,5/6,,,
1020 - R - 15,1,0,,5/6,,,
1020 - R - 16,6,2,,5/6,,,
1020 - R - 17,1,2,,5/6,,,
1020 - R - 18,2,1,,5/6,,,
1020 - R - 19,2,4,,5/6,,,
1020 - R - 20,4,4,,5/6,,,
1041 - L - 1,21,0,,2/3,,,
1041 - L - 2,13,1,,2/3,,,
1041 - L - 3,13,0,,2/3,,,
1041 - L - 4,13,0,,2/3,,,
1041 - L - 5,16,0,,2/3,,,
1041 - L - 6,12,0,,2/3,,,
1041 - L - 7,14,1,,2/3,,,
1041 - L - 8,26,0,,2/3,,,
1041 - L - 9,27,1,,2/3,,,
1041 - L - 10,23,0,,2/3,,,
1041 - L - 11,16,0,,5/6,,,
1041 - L - 12,9,0,,5/6,,,
1041 - L - 13,16,0,,5/6,,,
1041 - L - 14,21,0,,5/6,,,
1041 - L - 15,24,0,,5/6,,,
1041 - L - 16,7,0,,5/6,,,
1041 - L - 17,6,0,,5/6,,,
1041 - L - 18,16,0,,5/6,,,
1041 - L - 19,26,0,,5/6,,,
1041 - L - 20,15,0,,5/6,,,
1041 - R - 1,5,1,67336698.00,2/3,,,
1041 - R - 2,1,3,,2/3,,,
1041 - R - 3,0,1,,2/3,,,
1041 - R - 4,3,0,,2/3,,,
1041 - R - 5,4,5,,2/3,,,
1041 - R - 6,3,7,,2/3,,,
1041 - R - 7,3,2,,2/3,,,
1041 - R - 8,2,2,,2/3,,,
1041 - R - 9,1,1,,2/3,,,
1041 - R - 10,3,1,,2/3,,,
1041 - R - 11,0,0,,5/6,,,
1041 - R - 12,2,3,,5/6,,,
1041 - R - 13,1,0,,5/6,,,
1041 - R - 14,1,1,,5/6,,,
1041 - R - 15,2,1,,5/6,,,
1041 - R - 16,0,0,,5/6,,,
1041 - R - 17,2,0,,5/6,,,
1041 - R - 18,0,0,,5/6,,,
1041 - R - 19,1,0,,5/6,,,
1041 - R - 20,0,1,,5/6,,,
1044 - L - 1,3,0,22726782.00,2/3,,,
1044 - L - 2,11,0,,2/3,,,
1044 - L - 3,4,0,,2/3,,,
1044 - L - 4,2,0,,2/3,,,
1044 - L - 5,2,0,,2/3,,,
1044 - L - 6,0,0,,2/3,,,
1044 - L - 7,3,0,,2/3,,,
1044 - L - 8,0,0,,2/3,,,
1044 - L - 9,0,0,,2/3,,,
1044 - L - 10,2,0,,2/3,,,
1044 - L - 11,7,0,,5/6,,,
1044 - L - 12,6,0,,5/6,,,
1044 - L - 13,0,0,,5/6,,,
1044 - L - 14,0,0,,5/6,,,
1044 - L - 15,0,0,,5/6,,,
1044 - L - 16,0,0,,5/6,,,
1044 - L - 17,0,0,,5/6,,,
1044 - L - 18,0,0,,5/6,,,
1044 - L - 19,0,0,,5/6,,,
1044 - L - 20,0,0,,5/6,,,
1044 - R - 1,0,0,20962422.00,2/3,,,
1044 - R - 2,0,2,,2/3,,,
1044 - R - 3,1,3,,2/3,,,
1044 - R - 4,0,0,,2/3,,,
1044 - R - 5,3,0,,2/3,,,
1044 - R - 6,4,0,,2/3,,,
1044 - R - 7,0,1,,2/3,,,
1044 - R - 8,0,0,,2/3,,,
1044 - R - 9,0,0,,2/3,,,
1044 - R - 10,0,0,,2/3,,,
1044 - R - 11,7,1,,5/6,,,
1044 - R - 12,1,0,,5/6,,,
1044 - R - 13,0,1,,5/6,,,
1044 - R - 14,1,0,,5/6,,,
1044 - R - 15,0,0,,5/6,,,
1044 - R - 16,0,0,,5/6,,,
1044 - R - 17,1,0,,5/6,,,
1044 - R - 18,1,0,,5/6,,,
1044 - R - 19,0,0,,5/6,,,
1044 - R - 20,3,0,,5/6,,,
1047 - L - 1,8,0,35622665.00,2/3,,,
1047 - L - 2,7,0,,2/3,,,
1047 - L - 3,6,0,,2/3,,,
1047 - L - 4,16,0,,2/3,,,
1047 - L - 5,15,2,,2/3,,,
1047 - L - 6,17,0,,2/3,,,
1047 - L - 7,26,0,,2/3,,,
1047 - L - 8,19,0,,2/3,,,
1047 - L - 9,12,0,,2/3,,,
1047 - L - 10,18,1,,2/3,,,
1047 - L - 11,26,1,,5/6,,,
1047 - L - 12,26,1,,5/6,,,
1047 - L - 13,24,1,,5/6,,,
1047 - L - 14,31,0,,5/6,,,
1047 - L - 15,10,0,,5/6,,,
1047 - L - 16,23,0,,5/6,,,
1047 - L - 17,22,2,,5/6,,,
1047 - L - 18,15,0,,5/6,,,
1047 - L - 19,6,0,,5/6,,,
1047 - L - 20,14,0,,5/6,,,
1047 - R - 1,5,2,7214948.00,2/3,,,
1047 - R - 2,4,3,,2/3,,,
1047 - R - 3,4,0,,2/3,,,
1047 - R - 4,3,3,,2/3,,,
1047 - R - 5,4,2,,2/3,,,
1047 - R - 6,6,5,,2/3,,,
1047 - R - 7,7,3,,2/3,,,
1047 - R - 8,2,1,,2/3,,,
1047 - R - 9,2,3,,2/3,,,
1047 - R - 10,1,1,,2/3,,,
1047 - R - 11,1,0,,5/6,,,
1047 - R - 12,1,0,,5/6,,,
1047 - R - 13,4,0,,5/6,,,
1047 - R - 14,0,0,,5/6,,,
1047 - R - 15,3,0,,5/6,,,
1047 - R - 16,3,0,,5/6,,,
1047 - R - 17,1,0,,5/6,,,
1047 - R - 18,3,0,,5/6,,,
1047 - R - 19,0,0,,5/6,,,
1047 - R - 20,1,0,,5/6,,,
1048 - L - 1,14,0,33174531.00,2/3,,,
1048 - L - 2,4,1,,2/3,,,
1048 - L - 3,3,0,,2/3,,,
1048 - L - 4,2,0,,2/3,,,
1048 - L - 5,2,0,,2/3,,,
1048 - L - 6,10,0,,2/3,,,
1048 - L - 7,9,1,,2/3,,,
1048 - L - 8,13,0,,2/3,,,
1048 - L - 9,5,0,,2/3,,,
1048 - L - 10,14,0,,2/3,,,
1048 - L - 11,24,2,,5/6,,,
1048 - L - 12,19,1,,5/6,,,
1048 - L - 13,12,0,,5/6,,,
1048 - L - 14,15,0,,5/6,,,
1048 - L - 15,15,1,,5/6,,,
1048 - L - 16,11,1,,5/6,,,
1048 - L - 17,14,0,,5/6,,,
1048 - L - 18,16,1,,5/6,,,
1048 - L - 19,15,0,,5/6,,,
1048 - L - 20,12,1,,5/6,,,
1048 - R - 1,4,1,31619731.00,2/3,,,
1048 - R - 2,1,3,,2/3,,,
1048 - R - 3,0,0,,2/3,,,
1048 - R - 4,1,0,,2/3,,,
1048 - R - 5,1,0,,2/3,,,
1048 - R - 6,3,4,,2/3,,,
1048 - R - 7,3,1,,2/3,,,
1048 - R - 8,1,1,,2/3,,,
1048 - R - 9,2,0,,2/3,,,
1048 - R - 10,3,1,,2/3,,,
1048 - R - 11,3,0,,5/6,,,
1048 - R - 12,1,0,,5/6,,,
1048 - R - 13,4,0,,5/6,,,
1048 - R - 14,5,0,,5/6,,,
1048 - R - 15,2,0,,5/6,,,
1048 - R - 16,0,0,,5/6,,,
1048 - R - 17,0,0,,5/6,,,
1048 - R - 18,1,0,,5/6,,,
1048 - R - 19,6,0,,5/6,,,
1048 - R - 20,2,0,,5/6,,,
1053 - L - 1,4,0,,2/3,,,
1053 - L - 2,10,0,,2/3,,,
1053 - L - 3,7,0,,2/3,,,
1053 - L - 4,18,0,,2/3,,,
1053 - L - 5,14,0,,2/3,,,
1053 - L - 6,3,0,,2/3,,,
1053 - L - 7,6,0,,2/3,,,
1053 - L - 8,26,1,,2/3,,,
1053 - L - 9,12,1,,2/3,,,
1053 - L - 10,18,0,,2/3,,,
1053 - L - 11,6,0,,5/6,,,
1053 - L - 12,8,0,,5/6,,,
1053 - L - 13,10,0,,5/6,,,
1053 - L - 14,14,0,,5/6,,,
1053 - L - 15,20,0,,5/6,,,
1053 - L - 16,11,1,,5/6,,,
1053 - L - 17,19,0,,5/6,,,
1053 - L - 18,18,0,,5/6,,,
1053 - L - 19,18,0,,5/6,,,
1053 - L - 20,23,0,,5/6,,,
1053 - R - 1,1,0,,2/3,,,
1053 - R - 2,1,0,,2/3,,,
1053 - R - 3,2,0,,2/3,,,
1053 - R - 4,4,0,,2/3,,,
1053 - R - 5,2,0,,2/3,,,
1053 - R - 6,2,0,,2/3,,,
1053 - R - 7,4,0,,2/3,,,
1053 - R - 8,2,0,,2/3,,,
1053 - R - 9,1,0,,2/3,,,
1053 - R - 10,4,0,,2/3,,,
1053 - R - 11,0,0,,5/6,,,
1053 - R - 12,1,2,,5/6,,,
1053 - R - 13,2,1,,5/6,,,
1053 - R - 14,5,0,,5/6,,,
1053 - R - 15,1,2,,5/6,,,
1053 - R - 16,0,0,,5/6,,,
1053 - R - 17,4,5,,5/6,,,
1053 - R - 18,1,2,,5/6,,,
1053 - R - 19,1,0,,5/6,,,
1053 - R - 20,2,3,,5/6,,,
1069 - L - 1,18,0,41395367.00,2/3,,,
1069 - L - 2,16,0,,2/3,,,
1069 - L - 3,14,0,,2/3,,,
1069 - L - 4,15,2,,2/3,,,
1069 - L - 5,8,0,,2/3,,,
1069 - L - 6,9,0,,2/3,,,
1069 - L - 7,8,0,,2/3,,,
1069 - L - 8,12,1,,2/3,,,
1069 - L - 9,7,0,,2/3,,,
1069 - L - 10,16,1,,2/3,,,
1069 - L - 11,21,0,,5/6,,,
1069 - L - 12,22,0,,5/6,,,
1069 - L - 13,10,0,,5/6,,,
1069 - L - 14,2,0,,5/6,,,
1069 - L - 15,8,0,,5/6,,,
1069 - L - 16,5,0,,5/6,,,
1069 - L - 17,15,0,,5/6,,,
1069 - L - 18,23,0,,5/6,,,
1069 - L - 19,16,0,,5/6,,,
1069 - L - 20,2,1,,5/6,,,
1069 - R - 1,5,0,34237372.00,2/3,,,
1069 - R - 2,8,5,,2/3,,,
1069 - R - 3,9,7,,2/3,,,
1069 - R - 4,8,4,,2/3,,,
1069 - R - 5,1,3,,2/3,,,
1069 - R - 6,8,6,,2/3,,,
1069 - R - 7,4,3,,2/3,,,
1069 - R - 8,4,0,,2/3,,,
1069 - R - 9,4,1,,2/3,,,
1069 - R - 10,6,1,,2/3,,,
1069 - R - 11,1,0,,5/6,,,
1069 - R - 12,0,0,,5/6,,,
1069 - R - 13,2,0,,5/6,,,
1069 - R - 14,1,0,,5/6,,,
1069 - R - 15,0,0,,5/6,,,
1069 - R - 16,3,0,,5/6,,,
1069 - R - 17,2,1,,5/6,,,
1069 - R - 18,0,0,,5/6,,,
1069 - R - 19,4,1,,5/6,,,
1069 - R - 20,3,3,,5/6,,,
1071 - L - 1,17,0,42245437.00,2/3,,,
1071 - L - 2,16,0,,2/3,,,
1071 - L - 3,10,0,,2/3,,,
1071 - L - 4,23,0,,2/3,,,
1071 - L - 5,19,0,,2/3,,,
1071 - L - 6,13,0,,2/3,,,
1071 - L - 7,33,0,,2/3,,,
1071 - L - 8,16,0,,2/3,,,
1071 - L - 9,14,1,,2/3,,,
1071 - L - 10,22,0,,2/3,,,
1071 - L - 11,21,0,,5/6,,,
1071 - L - 12,14,0,,5/6,,,
1071 - L - 13,19,0,,5/6,,,
1071 - L - 14,5,0,,5/6,,,
1071 - L - 15,11,0,,5/6,,,
1071 - L - 16,11,0,,5/6,,,
1071 - L - 17,4,0,,5/6,,,
1071 - L - 18,6,0,,5/6,,,
1071 - L - 19,3,0,,5/6,,,
1071 - L - 20,6,0,,5/6,,,
1071 - R - 1,5,2,40894202.00,2/3,,,
1071 - R - 2,4,0,,2/3,,,
1071 - R - 3,2,1,,2/3,,,
1071 - R - 4,2,0,,2/3,,,
1071 - R - 5,5,3,,2/3,,,
1071 - R - 6,4,0,,2/3,,,
1071 - R - 7,5,0,,2/3,,,
1071 - R - 8,0,1,,2/3,,,
1071 - R - 9,3,1,,2/3,,,
1071 - R - 10,6,1,,2/3,,,
1071 - R - 11,2,0,,5/6,,,
1071 - R - 12,1,0,,5/6,,,
1071 - R - 13,0,0,,5/6,,,
1071 - R - 14,1,1,,5/6,,,  
1071 - R - 15,0,1,,5/6,,,
1071 - R - 16,1,0,,5/6,,,
1071 - R - 17,0,1,,5/6,,,
1071 - R - 18,1,0,,5/6,,,
1071 - R - 19,2,0,,5/6,,,
1071 - R - 20,0,1,,5/6,,,
1086 - L - 1,6,0,56158531.00,2/3,,,
1086 - L - 2,6,2,,2/3,,,
1086 - L - 3,9,0,,2/3,,,
1086 - L - 4,6,0,,2/3,,,
1086 - L - 5,4,0,,2/3,,,
1086 - L - 6,5,1,,2/3,,,
1086 - L - 7,7,0,,2/3,,,
1086 - L - 8,1,0,,2/3,,,
1086 - L - 9,2,0,,2/3,,,
1086 - L - 10,9,0,,2/3,,,
1086 - L - 11,6,0,,5/6,,,
1086 - L - 12,6,0,,5/6,,,
1086 - L - 13,11,0,,5/6,,,
1086 - L - 14,14,0,,5/6,,,
1086 - L - 15,11,0,,5/6,,,
1086 - L - 16,11,0,,5/6,,,
1086 - L - 17,11,0,,5/6,,,
1086 - L - 18,16,0,,5/6,,,
1086 - L - 19,6,0,,5/6,,,
1086 - L - 20,10,1,,5/6,,,
1086 - R - 1,1,2,61855014.00,2/3,,,
1086 - R - 2,5,2,,2/3,,,
1086 - R - 3,1,5,,2/3,,,
1086 - R - 4,2,1,,2/3,,,
1086 - R - 5,2,0,,2/3,,,
1086 - R - 6,3,0,,2/3,,,
1086 - R - 7,6,2,,2/3,,,
1086 - R - 8,2,1,,2/3,,,
1086 - R - 9,2,0,,2/3,,,
1086 - R - 10,1,0,,2/3,,,
1086 - R - 11,0,0,,5/6,,,
1086 - R - 12,5,0,,5/6,,,
1086 - R - 13,3,0,,5/6,,,
1086 - R - 14,1,0,,5/6,,,
1086 - R - 15,1,0,,5/6,,,
1086 - R - 16,2,1,,5/6,,,
1086 - R - 17,1,0,,5/6,,,
1086 - R - 18,4,2,,5/6,,,
1086 - R - 19,2,0,,5/6,,,
1086 - R - 20,1,0,,5/6,,,
1088 - L - 1,18,0,56072679.00,2/3,,,
1088 - L - 2,18,0,,2/3,,,
1088 - L - 3,8,3,,2/3,,,
1088 - L - 4,10,0,,2/3,,,
1088 - L - 5,10,1,,2/3,,,
1088 - L - 6,14,0,,2/3,,,
1088 - L - 7,16,0,,2/3,,,
1088 - L - 8,8,0,,2/3,,,
1088 - L - 9,4,1,,2/3,,,
1088 - L - 10,5,0,,2/3,,,
1088 - L - 11,0,0,,5/6,,,
1088 - L - 12,1,0,,5/6,,,
1088 - L - 13,3,0,,5/6,,,
1088 - L - 14,4,0,,5/6,,,
1088 - L - 15,1,0,,5/6,,,
1088 - L - 16,6,0,,5/6,,,
1088 - L - 17,12,0,,5/6,,,
1088 - L - 18,0,0,,5/6,,,
1088 - L - 19,2,0,,5/6,,,
1088 - L - 20,2,0,,5/6,,,
1092 - L - 1,19,6,78914550.00,2/3,,,
1092 - L - 2,23,2,,2/3,,,
1092 - L - 3,10,0,,2/3,,,
1092 - L - 4,23,0,,2/3,,,
1092 - L - 5,10,0,,2/3,,,
1092 - L - 6,15,0,,2/3,,,
1092 - L - 7,16,2,,2/3,,,
1092 - L - 8,16,0,,2/3,,,
1092 - L - 9,12,0,,2/3,,,
1092 - L - 10,11,0,,2/3,,,
1092 - L - 11,22,0,,5/6,,,
1092 - L - 12,13,2,,5/6,,,
1092 - L - 13,16,0,,5/6,,,
1092 - L - 14,16,1,,5/6,,,
1092 - L - 15,11,0,,5/6,,,
1092 - L - 16,17,0,,5/6,,,
1092 - L - 17,19,1,,5/6,,,
1092 - L - 18,9,0,,5/6,,,
1092 - L - 19,6,0,,5/6,,,
1092 - L - 20,4,0,,5/6,,,
1092 - R - 1,4,2,76881818.00,2/3,,,
1092 - R - 2,1,1,,2/3,,,
1092 - R - 3,5,0,,2/3,,,
1092 - R - 4,2,0,,2/3,,,
1092 - R - 5,4,3,,2/3,,,
1092 - R - 6,3,1,,2/3,,,
1092 - R - 7,3,3,,2/3,,,
1092 - R - 8,7,0,,2/3,,,
1092 - R - 9,2,2,,2/3,,,
1092 - R - 10,3,0,,2/3,,,
1092 - R - 11,2,0,,5/6,,,
1092 - R - 12,1,0,,5/6,,,
1092 - R - 13,2,1,,5/6,,,
1092 - R - 14,2,0,,5/6,,,
1092 - R - 15,2,0,,5/6,,,
1092 - R - 16,0,0,,5/6,,,
1092 - R - 17,5,0,,5/6,,,
1092 - R - 18,1,2,,5/6,,,
1092 - R - 19,2,2,,5/6,,,
1092 - R - 20,2,1,,5/6,,,
1102 - L - 1,13,0,45934538.00,2/3,,,
1102 - L - 2,17,1,,2/3,,,
1102 - L - 3,9,0,,2/3,,,
1102 - L - 4,11,0,,2/3,,,
1102 - L - 5,22,0,,2/3,,,
1102 - L - 6,8,0,,2/3,,,
1102 - L - 7,11,0,,2/3,,,
1102 - L - 8,12,1,,2/3,,,
1102 - L - 9,15,1,,2/3,,,
1102 - L - 10,13,1,,2/3,,,
1102 - L - 11,3,0,,5/6,,,
1102 - L - 12,12,0,,5/6,,,
1102 - L - 13,20,0,,5/6,,,
1102 - L - 14,33,1,,5/6,,,
1102 - L - 15,19,1,,5/6,,,
1102 - L - 16,3,0,,5/6,,,
1102 - L - 17,12,0,,5/6,,,
1102 - L - 18,12,2,,5/6,,,
1102 - L - 19,26,1,,5/6,,,
1102 - L - 20,15,1,,5/6,,,
1102 - R - 1,5,3,44340192.00,2/3,,,
1102 - R - 2,2,1,,2/3,,,
1102 - R - 3,6,2,,2/3,,,
1102 - R - 4,9,2,,2/3,,,
1102 - R - 5,5,3,,2/3,,,
1102 - R - 6,3,3,,2/3,,,
1102 - R - 7,6,11,,2/3,,,
1102 - R - 8,2,2,,2/3,,,
1102 - R - 9,1,3,,2/3,,,
1102 - R - 10,5,6,,2/3,,,
1102 - R - 11,2,1,,5/6,,,
1102 - R - 12,0,0,,5/6,,,
1102 - R - 13,5,2,,5/6,,,
1102 - R - 14,2,0,,5/6,,,
1102 - R - 15,1,1,,5/6,,,
1102 - R - 16,1,1,,5/6,,,
1102 - R - 17,3,2,,5/6,,,
1102 - R - 18,0,0,,5/6,,,
1102 - R - 19,2,4,,5/6,,,
1102 - R - 20,3,1,,5/6,,,
1121 - L - 1,16,1,44654025.00,2/3,,,
1121 - L - 2,18,0,,2/3,,,
1121 - L - 3,20,0,,2/3,,,
1121 - L - 4,16,0,,2/3,,,
1121 - L - 5,12,0,,2/3,,,
1121 - L - 6,12,0,,2/3,,,
1121 - L - 7,12,0,,2/3,,,
1121 - L - 8,16,0,,2/3,,,
1121 - L - 9,12,1,,2/3,,,
1121 - L - 10,17,0,,2/3,,,
1121 - L - 11,10,0,,5/6,,,
1121 - L - 12,11,0,,5/6,,,
1121 - L - 13,10,1,,5/6,,,
1121 - L - 14,16,1,,5/6,,,
1121 - L - 15,19,1,,5/6,,,
1121 - L - 16,17,0,,5/6,,,
1121 - L - 17,23,0,,5/6,,,
1121 - L - 18,3,0,,5/6,,,
1121 - L - 19,8,0,,5/6,,,
1121 - L - 20,6,0,,5/6,,,
1121 - R - 1,2,2,51707409.00,2/3,,,
1121 - R - 2,3,5,,2/3,,,
1121 - R - 3,6,1,,2/3,,,
1121 - R - 4,1,0,,2/3,,,
1121 - R - 5,2,2,,2/3,,,
1121 - R - 6,5,2,,2/3,,,
1121 - R - 7,5,1,,2/3,,,
1121 - R - 8,2,3,,2/3,,,
1121 - R - 9,7,1,,2/3,,,
1121 - R - 10,3,2,,2/3,,,
1121 - R - 11,0,1,,5/6,,,
1121 - R - 12,1,0,,5/6,,,
1121 - R - 13,1,1,,5/6,,,
1121 - R - 14,1,0,,5/6,,,
1121 - R - 15,1,2,,5/6,,,
1121 - R - 16,4,0,,5/6,,,
1121 - R - 17,2,1,,5/6,,,
1121 - R - 18,0,0,,5/6,,,
1121 - R - 19,1,0,,5/6,,,
1121 - R - 20,5,1,,5/6,,,
1130 - L - 1,0,0,40504061.00,2/3,,,
1130 - L - 2,20,0,,2/3,,,
1130 - L - 3,14,0,,2/3,,,
1130 - L - 4,14,0,,2/3,,,
1130 - L - 5,11,0,,2/3,,,
1130 - L - 6,14,0,,2/3,,,
1130 - L - 7,9,0,,2/3,,,
1130 - L - 8,13,0,,2/3,,,
1130 - L - 9,32,0,,2/3,,,
1130 - L - 10,10,0,,2/3,,,
1130 - L - 11,15,0,,5/6,,,
1130 - L - 12,4,0,,5/6,,,
1130 - L - 13,9,0,,5/6,,,
1130 - L - 14,26,0,,5/6,,,
1130 - L - 15,24,0,,5/6,,,
1130 - L - 16,25,0,,5/6,,,
1130 - L - 17,22,1,,5/6,,,
1130 - L - 18,13,2,,5/6,,,
1130 - L - 19,23,2,,5/6,,,
1130 - L - 20,21,0,,5/6,,,
1130 - R - 1,9,1,42793504.00,2/3,,,
1130 - R - 2,3,4,,2/3,,,
1130 - R - 3,1,1,,2/3,,,
1130 - R - 4,3,4,,2/3,,,
1130 - R - 5,2,5,,2/3,,,
1130 - R - 6,1,2,,2/3,,,
1130 - R - 7,2,3,,2/3,,,
1130 - R - 8,4,1,,2/3,,,
1130 - R - 9,1,4,,2/3,,,
1130 - R - 10,2,3,,2/3,,,
1130 - R - 11,3,0,,5/6,,,
1130 - R - 12,2,1,,5/6,,,
1130 - R - 13,1,0,,5/6,,,
1130 - R - 14,5,0,,5/6,,,
1130 - R - 15,1,0,,5/6,,,
1130 - R - 16,1,0,,5/6,,,
1130 - R - 17,1,0,,5/6,,,
1130 - R - 18,1,0,,5/6,,,
1130 - R - 19,1,0,,5/6,,,
1130 - R - 20,1,1,,5/6,,,
1131 - L - 1,17,0,47127509.00,2/3,,,
1131 - L - 2,30,1,,2/3,,,
1131 - L - 3,13,0,,2/3,,,
1131 - L - 4,16,1,,2/3,,,
1131 - L - 5,12,0,,2/3,,,
1131 - L - 6,10,0,,2/3,,,
1131 - L - 7,5,0,,2/3,,,
1131 - L - 8,16,0,,2/3,,,
1131 - L - 9,13,0,,2/3,,,
1131 - L - 10,16,1,,2/3,,,
1131 - L - 11,5,0,,5/6,,,
1131 - L - 12,1,0,,5/6,,,
1131 - L - 13,9,0,,5/6,,,
1131 - L - 14,4,0,,5/6,,,
1131 - L - 15,18,0,,5/6,,,
1131 - L - 16,3,0,,5/6,,,
1131 - L - 17,5,0,,5/6,,,
1131 - L - 18,14,0,,5/6,,,
1131 - L - 19,5,0,,5/6,,,
1131 - L - 20,6,0,,5/6,,,
1131 - R - 1,2,5,51626289.00,2/3,,,
1131 - R - 2,4,4,,2/3,,,
1131 - R - 3,5,2,,2/3,,,
1131 - R - 4,6,2,,2/3,,,
1131 - R - 5,4,2,,2/3,,,
1131 - R - 6,4,2,,2/3,,,
1131 - R - 7,5,1,,2/3,,,
1131 - R - 8,4,2,,2/3,,,
1131 - R - 9,2,3,,2/3,,,
1131 - R - 10,11,2,,2/3,,,
1131 - R - 11,2,0,,5/6,,,
1131 - R - 12,1,2,,5/6,,,
1131 - R - 13,0,0,,5/6,,,
1131 - R - 14,1,1,,5/6,,,
1131 - R - 15,1,0,,5/6,,,
1131 - R - 16,1,1,,5/6,,,
1131 - R - 17,2,1,,5/6,,,
1131 - R - 18,2,0,,5/6,,,
1131 - R - 19,3,1,,5/6,,,
1131 - R - 20,2,1,,5/6,,,
1143 - L - 1,4,0,94685292.00,2/3,,,
1143 - L - 2,0,0,,2/3,,,
1143 - L - 3,10,0,,2/3,,,
1143 - L - 4,0,0,,2/3,,,
1143 - L - 5,10,0,,2/3,,,
1143 - L - 6,11,0,,2/3,,,
1143 - L - 7,11,0,,2/3,,,
1143 - L - 8,9,0,,2/3,,,
1143 - L - 9,0,0,,2/3,,,
1143 - L - 10,2,0,,2/3,,,
1143 - L - 11,1,0,,5/6,,,
1143 - L - 12,1,1,,5/6,,,
1143 - L - 13,4,2,,5/6,,,
1143 - L - 14,8,1,,5/6,,,
1143 - L - 15,9,1,,5/6,,,
1143 - L - 16,6,0,,5/6,,,
1143 - L - 17,4,1,,5/6,,,
1143 - L - 18,8,1,,5/6,,,
1143 - L - 19,9,2,,5/6,,,
1143 - L - 20,7,0,,5/6,,,
1143 - r - 1,5,2,90837162.00,2/3,,,
1143 - r - 2,1,3,,2/3,,,
1143 - r - 3,1,0,,2/3,,,
1143 - r - 4,1,0,,2/3,,,
1143 - r - 5,1,4,,2/3,,,
1143 - r - 6,2,2,,2/3,,,
1143 - r - 7,2,2,,2/3,,,
1143 - r - 8,1,1,,2/3,,,
1143 - r - 9,1,1,,2/3,,,
1143 - r - 10,1,1,,2/3,,,
1143 - r - 11,2,0,,5/6,,,
1143 - r - 12,0,0,,5/6,,,
1143 - r - 13,1,0,,5/6,,,
1143 - r - 14,0,0,,5/6,,,
1143 - r - 15,1,1,,5/6,,,
1143 - r - 16,0,0,,5/6,,,
1143 - r - 17,1,0,,5/6,,,
1143 - r - 18,0,0,,5/6,,,
1143 - r - 19,4,0,,5/6,,,
1143 - r - 20,1,1,,5/6,,,
1153 - L - 1,15,3,74959950.00,2/3,,,
1153 - L - 2,12,2,,2/3,,,
1153 - L - 3,27,0,,2/3,,,
1153 - L - 4,23,0,,2/3,,,
1153 - L - 5,9,1,,2/3,,,
1153 - L - 6,9,1,,2/3,,,
1153 - L - 7,12,1,,2/3,,,
1153 - L - 8,15,1,,2/3,,,
1153 - L - 9,17,3,,2/3,,,
1153 - L - 10,10,2,,2/3,,,
1153 - L - 11,21,0,,5/6,,,
1153 - L - 12,12,1,,5/6,,,
1153 - L - 13,17,1,,5/6,,,
1153 - L - 14,23,0,,5/6,,,
1153 - L - 15,21,0,,5/6,,,
1153 - L - 16,5,0,,5/6,,,
1153 - L - 17,11,0,,5/6,,,
1153 - L - 18,6,0,,5/6,,,
1153 - L - 19,16,0,,5/6,,,
1153 - L - 20,19,1,,5/6,,,
1159 - L - 1,17,1,86827806.00,2/3,,,
1159 - L - 2,12,1,,2/3,,,
1159 - L - 3,20,3,,2/3,,,
1159 - L - 4,18,3,,2/3,,,
1159 - L - 5,18,1,,2/3,,,
1159 - L - 6,10,1,,2/3,,,
1159 - L - 7,17,2,,2/3,,,
1159 - L - 8,13,1,,2/3,,,
1159 - L - 9,18,3,,2/3,,,
1159 - L - 10,14,1,,2/3,,,
1159 - L - 11,10,0,,5/6,,,
1159 - L - 12,17,0,,5/6,,,
1159 - L - 13,3,0,,5/6,,,
1159 - L - 14,5,1,,5/6,,,
1159 - L - 15,7,1,,5/6,,,
1159 - L - 16,16,2,,5/6,,,
1159 - L - 17,20,1,,5/6,,,
1159 - L - 18,18,1,,5/6,,,
1159 - L - 19,22,2,,5/6,,,
1159 - L - 20,16,1,,5/6,,,
1159 - R - 1,1,3,84344689.00,2/3,,,
1159 - R - 2,9,1,,2/3,,,
1159 - R - 3,4,3,,2/3,,,
1159 - R - 4,0,0,,2/3,,,
1159 - R - 5,0,1,,2/3,,,
1159 - R - 6,5,2,,2/3,,,
1159 - R - 7,5,0,,2/3,,,
1159 - R - 8,2,4,,2/3,,,
1159 - R - 9,1,0,,2/3,,,
1159 - R - 10,1,1,,2/3,,,
1159 - R - 11,1,1,,5/6,,,
1159 - R - 12,0,0,,5/6,,,
1159 - R - 13,4,0,,5/6,,,
1159 - R - 14,0,0,,5/6,,,
1159 - R - 15,2,1,,5/6,,,
1159 - R - 16,0,0,,5/6,,,
1159 - R - 17,4,0,,5/6,,,
1159 - R - 18,2,1,,5/6,,,
1159 - R - 19,6,1,,5/6,,,
1159 - R - 20,1,2,,5/6,,,
1180 - L - 1,26,0,94226795.00,2/3,,,
1180 - L - 2,18,1,,2/3,,,
1180 - L - 3,16,4,,2/3,,,
1180 - L - 4,37,4,,2/3,,,
1180 - L - 5,26,5,,2/3,,,
1180 - L - 6,37,6,,2/3,,,
1180 - L - 7,20,4,,2/3,,,
1180 - L - 8,21,0,,2/3,,,
1180 - L - 9,25,2,,2/3,,,
1180 - L - 10,25,3,,2/3,,,
1180 - L - 11,7,0,,5/6,,,
1180 - L - 12,7,0,,5/6,,,
1180 - L - 13,17,0,,5/6,,,
1180 - L - 14,11,0,,5/6,,,
1180 - L - 15,19,2,,5/6,,,
1180 - L - 16,18,1,,5/6,,,
1180 - L - 17,23,0,,5/6,,,
1180 - L - 18,15,1,,5/6,,,
1180 - L - 19,12,0,,5/6,,,
1180 - L - 20,22,0,,5/6,,,
1180 - R - 1,2,3,93889978.00,2/3,,,
1180 - R - 2,2,5,,2/3,,,
1180 - R - 3,3,4,,2/3,,,
1180 - R - 4,7,3,,2/3,,,
1180 - R - 5,3,3,,2/3,,,
1180 - R - 6,3,6,,2/3,,,
1180 - R - 7,3,0,,2/3,,,
1180 - R - 8,6,3,,2/3,,,
1180 - R - 9,5,2,,2/3,,,
1180 - R - 10,3,4,,2/3,,,
1180 - R - 11,0,0,,5/6,,,
1180 - R - 12,0,0,,5/6,,,
1180 - R - 13,0,1,,5/6,,,
1180 - R - 14,2,0,,5/6,,,
1180 - R - 15,0,0,,5/6,,,
1180 - R - 16,2,2,,5/6,,,
1180 - R - 17,0,0,,5/6,,,
1180 - R - 18,6,0,,5/6,,,
1180 - R - 19,0,0,,5/6,,,
1180 - R - 20,1,0,,5/6,,,
1181 - L - 1,16,0,74009832.00,2/3,,,
1181 - L - 2,7,1,,2/3,,,
1181 - L - 3,17,2,,2/3,,,
1181 - L - 4,13,2,,2/3,,,
1181 - L - 5,19,0,,2/3,,,
1181 - L - 6,18,0,,2/3,,,
1181 - L - 7,7,0,,2/3,,,
1181 - L - 8,14,2,,2/3,,,
1181 - L - 9,9,0,,2/3,,,
1181 - L - 10,11,2,,2/3,,,
1181 - L - 11,5,0,,5/6,,,
1181 - L - 12,8,0,,5/6,,,
1181 - L - 13,6,0,,5/6,,,
1181 - L - 14,10,0,,5/6,,,
1181 - L - 15,24,0,,5/6,,,
1181 - L - 16,11,0,,5/6,,,
1181 - L - 17,1,0,,5/6,,,
1181 - L - 18,3,0,,5/6,,,
1181 - L - 19,13,0,,5/6,,,
1181 - L - 20,12,0,,5/6,,,
1181 - R - 1,2,2,75239983.00,2/3,,,
1181 - R - 2,4,0,,2/3,,,
1181 - R - 3,2,3,,2/3,,,
1181 - R - 4,1,4,,2/3,,,
1181 - R - 5,1,4,,2/3,,,
1181 - R - 6,2,1,,2/3,,,
1181 - R - 7,1,3,,2/3,,,
1181 - R - 8,1,1,,2/3,,,
1181 - R - 9,2,0,,2/3,,,
1181 - R - 10,5,1,,2/3,,,
1181 - R - 11,1,1,,5/6,,,
1181 - R - 12,0,0,,5/6,,,
1181 - R - 13,2,1,,5/6,,,
1181 - R - 14,0,0,,5/6,,,
1181 - R - 15,1,0,,5/6,,,
1181 - R - 16,0,1,,5/6,,,
1181 - R - 17,1,0,,5/6,,,
1181 - R - 18,3,0,,5/6,,,
1181 - R - 19,1,0,,5/6,,,
1181 - R - 20,1,0,,5/6,,,
1188 - L - 1,14,0,48360702.00,2/3,,,
1188 - L - 2,7,0,,2/3,,,
1188 - L - 3,10,0,,2/3,,,
1188 - L - 4,20,0,,2/3,,,
1188 - L - 5,23,0,,2/3,,,
1188 - L - 6,12,0,,2/3,,,
1188 - L - 7,15,3,,2/3,,,
1188 - L - 8,19,1,,2/3,,,
1188 - L - 9,12,1,,2/3,,,
1188 - L - 10,17,0,,2/3,,,
1188 - L - 11,4,0,,5/6,,,
1188 - L - 12,14,0,,5/6,,,
1188 - L - 13,16,0,,5/6,,,
1188 - L - 14,14,0,,5/6,,,
1188 - L - 15,20,0,,5/6,,,
1188 - L - 16,13,1,,5/6,,,
1188 - L - 17,19,0,,5/6,,,
1188 - L - 18,14,0,,5/6,,,
1188 - L - 19,14,0,,5/6,,,
1188 - L - 20,11,0,,5/6,,,
1189 - L - 1,11,0,71528236.00,2/3,,,
1189 - L - 2,17,3,,2/3,,,
1189 - L - 3,18,0,,2/3,,,
1189 - L - 4,15,1,,2/3,,,
1189 - L - 5,7,1,,2/3,,,
1189 - L - 6,12,0,,2/3,,,
1189 - L - 7,14,0,,2/3,,,
1189 - L - 8,21,0,,2/3,,,
1189 - L - 9,16,0,,2/3,,,
1189 - L - 10,23,1,,2/3,,,
1189 - L - 11,14,0,,5/6,,,
1189 - L - 12,10,0,,5/6,,,
1189 - L - 13,4,0,,5/6,,,
1189 - L - 14,22,0,,5/6,,,
1189 - L - 15,4,0,,5/6,,,
1189 - L - 16,3,0,,5/6,,,
1189 - L - 17,13,0,,5/6,,,
1189 - L - 18,23,0,,5/6,,,
1189 - L - 19,23,1,,5/6,,,
1189 - L - 20,17,1,,5/6,,,
1189 - R - 1,6,4,74917700.00,2/3,,,
1189 - R - 2,3,4,,2/3,,,
1189 - R - 3,2,3,,2/3,,,
1189 - R - 4,3,1,,2/3,,,
1189 - R - 5,2,0,,2/3,,,
1189 - R - 6,0,2,,2/3,,,
1189 - R - 7,7,3,,2/3,,,
1189 - R - 8,5,3,,2/3,,,
1189 - R - 9,4,3,,2/3,,,
1189 - R - 10,0,1,,2/3,,,
1189 - R - 11,2,1,,5/6,,,
1189 - R - 12,1,0,,5/6,,,
1189 - R - 13,3,0,,5/6,,,
1189 - R - 14,3,1,,5/6,,,
1189 - R - 15,1,0,,5/6,,,
1189 - R - 16,3,0,,5/6,,,
1189 - R - 17,0,2,,5/6,,,
1189 - R - 18,3,0,,5/6,,,
1189 - R - 19,1,0,,5/6,,,
1189 - R - 20,4,0,,5/6,,,
1190 - L - 1,13,2,60509436.00,2/3,,,
1190 - L - 2,19,0,,2/3,,,
1190 - L - 3,20,0,,2/3,,,
1190 - L - 4,16,0,,2/3,,,
1190 - L - 5,13,1,,2/3,,,
1190 - L - 6,15,0,,2/3,,,
1190 - L - 7,17,2,,2/3,,,
1190 - L - 8,24,0,,2/3,,,
1190 - L - 9,12,0,,2/3,,,
1190 - L - 10,11,2,,2/3,,,
1190 - L - 11,14,2,,5/6,,,
1190 - L - 12,18,0,,5/6,,,
1190 - L - 13,24,0,,5/6,,,
1190 - L - 14,23,4,,5/6,,,
1190 - L - 15,19,1,,5/6,,,
1190 - L - 16,11,0,,5/6,,,
1190 - L - 17,10,0,,5/6,,,
1190 - L - 18,11,0,,5/6,,,
1190 - L - 19,24,0,,5/6,,,
1190 - L - 20,13,0,,5/6,,,
1190 - R - 1,2,2,58665477.00,2/3,,,
1190 - R - 2,3,0,,2/3,,,
1190 - R - 3,0,4,,2/3,,,
1190 - R - 4,3,0,,2/3,,,
1190 - R - 5,5,4,,2/3,,,
1190 - R - 6,1,1,,2/3,,,
1190 - R - 7,0,3,,2/3,,,
1190 - R - 8,1,0,,2/3,,,
1190 - R - 9,4,1,,2/3,,,
1190 - R - 10,4,2,,2/3,,,
1190 - R - 11,1,0,,5/6,,,
1190 - R - 12,1,0,,5/6,,,
1190 - R - 13,1,0,,5/6,,,
1190 - R - 14,0,0,,5/6,,,
1190 - R - 15,2,0,,5/6,,,
1190 - R - 16,0,0,,5/6,,,
1190 - R - 17,2,0,,5/6,,,
1190 - R - 18,0,1,,5/6,,,
1190 - R - 19,2,1,,5/6,,,
1190 - R - 20,0,1,,5/6,,,
1195 - L - 1,9,0,52302796.00,2/3,,,
1195 - L - 2,13,0,,2/3,,,
1195 - L - 3,18,1,,2/3,,,
1195 - L - 4,22,0,,2/3,,,
1195 - L - 5,14,0,,2/3,,,
1195 - L - 6,29,0,,2/3,,,
1195 - L - 7,19,0,,2/3,,,
1195 - L - 8,13,0,,2/3,,,
1195 - L - 9,25,0,,2/3,,,
1195 - L - 10,17,2,,2/3,,,
1195 - L - 11,15,0,,5/6,,,
1195 - L - 12,15,0,,5/6,,,
1195 - L - 13,24,1,,5/6,,,
1195 - L - 14,15,1,,5/6,,,
1195 - L - 15,29,1,,5/6,,,
1195 - L - 16,24,1,,5/6,,,
1195 - L - 17,22,0,,5/6,,,
1195 - L - 18,29,0,,5/6,,,
1195 - L - 19,25,1,,5/6,,,
1195 - L - 20,18,0,,5/6,,,
1195 - R - 1,1,0,51493624.00,2/3,,,
1195 - R - 2,0,3,,2/3,,,
1195 - R - 3,1,2,,2/3,,,
1195 - R - 4,4,5,,2/3,,,
1195 - R - 5,5,7,,2/3,,,
1195 - R - 6,3,4,,2/3,,,
1195 - R - 7,5,0,,2/3,,,
1195 - R - 8,1,1,,2/3,,,
1195 - R - 9,1,3,,2/3,,,
1195 - R - 10,1,4,,2/3,,,
1195 - R - 11,0,0,,5/6,,,
1195 - R - 12,0,0,,5/6,,,
1195 - R - 13,0,2,,5/6,,,
1195 - R - 14,1,1,,5/6,,,
1195 - R - 15,4,1,,5/6,,,
1195 - R - 16,0,0,,5/6,,,
1195 - R - 17,5,1,,5/6,,,
1195 - R - 18,2,1,,5/6,,,
1195 - R - 19,0,2,,5/6,,,
1195 - R - 20,6,3,,5/6,,,
1196 - L - 1,9,0,69432636.00,2/3,,,
1196 - L - 2,17,1,,2/3,,,
1196 - L - 3,8,1,,2/3,,,
1196 - L - 4,10,0,,2/3,,,
1196 - L - 5,19,0,,2/3,,,
1196 - L - 6,21,4,,2/3,,,
1196 - L - 7,22,1,,2/3,,,
1196 - L - 8,20,0,,2/3,,,
1196 - L - 9,12,0,,2/3,,,
1196 - L - 10,14,1,,2/3,,,
1196 - L - 11,1,0,,5/6,,,
1196 - L - 12,12,2,,5/6,,,
1196 - L - 13,5,0,,5/6,,,
1196 - L - 14,13,0,,5/6,,,
1196 - L - 15,22,2,,5/6,,,
1196 - L - 16,24,2,,5/6,,,
1196 - L - 17,6,0,,5/6,,,
1196 - L - 18,12,0,,5/6,,,
1196 - L - 19,17,1,,5/6,,,
1196 - L - 20,22,0,,5/6,,,
1196 - R - 1,4,14,72303101.00,2/3,,,
1196 - R - 2,7,1,,2/3,,,
1196 - R - 3,1,3,,2/3,,,
1196 - R - 4,5,5,,2/3,,,
1196 - R - 5,6,4,,2/3,,,
1196 - R - 6,7,0,,2/3,,,
1196 - R - 7,6,2,,2/3,,,
1196 - R - 8,4,4,,2/3,,,
1196 - R - 9,2,4,,2/3,,,
1196 - R - 10,3,10,,2/3,,,
1196 - R - 11,0,1,,5/6,,,
1196 - R - 12,1,0,,5/6,,,
1196 - R - 13,1,0,,5/6,,,
1196 - R - 14,3,0,,5/6,,,
1196 - R - 15,2,0,,5/6,,,
1196 - R - 16,0,0,,5/6,,,
1196 - R - 17,1,0,,5/6,,,
1196 - R - 18,0,0,,5/6,,,
1196 - R - 19,0,0,,5/6,,,
1196 - R - 20,1,0,,5/6,,,
1211 - L - 1,7,0,78724594.00,2/3,,,
1211 - L - 2,5,0,,2/3,,,
1211 - L - 3,7,0,,2/3,,,
1211 - L - 4,26,1,,2/3,,,
1211 - L - 5,20,1,,2/3,,,
1211 - L - 6,15,2,,2/3,,,
1211 - L - 7,23,0,,2/3,,,
1211 - L - 8,19,0,,2/3,,,
1211 - L - 9,17,2,,2/3,,,
1211 - L - 10,23,0,,2/3,,,
1211 - L - 11,10,2,,5/6,,,
1211 - L - 12,13,0,,5/6,,,
1211 - L - 13,15,1,,5/6,,,
1211 - L - 14,21,0,,5/6,,,
1211 - L - 15,20,1,,5/6,,,
1211 - L - 16,26,1,,5/6,,,
1211 - L - 17,38,2,,5/6,,,
1211 - L - 18,15,0,,5/6,,,
1211 - L - 19,8,0,,5/6,,,
1211 - L - 20,12,0,,5/6,,,
1211 - R - 1,7,5,86326214.00,2/3,,,
1211 - R - 2,0,2,,2/3,,,
1211 - R - 3,4,9,,2/3,,,
1211 - R - 4,2,0,,2/3,,,
1211 - R - 5,6,1,,2/3,,,
1211 - R - 6,2,4,,2/3,,,
1211 - R - 7,0,4,,2/3,,,
1211 - R - 8,0,4,,2/3,,,
1211 - R - 9,1,1,,2/3,,,
1211 - R - 10,3,4,,2/3,,,
1211 - R - 11,3,0,,5/6,,,
1211 - R - 12,0,0,,5/6,,,
1211 - R - 13,3,0,,5/6,,,
1211 - R - 14,0,0,,5/6,,,
1211 - R - 15,1,1,,5/6,,,
1211 - R - 16,3,0,,5/6,,,
1211 - R - 17,2,0,,5/6,,,
1211 - R - 18,2,0,,5/6,,,
1211 - R - 19,3,0,,5/6,,,
1211 - R - 20,0,0,,5/6,,,
1215 - L - 1,12,2,94820661.00,2/3,,,
1215 - L - 2,11,2,,2/3,,,
1215 - L - 3,17,1,,2/3,,,
1215 - L - 4,12,0,,2/3,,,
1215 - L - 5,16,2,,2/3,,,
1215 - L - 6,20,0,,2/3,,,
1215 - L - 7,16,1,,2/3,,,
1215 - L - 8,18,1,,2/3,,,
1215 - L - 9,20,0,,2/3,,,
1215 - L - 10,22,0,,2/3,,,
1215 - L - 11,36,1,,5/6,,,
1215 - L - 12,22,0,,5/6,,,
1215 - L - 13,24,1,,5/6,,,
1215 - L - 14,20,2,,5/6,,,
1215 - L - 15,28,0,,5/6,,,
1215 - L - 16,29,2,,5/6,,,
1215 - L - 17,20,0,,5/6,,,
1215 - L - 18,14,1,,5/6,,,
1215 - L - 19,13,1,,5/6,,,
1215 - L - 20,8,0,,5/6,,,
1215 - R - 1,3,3,100649471.00,2/3,,,
1215 - R - 2,4,2,,2/3,,,
1215 - R - 3,8,2,,2/3,,,
1215 - R - 4,4,3,,2/3,,,
1215 - R - 5,5,4,,2/3,,,
1215 - R - 6,6,6,,2/3,,,
1215 - R - 7,4,4,,2/3,,,
1215 - R - 8,3,0,,2/3,,,
1215 - R - 9,6,2,,2/3,,,
1215 - R - 10,5,3,,2/3,,,
1215 - R - 11,0,0,,5/6,,,
1215 - R - 12,3,0,,5/6,,,
1215 - R - 13,3,0,,5/6,,,
1215 - R - 14,4,0,,5/6,,,
1215 - R - 15,0,0,,5/6,,,
1215 - R - 16,3,1,,5/6,,,
1215 - R - 17,1,1,,5/6,,,
1215 - R - 18,4,0,,5/6,,,
1215 - R - 19,7,0,,5/6,,,
1215 - R - 20,5,1,,5/6,,,
1221 - L - 1,23,3,111473921.00,2/3,,,
1221 - L - 2,14,1,,2/3,,,
1221 - L - 3,5,0,,2/3,,,
1221 - L - 4,22,3,,2/3,,,
1221 - L - 5,16,3,,2/3,,,
1221 - L - 6,21,3,,2/3,,,
1221 - L - 7,18,5,,2/3,,,
1221 - L - 8,24,1,,2/3,,,
1221 - L - 9,22,4,,2/3,,,
1221 - L - 10,14,2,,2/3,,,
1221 - L - 11,10,1,,5/6,,,
1221 - L - 12,14,2,,5/6,,,
1221 - L - 13,20,1,,5/6,,,
1221 - L - 14,28,3,,5/6,,,
1221 - L - 15,26,3,,5/6,,,
1221 - L - 16,43,0,,5/6,,,
1221 - L - 17,8,0,,5/6,,,
1221 - L - 18,26,2,,5/6,,,
1221 - L - 19,25,1,,5/6,,,
1221 - L - 20,24,2,,5/6,,,
1221 - R - 1,4,1,117759707.00,2/3,,,
1221 - R - 2,4,1,,2/3,,,
1221 - R - 3,4,5,,2/3,,,
1221 - R - 4,4,6,,2/3,,,
1221 - R - 5,9,3,,2/3,,,
1221 - R - 6,4,1,,2/3,,,
1221 - R - 7,6,3,,2/3,,,
1221 - R - 8,1,1,,2/3,,,
1221 - R - 9,1,1,,2/3,,,
1221 - R - 10,2,2,,2/3,,,
1221 - R - 11,1,1,,5/6,,,
1221 - R - 12,2,0,,5/6,,,
1221 - R - 13,2,2,,5/6,,,
1221 - R - 14,2,0,,5/6,,,
1221 - R - 15,5,1,,5/6,,,
1221 - R - 16,0,0,,5/6,,,
1221 - R - 17,3,0,,5/6,,,
1221 - R - 18,5,1,,5/6,,,
1221 - R - 19,8,3,,5/6,,,
1221 - R - 20,5,0,,5/6,,,
1222 - L - 1,8,0,24535927.00,2/3,,,
1222 - L - 2,15,0,,2/3,,,
1222 - L - 3,25,0,,2/3,,,
1222 - L - 4,17,0,,2/3,,,
1222 - L - 5,13,0,,2/3,,,
1222 - L - 6,6,0,,2/3,,,
1222 - L - 7,29,0,,2/3,,,
1222 - L - 8,16,0,,2/3,,,
1222 - L - 9,18,0,,2/3,,,
1222 - L - 10,11,0,,2/3,,,
1222 - L - 11,8,0,,5/6,,,
1222 - L - 12,23,0,,5/6,,,
1222 - L - 13,19,0,,5/6,,,
1222 - L - 14,24,0,,5/6,,,
1222 - L - 15,23,0,,5/6,,,
1222 - L - 16,11,0,,5/6,,,
1222 - L - 17,27,0,,5/6,,,
1222 - L - 18,23,0,,5/6,,,
1222 - L - 19,31,0,,5/6,,,
1222 - L - 20,7,0,,5/6,,,
1222 - R - 1,7,2,21643323.00,2/3,,,
1222 - R - 2,2,0,,2/3,,,
1222 - R - 3,2,0,,2/3,,,
1222 - R - 4,4,0,,2/3,,,
1222 - R - 5,2,0,,2/3,,,
1222 - R - 6,3,0,,2/3,,,
1222 - R - 7,0,1,,2/3,,,
1222 - R - 8,6,0,,2/3,,,
1222 - R - 9,1,0,,2/3,,,
1222 - R - 10,2,0,,2/3,,,
1222 - R - 11,4,0,,5/6,,,
1222 - R - 12,0,1,,5/6,,,
1222 - R - 13,1,0,,5/6,,,
1222 - R - 14,1,0,,5/6,,,
1222 - R - 15,1,1,,5/6,,,
1222 - R - 16,0,0,,5/6,,,
1222 - R - 17,1,0,,5/6,,,
1222 - R - 18,1,0,,5/6,,,
1222 - R - 19,0,0,,5/6,,,
1222 - R - 20,1,0,,5/6,,,
1226 - L - 1,3,1,125149401.00,2/3,,,
1226 - L - 2,6,1,,2/3,,,
1226 - L - 3,1,0,,2/3,,,
1226 - L - 4,0,1,,2/3,,,
1226 - L - 5,1,0,,2/3,,,
1226 - L - 6,2,1,,2/3,,,
1226 - L - 7,3,0,,2/3,,,
1226 - L - 8,0,0,,2/3,,,
1226 - L - 9,3,0,,2/3,,,
1226 - L - 10,4,2,,2/3,,,
1226 - L - 11,4,1,,5/6,,,
1226 - L - 12,17,1,,5/6,,,
1226 - L - 13,1,0,,5/6,,,
1226 - L - 14,2,0,,5/6,,,
1226 - L - 15,1,0,,5/6,,,
1226 - L - 16,0,2,,5/6,,,
1226 - L - 17,2,0,,5/6,,,
1226 - L - 18,1,1,,5/6,,,
1226 - L - 19,3,1,,5/6,,,
1226 - L - 20,8,0,,5/6,,,
1226 - R - 1,,,,,,,
1226 - R - 2,,,,,,,
1226 - R - 3,,,,,,,
1226 - R - 4,,,,,,,
1226 - R - 5,,,,,,,
1226 - R - 6,,,,,,,
1226 - R - 7,,,,,,,
1226 - R - 8,,,,,,,
1226 - R - 9,,,,,,,
1226 - R - 10,,,,,,,
1226 - R - 11,,,,,,,
1226 - R - 12,,,,,,,
1226 - R - 13,,,,,,,
1226 - R - 14,,,,,,,
1226 - R - 15,,,,,,,
1226 - R - 16,,,,,,,
1226 - R - 17,,,,,,,
1226 - R - 18,,,,,,,
1226 - R - 19,,,,,,,
1226 - R - 20,,,,,,,
1240 - R - 1,2,2,48716447.00,2/3,,,
1240 - R - 2,0,0,,2/3,,,
1240 - R - 3,1,1,,2/3,,,
1240 - R - 4,1,3,,2/3,,,
1240 - R - 5,2,2,,2/3,,,
1240 - R - 6,1,0,,2/3,,,
1240 - R - 7,7,2,,2/3,,,
1240 - R - 8,1,3,,2/3,,,
1240 - R - 9,8,5,,2/3,,,
1240 - R - 10,2,0,,2/3,,,
1240 - R - 11,0,0,,5/6,,,
1240 - R - 12,1,0,,5/6,,,
1240 - R - 13,0,2,,5/6,,,
1240 - R - 14,2,1,,5/6,,,
1240 - R - 15,1,0,,5/6,,,
1240 - R - 16,3,1,,5/6,,,
1240 - R - 17,3,0,,5/6,,,
1240 - R - 18,4,2,,5/6,,,
1240 - R - 19,1,1,,5/6,,,
1240 - R - 20,2,1,,5/6,,,
1244 - L - 1,15,0,48174295.00,2/3,,,
1244 - L - 2,15,1,,2/3,,,
1244 - L - 3,9,0,,2/3,,,
1244 - L - 4,22,0,,2/3,,,
1244 - L - 5,14,0,,2/3,,,
1244 - L - 6,23,3,,2/3,,,
1244 - L - 7,14,0,,2/3,,,
1244 - L - 8,29,0,,2/3,,,
1244 - L - 9,13,1,,2/3,,,
1244 - L - 10,29,2,,2/3,,,
1244 - L - 11,14,1,,5/6,,,
1244 - L - 12,11,1,,5/6,,,
1244 - L - 13,16,0,,5/6,,,
1244 - L - 14,16,0,,5/6,,,
1244 - L - 15,13,0,,5/6,,,
1244 - L - 16,14,0,,5/6,,,
1244 - L - 17,14,0,,5/6,,,
1244 - L - 18,11,0,,5/6,,,
1244 - L - 19,11,0,,5/6,,,
1244 - L - 20,8,0,,5/6,,,
1244 - R - 1,5,5,52554268.00,2/3,,,
1244 - R - 2,7,3,,2/3,,,
1244 - R - 3,5,1,,2/3,,,
1244 - R - 4,0,1,,2/3,,,
1244 - R - 5,2,1,,2/3,,,
1244 - R - 6,5,0,,2/3,,,
1244 - R - 7,4,2,,2/3,,,
1244 - R - 8,2,3,,2/3,,,
1244 - R - 9,5,0,,2/3,,,
1244 - R - 10,2,0,,2/3,,,
1244 - R - 11,3,0,,5/6,,,
1244 - R - 12,0,1,,5/6,,,
1244 - R - 13,3,0,,5/6,,,
1244 - R - 14,2,0,,5/6,,,
1244 - R - 15,0,2,,5/6,,,
1244 - R - 16,1,0,,5/6,,,
1244 - R - 17,0,0,,5/6,,,
1244 - R - 18,2,1,,5/6,,,
1244 - R - 19,0,0,,5/6,,,
1244 - R - 20,0,0,,5/6,,,
1247 - L - 1,0,0,46408921.00,2/3,,,
1247 - L - 2,0,0,,2/3,,,
1247 - L - 3,20,0,,2/3,,,
1247 - L - 4,12,0,,2/3,,,
1247 - L - 5,15,1,,2/3,,,
1247 - L - 6,19,1,,2/3,,,
1247 - L - 7,14,1,,2/3,,,
1247 - L - 8,10,0,,2/3,,,
1247 - L - 9,21,0,,2/3,,,
1247 - L - 10,18,0,,2/3,,,
1247 - L - 11,10,0,,5/6,,,
1247 - L - 12,11,0,,5/6,,,
1247 - L - 13,14,1,,5/6,,,
1247 - L - 14,10,0,,5/6,,,
1247 - L - 15,9,1,,5/6,,,
1247 - L - 16,13,1,,5/6,,,
1247 - L - 17,1,0,,5/6,,,
1247 - L - 18,10,0,,5/6,,,
1247 - L - 19,11,0,,5/6,,,
1247 - L - 20,12,0,,5/6,,,
1247 - R - 1,0,2,43809870.00,2/3,,,
1247 - R - 2,1,4,,2/3,,,
1247 - R - 3,2,1,,2/3,,,
1247 - R - 4,4,0,,2/3,,,
1247 - R - 5,4,4,,2/3,,,
1247 - R - 6,0,0,,2/3,,,
1247 - R - 7,2,0,,2/3,,,
1247 - R - 8,10,5,,2/3,,,
1247 - R - 9,2,1,,2/3,,,
1247 - R - 10,3,7,,2/3,,,
1247 - R - 11,3,4,,5/6,,,
1247 - R - 12,0,0,,5/6,,,
1247 - R - 13,0,0,,5/6,,,
1247 - R - 14,2,0,,5/6,,,
1247 - R - 15,5,0,,5/6,,,
1247 - R - 16,1,1,,5/6,,,
1247 - R - 17,3,0,,5/6,,,
1247 - R - 18,0,0,,5/6,,,
1247 - R - 19,6,2,,5/6,,,
1247 - R - 20,0,0,,5/6,,,
1263 - L - 1,18,0,117351910.00,2/3,,,
1263 - L - 2,22,2,,2/3,,,
1263 - L - 3,12,1,,2/3,,,
1263 - L - 4,18,2,,2/3,,,
1263 - L - 5,17,0,,2/3,,,
1263 - L - 6,5,2,,2/3,,,
1263 - L - 7,12,2,,2/3,,,
1263 - L - 8,19,1,,2/3,,,
1263 - L - 9,23,2,,2/3,,,
1263 - L - 10,11,0,,2/3,,,
1263 - L - 11,12,0,,5/6,,,
1263 - L - 12,17,1,,5/6,,,
1263 - L - 13,20,0,,5/6,,,
1263 - L - 14,14,0,,5/6,,,
1263 - L - 15,8,0,,5/6,,,
1263 - L - 16,12,0,,5/6,,,
1263 - L - 17,16,0,,5/6,,,
1263 - L - 18,8,0,,5/6,,,
1263 - L - 19,9,1,,5/6,,,
1263 - L - 20,16,1,,5/6,,,
1263 - R - 1,1,1,112093982.00,2/3,,,
1263 - R - 2,0,2,,2/3,,,
1263 - R - 3,1,1,,2/3,,,
1263 - R - 4,3,2,,2/3,,,
1263 - R - 5,2,1,,2/3,,,
1263 - R - 6,0,1,,2/3,,,
1263 - R - 7,3,0,,2/3,,,
1263 - R - 8,2,0,,2/3,,,
1263 - R - 9,3,1,,2/3,,,
1263 - R - 10,1,0,,2/3,,,
1263 - R - 11,1,1,,5/6,,,
1263 - R - 12,3,1,,5/6,,,
1263 - R - 13,1,0,,5/6,,,
1263 - R - 14,0,0,,5/6,,,
1263 - R - 15,1,0,,5/6,,,
1263 - R - 16,0,0,,5/6,,,
1263 - R - 17,1,1,,5/6,,,
1263 - R - 18,2,0,,5/6,,,
1263 - R - 19,0,1,,5/6,,,
1263 - R - 20,0,0,,5/6,,,
1282 - L - 1,8,2,44512403.00,2/3,,,
1282 - L - 2,9,1,,2/3,,,
1282 - L - 3,3,2,,2/3,,,
1282 - L - 4,26,2,,2/3,,,
1282 - L - 5,20,1,,2/3,,,
1282 - L - 6,17,2,,2/3,,,
1282 - L - 7,7,1,,2/3,,,
1282 - L - 8,10,1,,2/3,,,
1282 - L - 9,14,0,,2/3,,,
1282 - L - 10,11,1,,2/3,,,
1282 - L - 11,5,2,,5/6,,,
1282 - L - 12,10,0,,5/6,,,
1282 - L - 13,13,0,,5/6,,,
1282 - L - 14,11,1,,5/6,,,
1282 - L - 15,18,0,,5/6,,,
1282 - L - 16,8,0,,5/6,,,
1282 - L - 17,16,2,,5/6,,,
1282 - L - 18,17,4,,5/6,,,
1282 - L - 19,23,0,,5/6,,,
1282 - L - 20,16,1,,5/6,,,
1282 - R - 1,5,9,49243220.00,2/3,,,
1282 - R - 2,4,2,,2/3,,,
1282 - R - 3,4,3,,2/3,,,
1282 - R - 4,4,1,,2/3,,,
1282 - R - 5,5,3,,2/3,,,
1282 - R - 6,4,1,,2/3,,,
1282 - R - 7,3,6,,2/3,,,
1282 - R - 8,0,2,,2/3,,,
1282 - R - 9,2,3,,2/3,,,
1282 - R - 10,6,5,,2/3,,,
1282 - R - 11,0,0,,5/6,,,
1282 - R - 12,2,2,,5/6,,,
1282 - R - 13,4,1,,5/6,,,
1282 - R - 14,0,0,,5/6,,,
1282 - R - 15,2,0,,5/6,,,
1282 - R - 16,1,0,,5/6,,,
1282 - R - 17,3,0,,5/6,,,
1282 - R - 18,3,0,,5/6,,,
1282 - R - 19,1,2,,5/6,,,
1282 - R - 20,0,0,,5/6,,,
1289 - L - 1,9,0,68007290.00,2/3,,,
1289 - L - 2,13,0,,2/3,,,
1289 - L - 3,16,6,,2/3,,,
1289 - L - 4,12,0,,2/3,,,
1289 - L - 5,14,1,,2/3,,,
1289 - L - 6,10,0,,2/3,,,
1289 - L - 7,15,2,,2/3,,,
1289 - L - 8,28,1,,2/3,,,
1289 - L - 9,16,1,,2/3,,,
1289 - L - 10,12,1,,2/3,,,
1289 - L - 11,9,0,,5/6,,,
1289 - L - 12,6,0,,5/6,,,
1289 - L - 13,10,0,,5/6,,,
1289 - L - 14,0,0,,5/6,,,
1289 - L - 15,0,0,,5/6,,,
1289 - L - 16,7,0,,5/6,,,
1289 - L - 17,1,0,,5/6,,,
1289 - L - 18,17,0,,5/6,,,
1289 - L - 19,14,3,,5/6,,,
1289 - L - 20,16,1,,5/6,,,
1289 - R - 1,11,0,65409253.00,2/3,,,
1289 - R - 2,26,0,,2/3,,,
1289 - R - 3,20,2,,2/3,,,
1289 - R - 4,16,0,,2/3,,,
1289 - R - 5,12,1,,2/3,,,
1289 - R - 6,12,0,,2/3,,,
1289 - R - 7,11,1,,2/3,,,
1289 - R - 8,16,3,,2/3,,,
1289 - R - 9,14,1,,2/3,,,
1289 - R - 10,9,0,,2/3,,,
1289 - R - 11,8,0,,5/6,,,
1289 - R - 12,12,0,,5/6,,,
1289 - R - 13,3,0,,5/6,,,
1289 - R - 14,12,1,,5/6,,,
1289 - R - 15,13,1,,5/6,,,
1289 - R - 16,4,1,,5/6,,,
1289 - R - 17,10,2,,5/6,,,
1289 - R - 18,10,0,,5/6,,,
1289 - R - 19,4,0,,5/6,,,
1289 - R - 20,12,1,,5/6,,,
1293 - L - 1,18,1,112326864.00,2/3,,,
1293 - L - 2,24,3,,2/3,,,
1293 - L - 3,16,2,,2/3,,,
1293 - L - 4,16,2,,2/3,,,
1293 - L - 5,10,2,,2/3,,,
1293 - L - 6,14,0,,2/3,,,
1293 - L - 7,17,0,,2/3,,,
1293 - L - 8,19,0,,2/3,,,
1293 - L - 9,41,0,,2/3,,,
1293 - L - 10,16,0,,2/3,,,
1293 - L - 11,5,0,,5/6,,,
1293 - L - 12,21,0,,5/6,,,
1293 - L - 13,12,0,,5/6,,,
1293 - L - 14,22,0,,5/6,,,
1293 - L - 15,17,0,,5/6,,,
1293 - L - 16,24,2,,5/6,,,
1293 - L - 17,17,0,,5/6,,,
1293 - L - 18,23,1,,5/6,,,
1293 - L - 19,7,1,,5/6,,,
1293 - L - 20,36,2,,5/6,,,
1293 - R - 1,7,2,121460807.00,2/3,,,
1293 - R - 2,5,4,,2/3,,,
1293 - R - 3,2,1,,2/3,,,
1293 - R - 4,8,4,,2/3,,,
1293 - R - 5,6,3,,2/3,,,
1293 - R - 6,12,8,,2/3,,,
1293 - R - 7,2,3,,2/3,,,
1293 - R - 8,5,5,,2/3,,,
1293 - R - 9,5,2,,2/3,,,
1293 - R - 10,2,3,,2/3,,,
1293 - R - 11,1,0,,5/6,,,
1293 - R - 12,2,0,,5/6,,,
1293 - R - 13,0,0,,5/6,,,
1293 - R - 14,1,0,,5/6,,,
1293 - R - 15,3,0,,5/6,,,
1293 - R - 16,1,0,,5/6,,,
1293 - R - 17,2,0,,5/6,,,
1293 - R - 18,2,0,,5/6,,,
1293 - R - 19,4,0,,5/6,,,
1293 - R - 20,5,0,,5/6,,,
1298 - L - 1,0,0,46650422.00,2/3,,,
1298 - L - 2,2,0,,2/3,,,
1298 - L - 3,1,0,,2/3,,,
1298 - L - 4,0,0,,2/3,,,
1298 - L - 5,0,0,,2/3,,,
1298 - L - 6,6,0,,2/3,,,
1298 - L - 7,8,1,,2/3,,,
1298 - L - 8,1,0,,2/3,,,
1298 - L - 9,2,0,,2/3,,,
1298 - L - 10,2,1,,2/3,,,
1298 - L - 11,6,0,,5/6,,,
1298 - L - 12,5,0,,5/6,,,
1298 - L - 13,3,0,,5/6,,,
1298 - L - 14,4,0,,5/6,,,
1298 - L - 15,1,0,,5/6,,,
1298 - L - 16,4,1,,5/6,,,
1298 - L - 17,8,0,,5/6,,,
1298 - L - 18,6,1,,5/6,,,
1298 - L - 19,11,0,,5/6,,,
1298 - L - 20,2,0,,5/6,,,
1298 - R - 1,0,0,48169732.00,2/3,,,
1298 - R - 2,0,0,,2/3,,,
1298 - R - 3,0,0,,2/3,,,
1298 - R - 4,2,0,,2/3,,,
1298 - R - 5,0,0,,2/3,,,
1298 - R - 6,0,0,,2/3,,,
1298 - R - 7,1,0,,2/3,,,
1298 - R - 8,2,0,,2/3,,,
1298 - R - 9,1,0,,2/3,,,
1298 - R - 10,2,0,,2/3,,,
1298 - R - 11,2,1,,5/6,,,
1298 - R - 12,5,1,,5/6,,,
1298 - R - 13,2,0,,5/6,,,
1298 - R - 14,1,2,,5/6,,,
1298 - R - 15,4,0,,5/6,,,
1298 - R - 16,1,0,,5/6,,,
1298 - R - 17,3,1,,5/6,,,
1298 - R - 18,1,1,,5/6,,,
1298 - R - 19,2,1,,5/6,,,
1298 - R - 20,4,4,,5/6,,,
1312 - L - 1,0,0,96063149.00,2/3,,,
1312 - L - 2,0,0,,2/3,,,
1312 - L - 3,19,0,,2/3,,,
1312 - L - 4,14,0,,2/3,,,
1312 - L - 5,9,0,,2/3,,,
1312 - L - 6,9,0,,2/3,,,
1312 - L - 7,14,0,,2/3,,,
1312 - L - 8,17,0,,2/3,,,
1312 - L - 9,20,0,,2/3,,,
1312 - L - 10,29,0,,2/3,,,
1312 - L - 11,32,1,,5/6,,,
1312 - L - 12,17,0,,5/6,,,
1312 - L - 13,11,0,,5/6,,,
1312 - L - 14,18,0,,5/6,,,
1312 - L - 15,18,0,,5/6,,,
1312 - L - 16,23,0,,5/6,,,
1312 - L - 17,36,2,,5/6,,,
1312 - L - 18,22,1,,5/6,,,
1312 - L - 19,21,1,,5/6,,,
1312 - L - 20,14,0,,5/6,,,
1312 - R - 1,4,3,88705903.00,2/3,,,
1312 - R - 2,2,1,,2/3,,,
1312 - R - 3,6,3,,2/3,,,
1312 - R - 4,4,4,,2/3,,,
1312 - R - 5,2,0,,2/3,,,
1312 - R - 6,6,3,,2/3,,,
1312 - R - 7,2,2,,2/3,,,
1312 - R - 8,2,3,,2/3,,,
1312 - R - 9,3,1,,2/3,,,
1312 - R - 10,4,3,,2/3,,,
1312 - R - 11,5,1,,5/6,,,
1312 - R - 12,3,1,,5/6,,,
1312 - R - 13,3,0,,5/6,,,
1312 - R - 14,3,0,,5/6,,,
1312 - R - 15,2,2,,5/6,,,
1312 - R - 16,4,0,,5/6,,,
1312 - R - 17,0,1,,5/6,,,
1312 - R - 18,0,2,,5/6,,,
1312 - R - 19,0,0,,5/6,,,
1312 - R - 20,3,1,,5/6,,,
1314 - L - 1,22,0,25373322.00,2/3,,,
1314 - L - 2,17,1,,2/3,,,
1314 - L - 3,9,0,,2/3,,,
1314 - L - 4,20,0,,2/3,,,
1314 - L - 5,23,0,,2/3,,,
1314 - L - 6,36,1,,2/3,,,
1314 - L - 7,20,2,,2/3,,,
1314 - L - 8,17,0,,2/3,,,
1314 - L - 9,14,1,,2/3,,,
1314 - L - 10,20,1,,2/3,,,
1314 - L - 11,10,0,,5/6,,,
1314 - L - 12,11,0,,5/6,,,
1314 - L - 13,18,0,,5/6,,,
1314 - L - 14,20,0,,5/6,,,
1314 - L - 15,21,0,,5/6,,,
1314 - L - 16,24,0,,5/6,,,
1314 - L - 17,21,1,,5/6,,,
1314 - L - 18,26,1,,5/6,,,
1314 - L - 19,11,0,,5/6,,,
1314 - L - 20,20,0,,5/6,,,
1314 - R - 1,0,0,29381326.00,2/3,,,
1314 - R - 2,2,1,,2/3,,,
1314 - R - 3,5,0,,2/3,,,
1314 - R - 4,7,1,,2/3,,,
1314 - R - 5,4,1,,2/3,,,
1314 - R - 6,2,2,,2/3,,,
1314 - R - 7,5,1,,2/3,,,
1314 - R - 8,5,2,,2/3,,,
1314 - R - 9,1,1,,2/3,,,
1314 - R - 10,1,1,,2/3,,,
1314 - R - 11,0,0,,5/6,,,
1314 - R - 12,1,1,,5/6,,,
1314 - R - 13,3,2,,5/6,,,
1314 - R - 14,3,0,,5/6,,,
1314 - R - 15,5,0,,5/6,,,
1314 - R - 16,0,0,,5/6,,,
1314 - R - 17,4,0,,5/6,,,
1314 - R - 18,6,0,,5/6,,,
1314 - R - 19,2,1,,5/6,,,
1314 - R - 20,0,1,,5/6,,,
1324 - L - 1,15,0,84977594.00,2/3,,,
1324 - L - 2,16,2,,2/3,,,
1324 - L - 3,23,0,,2/3,,,
1324 - L - 4,21,0,,2/3,,,
1324 - L - 5,26,1,,2/3,,,
1324 - L - 6,17,0,,2/3,,,
1324 - L - 7,11,0,,2/3,,,
1324 - L - 8,17,1,,2/3,,,
1324 - L - 9,12,3,,2/3,,,
1324 - L - 10,20,0,,2/3,,,
1324 - L - 11,18,2,,5/6,,,
1324 - L - 12,13,4,,5/6,,,
1324 - L - 13,13,0,,5/6,,,
1324 - L - 14,19,2,,5/6,,,
1324 - L - 15,19,1,,5/6,,,
1324 - L - 16,19,0,,5/6,,,
1324 - L - 17,23,1,,5/6,,,
1324 - L - 18,30,4,,5/6,,,
1324 - L - 19,24,3,,5/6,,,
1324 - L - 20,38,1,,5/6,,,
1324 - R - 1,3,10,76019242.00,2/3,,,
1324 - R - 2,0,4,,2/3,,,
1324 - R - 3,1,3,,2/3,,,
1324 - R - 4,2,1,,2/3,,,
1324 - R - 5,3,1,,2/3,,,
1324 - R - 6,,,,2/3,,,
1324 - R - 7,3,1,,2/3,,,
1324 - R - 8,3,1,,2/3,,,
1324 - R - 9,1,1,,2/3,,,
1324 - R - 10,4,1,,2/3,,,
1324 - R - 11,0,0,,5/6,,,
1324 - R - 12,1,0,,5/6,,,
1324 - R - 13,2,2,,5/6,,,
1324 - R - 14,1,0,,5/6,,,
1324 - R - 15,7,1,,5/6,,,
1324 - R - 16,2,0,,5/6,,,
1324 - R - 17,1,0,,5/6,,,
1324 - R - 18,1,0,,5/6,,,
1324 - R - 19,2,0,,5/6,,,
1324 - R - 20,0,0,,5/6,,,
1328 - L - 1,30,6,67202512.00,2/3,,,
1328 - L - 2,21,0,,2/3,,,
1328 - L - 3,23,2,,2/3,,,
1328 - L - 4,44,4,,2/3,,,
1328 - L - 5,17,2,,2/3,,,
1328 - L - 6,10,1,,2/3,,,
1328 - L - 7,21,0,,2/3,,,
1328 - L - 8,8,0,,2/3,,,
1328 - L - 9,31,4,,2/3,,,
1328 - L - 10,19,1,,2/3,,,
1328 - L - 11,12,0,,5/6,,,
1328 - L - 12,16,0,,5/6,,,
1328 - L - 13,19,0,,5/6,,,
1328 - L - 14,7,0,,5/6,,,
1328 - L - 15,25,0,,5/6,,,
1328 - L - 16,2,0,,5/6,,,
1328 - L - 17,12,1,,5/6,,,
1328 - L - 18,12,0,,5/6,,,
1328 - L - 19,11,0,,5/6,,,
1328 - L - 20,21,0,,5/6,,,
1328 - R - 1,2,1,70629832.00,2/3,,,
1328 - R - 2,7,1,,2/3,,,
1328 - R - 3,4,3,,2/3,,,
1328 - R - 4,6,1,,2/3,,,
1328 - R - 5,2,1,,2/3,,,
1328 - R - 6,7,2,,2/3,,,
1328 - R - 7,5,2,,2/3,,,
1328 - R - 8,1,0,,2/3,,,
1328 - R - 9,1,1,,2/3,,,
1328 - R - 10,7,1,,2/3,,,
1328 - R - 11,2,0,,5/6,,,
1328 - R - 12,1,0,,5/6,,,
1328 - R - 13,1,1,,5/6,,,
1328 - R - 14,0,0,,5/6,,,
1328 - R - 15,1,0,,5/6,,,
1328 - R - 16,1,0,,5/6,,,
1328 - R - 17,0,0,,5/6,,,
1328 - R - 18,0,0,,5/6,,,
1328 - R - 19,1,1,,5/6,,,
1328 - R - 20,2,0,,5/6,,,
1341 - L - 1,12,0,50348649.00,2/3,,,
1341 - L - 2,17,0,,2/3,,,
1341 - L - 3,19,0,,2/3,,,
1341 - L - 4,14,0,,2/3,,,
1341 - L - 5,12,2,,2/3,,,
1341 - L - 6,18,0,,2/3,,,
1341 - L - 7,14,2,,2/3,,,
1341 - L - 8,20,2,,2/3,,,
1341 - L - 9,21,1,,2/3,,,
1341 - L - 10,15,3,,2/3,,,
1341 - L - 11,12,0,,5/6,,,
1341 - L - 12,3,0,,5/6,,,
1341 - L - 13,5,1,,5/6,,,
1341 - L - 14,5,0,,5/6,,,
1341 - L - 15,7,0,.,5/6,,,
1341 - L - 16,4,0,,5/6,,,
1341 - L - 17,4,0,,5/6,,,
1341 - L - 18,6,0,,5/6,,,
1341 - L - 19,22,2,,5/6,,,
1341 - L - 20,8,0,,5/6,,,
1367 - R - 1,1,0,50864099.00,2/3,,,
1367 - R - 2,1,0,,2/3,,,
1367 - R - 3,0,0,,2/3,,,
1367 - R - 4,0,0,,2/3,,,
1367 - R - 5,0,0,,2/3,,,
1367 - R - 6,3,0,,2/3,,,
1367 - R - 7,3,0,,2/3,,,
1367 - R - 8,0,0,,2/3,,,
1367 - R - 9,1,5,,2/3,,,
1367 - R - 10,6,0,,2/3,,,
1367 - R - 11,1,1,,5/6,,,
1367 - R - 12,0,1,,5/6,,,
1367 - R - 13,3,3,,5/6,,,
1367 - R - 14,5,1,,5/6,,,
1367 - R - 15,5,4,,5/6,,,
1367 - R - 16,2,4,,5/6,,,
1367 - R - 17,3,0,,5/6,,,
1367 - R - 18,0,0,,5/6,,,
1367 - R - 19,0,3,,5/6,,,
1367 - R - 20,0,1,,5/6,,,
1374 - L - 1,21,1,110750601.00,2/3,,,
1374 - L - 2,21,0,,2/3,,,
1374 - L - 3,17,1,,2/3,,,
1374 - L - 4,23,0,,2/3,,,
1374 - L - 5,9,0,,2/3,,,
1374 - L - 6,21,0,,2/3,,,
1374 - L - 7,9,0,,2/3,,,
1374 - L - 8,13,0,,2/3,,,
1374 - L - 9,12,0,,2/3,,,
1374 - L - 10,14,0,,2/3,,,
1374 - L - 11,17,0,,5/6,,,
1374 - L - 12,22,0,,5/6,,,
1374 - L - 13,12,0,,5/6,,,
1374 - L - 14,16,0,,5/6,,,
1374 - L - 15,6,0,,5/6,,,
1374 - L - 16,12,0,,5/6,,,
1374 - L - 17,7,0,,5/6,,,
1374 - L - 18,10,0,,5/6,,,
1374 - L - 19,7,0,,5/6,,,
1374 - L - 20,11,0,,5/6,,,
1374 - R - 1,5,10,112497385.00,2/3,,,
1374 - R - 2,4,1,,2/3,,,
1374 - R - 3,3,3,,2/3,,,
1374 - R - 4,3,5,,2/3,,,
1374 - R - 5,6,3,,2/3,,,
1374 - R - 6,4,1,,2/3,,,
1374 - R - 7,4,2,,2/3,,,
1374 - R - 8,2,0,,2/3,,,
1374 - R - 9,3,1,,2/3,,,
1374 - R - 10,6,1,,2/3,,,
1374 - R - 11,1,0,,5/6,,,
1374 - R - 12,1,0,,5/6,,,
1374 - R - 13,1,0,,5/6,,,
1374 - R - 14,1,0,,5/6,,,
1374 - R - 15,4,0,,5/6,,,
1374 - R - 16,1,0,,5/6,,,
1374 - R - 17,1,0,,5/6,,,
1374 - R - 18,4,0,,5/6,,,
1374 - R - 19,5,1,,5/6,,,
1374 - R - 20,4,0,,5/6,,,
1381 - L - 1,14,0,58632522.00,2/3,,,
1381 - L - 2,5,0,,2/3,,,
1381 - L - 3,13,0,,2/3,,,
1381 - L - 4,17,0,,2/3,,,
1381 - L - 5,15,0,,2/3,,,
1381 - L - 6,8,0,,2/3,,,
1381 - L - 7,6,0,,2/3,,,
1381 - L - 8,2,0,,2/3,,,
1381 - L - 9,18,0,,2/3,,,
1381 - L - 10,18,2,,2/3,,,
1381 - L - 11,14,0,,5/6,,,
1381 - L - 12,14,0,,5/6,,,
1381 - L - 13,16,0,,5/6,,,
1381 - L - 14,15,0,,5/6,,,
1381 - L - 15,15,0,,5/6,,,
1381 - L - 16,10,0,,5/6,,,
1381 - L - 17,28,0,,5/6,,,
1381 - L - 18,12,0,,5/6,,,
1381 - L - 19,21,0,,5/6,,,
1381 - L - 20,1,0,,5/6,,,
1381 - R - 1,2,4,59739303.00,2/3,,,
1381 - R - 2,3,1,,2/3,,,
1381 - R - 3,2,1,,2/3,,,
1381 - R - 4,2,3,,2/3,,,
1381 - R - 5,3,2,,2/3,,,
1381 - R - 6,5,5,,2/3,,,
1381 - R - 7,3,1,,2/3,,,
1381 - R - 8,7,1,,2/3,,,
1381 - R - 9,5,2,,2/3,,,
1381 - R - 10,6,1,,2/3,,,
1381 - R - 11,1,0,,5/6,,,
1381 - R - 12,1,0,,5/6,,,
1381 - R - 13,2,0,,5/6,,,
1381 - R - 14,0,0,,5/6,,,
1381 - R - 15,2,0,,5/6,,,
1381 - R - 16,2,1,,5/6,,,
1381 - R - 17,1,1,,5/6,,,
1381 - R - 18,1,0,,5/6,,,
1381 - R - 19,1,0,,5/6,,,
1381 - R - 20,1,1,,5/6,,,
1449 - L - 1,17,2,104103831.00,2/3,,,
1449 - L - 2,8,0,,2/3,,,
1449 - L - 3,9,2,,2/3,,,
1449 - L - 4,14,0,,2/3,,,
1449 - L - 5,9,1,,2/3,,,
1449 - L - 6,13,3,,2/3,,,
1449 - L - 7,11,1,,2/3,,,
1449 - L - 8,9,1,,2/3,,,
1449 - L - 9,3,0,,2/3,,,
1449 - L - 10,11,2,,2/3,,,
1449 - L - 11,16,1,,5/6,,,
1449 - L - 12,17,0,,5/6,,,
1449 - L - 13,14,0,,5/6,,,
1449 - L - 14,10,1,,5/6,,,
1449 - L - 15,8,0,,5/6,,,
1449 - L - 16,14,1,,5/6,,,
1449 - L - 17,9,0,,5/6,,,
1449 - L - 18,10,2,,5/6,,,
1449 - L - 19,15,0,,5/6,,,
1449 - L - 20,15,1,,5/6,,,
1449 - R - 1,5,3,104103831.00,2/3,,,
1449 - R - 2,2,2,,2/3,,,
1449 - R - 3,2,7,,2/3,,,
1449 - R - 4,0,1,,2/3,,,
1449 - R - 5,2,2,,2/3,,,
1449 - R - 6,2,4,,2/3,,,
1449 - R - 7,2,5,,2/3,,,
1449 - R - 8,4,5,,2/3,,,
1449 - R - 9,3,0,,2/3,,,
1449 - R - 10,5,1,,2/3,,,
1449 - R - 11,4,0,,5/6,,,
1449 - R - 12,3,1,,5/6,,,
1449 - R - 13,1,1,,5/6,,,
1449 - R - 14,0,0,,5/6,,,
1449 - R - 15,1,0,,5/6,,,
1449 - R - 16,0,0,,5/6,,,
1449 - R - 17,2,0,,5/6,,,
1449 - R - 18,0,0,,5/6,,,
1449 - R - 19,2,2,,5/6,,,
1449 - R - 20,0,0,,5/6,,,
1789 - L - 1,0,0,60874814.00,2/3,,,
1789 - L - 2,21,0,,2/3,,,
1789 - L - 3,42,0,,2/3,,,
1789 - L - 4,26,0,,2/3,,,
1789 - L - 5,25,1,,2/3,,,
1789 - L - 6,40,0,,2/3,,,
1789 - L - 7,35,0,,2/3,,,
1789 - L - 8,24,0,,2/3,,,
1789 - L - 9,12,2,,2/3,,,
1789 - L - 10,16,0,,2/3,,,
1789 - L - 11,22,1,,5/6,,,
1789 - L - 12,21,3,,5/6,,,
1789 - L - 13,17,2,,5/6,,,
1789 - L - 14,30,0,,5/6,,,
1789 - L - 15,22,0,,5/6,,,
1789 - L - 16,21,1,,5/6,,,
1789 - L - 17,31,0,,5/6,,,
1789 - L - 18,15,1,,5/6,,,
1789 - L - 19,12,1,,5/6,,,
1789 - L - 20,19,2,,5/6,,,
1789 - R - 1,3,0,64612756.00,2/3,,,
1789 - R - 2,1,2,,2/3,,,
1789 - R - 3,2,2,,2/3,,,
1789 - R - 4,4,1,,2/3,,,
1789 - R - 5,5,0,,2/3,,,
1789 - R - 6,4,2,,2/3,,,
1789 - R - 7,4,2,,2/3,,,
1789 - R - 8,1,2,,2/3,,,
1789 - R - 9,4,0,,2/3,,,
1789 - R - 10,3,2,,2/3,,,
1789 - R - 11,1,1,,5/6,,,
1789 - R - 12,0,0,,5/6,,,
1789 - R - 13,2,0,,5/6,,,
1789 - R - 14,1,1,,5/6,,,
1789 - R - 15,1,0,,5/6,,,
1789 - R - 16,3,1,,5/6,,,
1789 - R - 17,4,2,,5/6,,,
1789 - R - 18,2,1,,5/6,,,
1789 - R - 19,2,1,,5/6,,,
1789 - R - 20,2,0,,5/6,,,
10003 - L - 1,3,0,58690996.00,2/3,,,
10003 - L - 2,11,0,,2/3,,,
10003 - L - 3,0,0,,2/3,,,
10003 - L - 4,11,0,,2/3,,,
10003 - L - 5,7,0,,2/3,,,
10003 - L - 6,4,0,,2/3,,,
10003 - L - 7,3,1,,2/3,,,
10003 - L - 8,0,0,,2/3,,,
10003 - L - 9,11,1,,2/3,,,
10003 - L - 10,7,1,,2/3,,,
10003 - L - 11,9,0,,5/6,,,
10003 - L - 12,8,2,,5/6,,,
10003 - L - 13,7,2,,5/6,,,
10003 - L - 14,9,1,,5/6,,,
10003 - L - 15,8,1,,5/6,,,
10003 - L - 16,18,0,,5/6,,,
10003 - L - 17,23,0,,5/6,,,
10003 - L - 18,17,1,,5/6,,,
10003 - L - 19,16,2,,5/6,,,
10003 - L - 20,12,2,,5/6,,,
10003 - R - 1,2,4,55269929.00,2/3,,,
10003 - R - 2,6,4,,2/3,,,
10003 - R - 3,1,1,,2/3,,,
10003 - R - 4,6,2,,2/3,,,
10003 - R - 5,0,0,,2/3,,,
10003 - R - 6,2,0,,2/3,,,
10003 - R - 7,5,2,,2/3,,,
10003 - R - 8,6,1,,2/3,,,
10003 - R - 9,6,4,,2/3,,,
10003 - R - 10,1,0,,2/3,,,
10003 - R - 11,1,0,,5/6,,,
10003 - R - 12,0,0,,5/6,,,
10003 - R - 13,3,0,,5/6,,,
10003 - R - 14,2,1,,5/6,,,
10003 - R - 15,4,3,,5/6,,,
10003 - R - 16,3,0,,5/6,,,
10003 - R - 17,2,0,,5/6,,,
10003 - R - 18,2,1,,5/6,,,
10003 - R - 19,3,0,,5/6,,,
10003 - R - 20,2,0,,5/6,,,
10004 - L - 1,16,0,23311184.00,2/3,,,
10004 - L - 2,37,0,,2/3,,,
10004 - L - 3,6,1,,2/3,,,
10004 - L - 4,7,0,,2/3,,,
10004 - L - 5,13,0,,2/3,,,
10004 - L - 6,23,1,,2/3,,,
10004 - L - 7,46,2,,2/3,,,
10004 - L - 8,31,0,,2/3,,,
10004 - L - 9,29,1,,2/3,,,
10004 - L - 10,25,0,,2/3,,,
10004 - L - 11,22,1,,5/6,,,
10004 - L - 12,2,0,,5/6,,,
10004 - L - 13,19,0,,5/6,,,
10004 - L - 14,22,1,,5/6,,,
10004 - L - 15,2,1,,5/6,,,
10004 - L - 16,11,0,,5/6,,,
10004 - L - 17,6,0,,5/6,,,
10004 - L - 18,9,0,,5/6,,,
10004 - L - 19,6,0,,5/6,,,
10004 - L - 20,30,2,,5/6,,,
10004 - R - 1,2,2,22142042.00,2/3,,,
10004 - R - 2,3,1,,2/3,,,
10004 - R - 3,0,1,,2/3,,,
10004 - R - 4,1,1,,2/3,,,
10004 - R - 5,2,1,,2/3,,,
10004 - R - 6,2,2,,2/3,,,
10004 - R - 7,3,1,,2/3,,,
10004 - R - 8,3,1,,2/3,,,
10004 - R - 9,3,0,,2/3,,,
10004 - R - 10,1,1,,2/3,,,
10004 - R - 11,0,1,,5/6,,,
10004 - R - 12,2,0,,5/6,,,
10004 - R - 13,3,0,,5/6,,,
10004 - R - 14,2,0,,5/6,,,
10004 - R - 15,0,1,,5/6,,,
10004 - R - 16,2,0,,5/6,,,
10004 - R - 17,1,0,,5/6,,,
10004 - R - 18,1,0,,5/6,,,
10004 - R - 19,1,0,,5/6,,,
10004 - R - 20,4,0,,5/6,,,
10006 - L - 1,0,0,33352995.00,2/3,,,
10006 - L - 2,6,0,,2/3,,,
10006 - L - 3,3,0,,2/3,,,
10006 - L - 4,11,0,,2/3,,,
10006 - L - 5,0,0,,2/3,,,
10006 - L - 6,0,0,,2/3,,,
10006 - L - 7,10,0,,2/3,,,
10006 - L - 8,8,0,,2/3,,,
10006 - L - 9,9,0,,2/3,,,
10006 - L - 10,2,0,,2/3,,,
10006 - L - 11,4,0,,5/6,,,
10006 - L - 12,4,0,,5/6,,,
10006 - L - 13,11,0,,5/6,,,
10006 - L - 14,10,0,,5/6,,,
10006 - L - 15,3,0,,5/6,,,
10006 - L - 16,7,0,,5/6,,,
10006 - L - 17,11,0,,5/6,,,
10006 - L - 18,2,0,,5/6,,,
10006 - L - 19,4,0,,5/6,,,
10006 - L - 20,4,0,,5/6,,,
10006 - R - 1,3,0,32197880.00,2/3,,,
10006 - R - 2,5,1,,2/3,,,
10006 - R - 3,4,2,,2/3,,,
10006 - R - 4,2,2,,2/3,,,
10006 - R - 5,2,3,,2/3,,,
10006 - R - 6,3,0,,2/3,,,
10006 - R - 7,0,0,,2/3,,,
10006 - R - 8,0,0,,2/3,,,
10006 - R - 9,1,1,,2/3,,,
10006 - R - 10,1,1,,2/3,,,
10006 - R - 11,0,0,,5/6,,,
10006 - R - 12,1,0,,5/6,,,
10006 - R - 13,2,1,,5/6,,,
10006 - R - 14,1,0,,5/6,,,
10006 - R - 15,0,0,,5/6,,,
10006 - R - 16,1,0,,5/6,,,
10006 - R - 17,2,0,,5/6,,,
10006 - R - 18,3,0,,5/6,,,
10006 - R - 19,0,0,,5/6,,,
10006 - R - 20,0,0,,5/6,,,
10010-L - 1,17,1,4021507.00,2/3,,,
10010-L - 2,29,2,,2/3,,,
10010-L - 3,20,1,,2/3,,,
10010-L - 4,22,1,,2/3,,,
10010-L - 5,18,2,,2/3,,,
10010-L - 6,30,1,,2/3,,,
10010-L - 7,19,2,,2/3,,,
10010-L - 8,18,1,,2/3,,,
10010-L - 9,38,3,,2/3,,,
10010-L - 10,19,2,,2/3,,,
10010-L - 11,21,0,,5/6,,,
10010-L - 12,25,1,,5/6,,,
10010-L - 13,26,0,,5/6,,,
10010-L - 14,32,0,,5/6,,,
10010-L - 15,27,1,,5/6,,,
10010-L - 16,28,3,,5/6,,,
10010-L - 17,25,0,,5/6,,,
10010-L - 18,29,0,,5/6,,,
10010-L - 19,22,2,,5/6,,,
10010-L - 20,26,0,,5/6,,,
10010 - R - 1,1,5,67661516.00,2/3,,,
10010 - R - 2,2,2,,2/3,,,
10010 - R - 3,3,3,,2/3,,,
10010 - R - 4,2,3,,2/3,,,
10010 - R - 5,4,0,,2/3,,,
10010 - R - 6,3,0,,2/3,,,
10010 - R - 7,12,0,,2/3,,,
10010 - R - 8,1,5,,2/3,,,
10010 - R - 9,5,3,,2/3,,,
10010 - R - 10,3,0,,2/3,,,
10010 - R - 11,0,0,,5/6,,,
10010 - R - 12,1,0,,5/6,,,
10010 - R - 13,2,0,,5/6,,,
10010 - R - 14,1,0,,5/6,,,
10010 - R - 15,2,0,,5/6,,,
10010 - R - 16,1,0,,5/6,,,
10010 - R - 17,2,0,,5/6,,,
10010 - R - 18,2,0,,5/6,,,
10010 - R - 19,2,1,,5/6,,,
10010 - R - 20,3,2,,5/6,,,
10020 - L - 1,11,0,95969861.00,2/3,,,
10020 - L - 2,3,0,,2/3,,,
10020 - L - 3,7,0,,2/3,,,
10020 - L - 4,4,0,,2/3,,,
10020 - L - 5,8,0,,2/3,,,
10020 - L - 6,8,0,,2/3,,,
10020 - L - 7,0,0,,2/3,,,
10020 - L - 8,0,0,,2/3,,,
10020 - L - 9,8,0,,2/3,,,
10020 - L - 10,6,0,,2/3,,,
10020 - L - 11,15,0,,5/6,,,
10020 - L - 12,0,0,,5/6,,,
10020 - L - 13,10,0,,5/6,,,
10020 - L - 14,12,0,,5/6,,,
10020 - L - 15,9,0,,5/6,,,
10020 - L - 16,9,0,,5/6,,,
10020 - L - 17,9,0,,5/6,,,
10020 - L - 18,6,0,,5/6,,,
10020 - L - 19,8,0,,5/6,,,
10020 - L - 20,6,0,,5/6,,,
10020 - R - 1,1,1,86620612.00,2/3,,,
10020 - R - 2,1,0,,2/3,,,
10020 - R - 3,1,1,,2/3,,,
10020 - R - 4,1,1,,2/3,,,
10020 - R - 5,0,0,,2/3,,,
10020 - R - 6,1,0,,2/3,,,
10020 - R - 7,2,1,,2/3,,,
10020 - R - 8,0,0,,2/3,,,
10020 - R - 9,2,0,,2/3,,,
10020 - R - 10,0,0,,2/3,,,
10020 - R - 11,0,0,,5/6,,,
10020 - R - 12,0,0,,5/6,,,
10020 - R - 13,3,0,,5/6,,,
10020 - R - 14,1,0,,5/6,,,
10020 - R - 15,1,0,,5/6,,,
10020 - R - 16,0,0,,5/6,,,
10020 - R - 17,0,0,,5/6,,,
10020 - R - 18,0,0,,5/6,,,
10020 - R - 19,0,0,,5/6,,,
10020 - R - 20,0,0,,5/6,,,
10023 - R - 1,3,1,58663956.00,2/3,,,
10023 - R - 2,3,2,,2/3,,,
10023 - R - 3,2,0,,2/3,,,
10023 - R - 4,5,0,,2/3,,,
10023 - R - 5,2,1,,2/3,,,
10023 - R - 6,5,2,,2/3,,,
10023 - R - 7,0,0,,2/3,,,
10023 - R - 8,0,0,,2/3,,,
10023 - R - 9,2,0,,2/3,,,
10023 - R - 10,3,3,,2/3,,,
10023 - R - 11,1,0,,5/6,,,
10023 - R - 12,2,0,,5/6,,,
10023 - R - 13,4,0,,5/6,,,
10023 - R - 14,4,0,,5/6,,,
10023 - R - 15,0,0,,5/6,,,
10023 - R - 16,2,0,,5/6,,,
10023 - R - 17,0,0,,5/6,,,
10023 - R - 18,0,0,,5/6,,,
10023 - R - 19,0,0,,5/6,,,
10023 - R - 20,0,0,.,5/6,,,
10023  -L - 1,8,1,55522584.00,2/3,,,
10023  -L - 2,10,0,,2/3,,,
10023  -L - 3,7,0,,2/3,,,
10023  -L - 4,10,0,,2/3,,,
10023  -L - 5,6,0,,2/3,,,
10023  -L - 6,6,0,,2/3,,,
10023  -L - 7,6,0,,2/3,,,
10023  -L - 8,11,0,,2/3,,,
10023  -L - 9,9,0,,2/3,,,
10023  -L - 10,10,2,,2/3,,,
10023  -L - 11,5,0,,5/6,,,
10023  -L - 12,8,1,,5/6,,,
10023  -L - 13,6,0,,5/6,,,
10023  -L - 14,7,0,,5/6,,,
10023  -L - 15,6,0,,5/6,,,
10023  -L - 16,5,0,,5/6,,,
10023  -L - 17,11,0,,5/6,,,
10023  -L - 18,8,2,,5/6,,,
10023  -L - 19,6,1,,5/6,,,
10023  -L - 20,7,0,,5/6,,,
10024 - L - 1,7,0,64068745.00,2/3,,,
10024 - L - 2,12,0,,2/3,,,
10024 - L - 3,6,0,,2/3,,,
10024 - L - 4,15,0,,2/3,,,
10024 - L - 5,17,2,,2/3,,,
10024 - L - 6,24,0,,2/3,,,
10024 - L - 7,14,1,,2/3,,,
10024 - L - 8,10,0,,2/3,,,
10024 - L - 9,11,0,,2/3,,,
10024 - L - 10,11,1,,2/3,,,
10024 - L - 11,17,0,,5/6,,,
10024 - L - 12,11,0,,5/6,,,
10024 - L - 13,9,0,,5/6,,,
10024 - L - 14,5,0,,5/6,,,
10024 - L - 15,2,0,,5/6,,,
10024 - L - 16,0,0,,5/6,,,
10024 - L - 17,9,0,,5/6,,,
10024 - L - 18,15,0,,5/6,,,
10024 - L - 19,10,1,,5/6,,,
10024 - L - 20,8,1,,5/6,,,
10024 - R - 1,2,1,69549246.00,2/3,,,
10024 - R - 2,3,4,,2/3,,,
10024 - R - 3,6,3,,2/3,,,
10024 - R - 4,3,4,,2/3,,,
10024 - R - 5,3,1,,2/3,,,
10024 - R - 6,4,3,,2/3,,,
10024 - R - 7,4,1,,2/3,,,
10024 - R - 8,2,6,,2/3,,,
10024 - R - 9,1,0,,2/3,,,
10024 - R - 10,3,2,,2/3,,,
10024 - R - 11,4,0,,5/6,,,
10024 - R - 12,0,0,,5/6,,,
10024 - R - 13,0,0,,5/6,,,
10024 - R - 14,0,0,,5/6,,,
10024 - R - 15,0,0,,5/6,,,
10024 - R - 16,0,0,,5/6,,,
10024 - R - 17,4,1,,5/6,,,
10024 - R - 18,2,1,,5/6,,,
10024 - R - 19,4,2,,5/6,,,
10024 - R - 20,5,2,,5/6,,,
10025 - L - 1,2,0,77645698.00,2/3,,,
10025 - L - 2,5,0,,2/3,,,
10025 - L - 3,4,1,,2/3,,,
10025 - L - 4,2,0,,2/3,,,
10025 - L - 5,9,0,,2/3,,,
10025 - L - 6,12,0,,2/3,,,
10025 - L - 7,11,0,,2/3,,,
10025 - L - 8,5,0,,2/3,,,
10025 - L - 9,3,0,,2/3,,,
10025 - L - 10,14,0,,2/3,,,
10025 - L - 11,6,1,,5/6,,,
10025 - L - 12,4,0,,5/6,,,
10025 - L - 13,7,0,,5/6,,,
10025 - L - 14,15,0,,5/6,,,
10025 - L - 15,2,0,,5/6,,,
10025 - L - 16,13,0,,5/6,,,
10025 - L - 17,16,0,,5/6,,,
10025 - L - 18,13,0,,5/6,,,
10025 - L - 19,0,0,,5/6,,,
10025 - L - 20,0,0,,5/6,,,
10025 - R - 1,2,2,78454363.00,2/3,,,
10025 - R - 2,1,0,,2/3,,,
10025 - R - 3,5,2,,2/3,,,
10025 - R - 4,6,3,,2/3,,,
10025 - R - 5,1,0,,2/3,,,
10025 - R - 6,0,0,,2/3,,,
10025 - R - 7,0,1,,2/3,,,
10025 - R - 8,3,1,,2/3,,,
10025 - R - 9,3,0,,2/3,,,
10025 - R - 10,3,0,,2/3,,,
10025 - R - 11,0,0,,5/6,,,
10025 - R - 12,1,0,,5/6,,,
10025 - R - 13,0,1,,5/6,,,
10025 - R - 14,2,0,,5/6,,,
10025 - R - 15,3,0,,5/6,,,
10025 - R - 16,1,0,,5/6,,,
10025 - R - 17,0,0,,5/6,,,
10025 - R - 18,0,0,,5/6,,,
10025 - R - 19,1,1,,5/6,,,
10025 - R - 20,2,0,,5/6,,,
10026 - L - 1,0,0,46786298.00,2/3,,,
10026 - L - 2,0,0,,2/3,,,
10026 - L - 3,6,1,.,2/3,,,
10026 - L - 4,8,0,,2/3,,,
10026 - L - 5,3,1,,2/3,,,
10026 - L - 6,5,0,,2/3,,,
10026 - L - 7,15,0,,2/3,,,
10026 - L - 8,16,0,,2/3,,,
10026 - L - 9,12,1,,2/3,,,
10026 - L - 10,0,0,,2/3,,,
10026 - L - 11,12,0,,5/6,,,
10026 - L - 12,11,0,,5/6,,,
10026 - L - 13,9,0,,5/6,,,
10026 - L - 14,15,0,,5/6,,,
10026 - L - 15,14,0,,5/6,,,
10026 - L - 16,11,0,,5/6,,,
10026 - L - 17,5,1,,5/6,,,
10026 - L - 18,12,0,,5/6,,,
10026 - L - 19,22,0,,5/6,,,
10026 - L - 20,7,1,,5/6,,,
10026 - R - 1,2,11,49508043.00,2/3,,,
10026 - R - 2,2,3,,2/3,,,
10026 - R - 3,5,1,,2/3,,,
10026 - R - 4,4,4,,2/3,,,
10026 - R - 5,0,5,,2/3,,,
10026 - R - 6,4,0,,2/3,,,
10026 - R - 7,4,2,,2/3,,,
10026 - R - 8,2,0,,2/3,,,
10026 - R - 9,4,2,,2/3,,,
10026 - R - 10,8,4,,2/3,,,
10026 - R - 11,4,0,,5/6,,,
10026 - R - 12,3,0,,5/6,,,
10026 - R - 13,2,0,,5/6,,,
10026 - R - 14,1,0,,5/6,,,
10026 - R - 15,2,0,,5/6,,,
10026 - R - 16,2,1,,5/6,,,
10026 - R - 17,0,1,,5/6,,,
10026 - R - 18,4,2,,5/6,,,
10026 - R - 19,5,0,,5/6,,,
10026 - R - 20,3,0,,5/6,,,
1088 - R - 1,,,,,,,
1088 - R - 2,,,,,,,
1088 - R - 3,,,,,,,
1088 - R - 4,4,,,,,,
1088 - R - 5,5,,,,,,
1088 - R - 6,6,,,,,,
1088 - R - 7,7,,,,,,
1088 - R - 8,8,,,,,,
1088 - R - 9,9,,,,,,
1088 - R - 10,10,,,,,,
1088 - R - 11,11,,,,,,
1088 - R - 12,12,,,,,,
1088 - R - 13,13,,,,,,
1088 - R - 14,14,,,,,,
1088 - R - 15,15,,,,,,
1088 - R - 16,16,,,,,,
1088 - R - 17,17,,,,,,
1088 - R - 18,18,,,,,,
1088 - R - 19,19,,,,,,
1088 - R - 20,20,,,,,,
1153 - R - 1,1,,,,,,
1153 - R - 2,2,,,,,,
1153 - R - 3,3,,,,,,
1153 - R - 4,4,,,,,,
1153 - R - 5,5,,,,,,
1153 - R - 6,6,,,,,,
1153 - R - 7,7,,,,,,
1153 - R - 8,8,,,,,,
1153 - R - 9,9,,,,,,
1153 - R - 10,10,,,,,,
1153 - R - 11,11,,,,,,
1153 - R - 12,12,,,,,,
1153 - R - 13,13,,,,,,
1153 - R - 14,14,,,,,,
1153 - R - 15,15,,,,,,
1153 - R - 16,16,,,,,,
1153 - R - 17,17,,,,,,
1153 - R - 18,18,,,,,,
1153 - R - 19,19,,,,,,
1153 - R - 20,20,,,,,,
1188 - R - 1,1,,,,,,
1188 - R - 2,2,,,,,,
1188 - R - 3,3,,,,,,
1188 - R - 4,4,,,,,,
1188 - R - 5,5,,,,,,
1188 - R - 6,6,,,,,,
1188 - R - 7,7,,,,,,
1188 - R - 8,8,,,,,,
1188 - R - 9,9,,,,,,
1188 - R - 10,10,,,,,,
1188 - R - 11,11,,,,,,
1188 - R - 12,12,,,,,,
1188 - R - 13,13,,,,,,
1188 - R - 14,14,,,,,,
1188 - R - 15,15,,,,,,
1188 - R - 16,16,,,,,,
1188 - R - 17,17,,,,,,
1188 - R - 18,18,,,,,,
1188 - R - 19,19,,,,,,
1188 - R - 20,20,,,,,,
1367 - L - 1,1,,,,,,
1367 - L - 2,2,,,,,,
1367 - L - 3,3,,,,,,
1367 - L - 4,4,,,,,,
1367 - L - 5,5,,,,,,
1367 - L - 6,6,,,,,,
1367 - L - 7,7,,,,,,
1367 - L - 8,8,,,,,,
1367 - L - 9,9,,,,,,
1367 - L - 10,10,,,,,,
1367 - L - 11,11,,,,,,
1367 - L - 12,12,,,,,,
1367 - L - 13,13,,,,,,
1367 - L - 14,14,,,,,,
1367 - L - 15,15,,,,,,
1367 - L - 16,16,,,,,,
1367 - L - 17,17,,,,,,
1367 - L - 18,18,,,,,,
1367 - L - 19,19,,,,,,
1367 - L - 20,20,,,,,,
