CellType,logFC,AveExpr,t,P.Value,adj.P.Val,Cohort
L6 CT_4,0.4853280808663041,-2.1389246504474166,3.024619060716669,0.0029845859789259447,0.32233528572400205,HBCC
Chandelier_2,0.3322822438863058,-0.18579848182829617,2.479309786890351,0.014404370961632527,0.7778360319281564,HBCC
Sst_2,-0.21300889537616913,0.2670316142162085,-1.7818355903744005,0.07704039507963324,0.8962587900373695,HBCC
Sst_12,-0.22916447087861838,-0.08296758426776984,-1.7356607610087469,0.08492200291791907,0.8962587900373695,HBCC
L5 IT_7,-0.2509335783185402,-0.6908591493232947,-1.6079726481752314,0.11019421254393971,0.8962587900373695,HBCC
Pvalb_12,0.20377492195286243,-1.207971012241439,1.5739796097692644,0.11784966104622373,0.8962587900373695,HBCC
Pvalb_8,0.2126211865676202,-0.8644811084311373,1.5547659220257861,0.12235988713449153,0.8962587900373695,HBCC
L6 IT Car3_2,-0.2716414553827275,-0.7411789234493434,-1.5337661856153537,0.12744422791736792,0.8962587900373695,HBCC
Sst_20,-0.19141130261720354,-0.3862849688665709,-1.3973271959914848,0.16462397497929576,0.8962587900373695,HBCC
L2/3 IT_7,0.23531701425564214,-2.0244789336413267,1.3918668931973817,0.16626805866337463,0.8962587900373695,HBCC
Sst Chodl_2,0.19529815836366962,-1.9861540427215223,1.3660675669398747,0.17420540788579061,0.8962587900373695,HBCC
L5 IT_3,-0.1998343062377573,-0.1081080182173273,-1.3481198658764735,0.17989370497146834,0.8962587900373695,HBCC
Sst_9,-0.16362852752587972,0.233190061691104,-1.3464333082984279,0.18043533110896912,0.8962587900373695,HBCC
Sncg_5,0.22040597573368426,-0.48115819802592213,1.3439536223175368,0.18123388791844128,0.8962587900373695,HBCC
Sst_3,-0.17603673589297353,1.6231079895215812,-1.3372638766220986,0.18340147903102624,0.8962587900373695,HBCC
Sncg_2,0.2377004174850278,-1.7275387516143401,1.3199752609078035,0.1890931615192794,0.8962587900373695,HBCC
Pax6_2,0.2139136823131511,-2.2222492720197926,1.258088902608972,0.21054684203619536,0.8962587900373695,HBCC
L4 IT_3,0.18053714426362577,-1.5477322890664396,1.2236146778963732,0.22324432227791316,0.8962587900373695,HBCC
L6b_3,0.21884938826677258,-2.1760655253497423,1.221310528389668,0.22411232426159539,0.8962587900373695,HBCC
Sst_25,-0.18841838953100257,0.669561452653573,-1.1917742719722304,0.23545565496087023,0.8962587900373695,HBCC
L2/3 IT_3,-0.1965324774273592,0.7852645328703186,-1.1635319012074676,0.2466808725401401,0.8962587900373695,HBCC
L5/6 NP_6,0.2004515690630108,-2.213798408260807,1.1479019134784176,0.25305371342148375,0.8962587900373695,HBCC
L6b_6,-0.25757878344457863,0.8231506898869502,-1.1292999816676494,0.2607883556387228,0.8962587900373695,HBCC
Vip_14,0.12399866954885656,-0.6794920487935563,1.1205658280349453,0.2644764804721555,0.8962587900373695,HBCC
Pax6_4,0.18151597486373322,-2.213798408260807,1.1125213537999963,0.2679054053887478,0.8962587900373695,HBCC
L6b_4,0.20335825450424427,-0.320765222247968,1.102850101083008,0.2720684769227607,0.8962587900373695,HBCC
L2/3 IT_13,-0.1870703229783409,0.7350390845268796,-1.0907348366676344,0.2773464902679886,0.8962587900373695,HBCC
Vip_9,0.1479944845046928,-0.10134034963600173,1.080087679083791,0.2820427983777894,0.8962587900373695,HBCC
Lamp5_2,0.09438987132196486,2.062781063430415,1.0771466242465053,0.28334961382040064,0.8962587900373695,HBCC
L4 IT_2,0.14349649366928466,2.6653195447664335,1.0751717365655014,0.28422945087204504,0.8962587900373695,HBCC
L4 IT_4,0.13354048154625203,2.0978759975649943,1.0711616241726654,0.2860217541018684,0.8962587900373695,HBCC
L2/3 IT_12,-0.1889221401642896,0.33619134688506813,-1.0288739224139922,0.30539201233870045,0.8962587900373695,HBCC
L2/3 IT_10,-0.22916780877181817,2.063029168369618,-1.0189342069228726,0.3100698508777008,0.8962587900373695,HBCC
Sst_5,0.13961161689394525,-0.009936949640232364,0.998604756672247,0.31978558567397536,0.8962587900373695,HBCC
L2/3 IT_6,-0.19815906891077525,2.2654281999479564,-0.9956300621067254,0.32122394455174064,0.8962587900373695,HBCC
L2/3 IT_2,0.1680290562018109,-2.070725732366794,0.9894872477959598,0.3242076918321123,0.8962587900373695,HBCC
L5/6 NP_2,0.17961833454748669,-1.3062185178945183,0.977370825141345,0.3301463324685242,0.8962587900373695,HBCC
Vip_21,0.1308835507828517,-0.22421632652877177,0.9729403047694223,0.3323355412984851,0.8962587900373695,HBCC
L2/3 IT_1,0.1571071395130496,3.020473890855447,0.9570345715294071,0.3402728190705896,0.8962587900373695,HBCC
Pvalb_3,-0.10472409402470571,0.22158835790916828,-0.9433187496642775,0.3472151109843744,0.8962587900373695,HBCC
Sst_4,-0.12349566187744349,-0.12442390160456625,-0.9242339133436014,0.35702544738008235,0.8962587900373695,HBCC
Sncg_3,0.12641093008798432,-1.0893942727669987,0.8557592240861286,0.39365817760275723,0.8962587900373695,HBCC
L6b_1,0.19499317569581223,-1.4934794989569575,0.8357361916886024,0.4047906612194303,0.8962587900373695,HBCC
Pvalb_7,0.11729502460221529,-0.09212015403087385,0.7945095908746237,0.4283033396848327,0.8962587900373695,HBCC
Lamp5_1,0.10287648425122155,-0.5130013072204554,0.7864126557205144,0.43301393465559224,0.8962587900373695,HBCC
L2/3 IT_5,-0.10904328899588751,2.0270465597274803,-0.777940418799178,0.4379751752877642,0.8962587900373695,HBCC
Pvalb_2,0.12504320745215436,0.5629824912248549,0.7777618404959424,0.4380801031684406,0.8962587900373695,HBCC
Vip_23,0.06755374312944902,1.4126439909396526,0.7638078431084475,0.44632419427199166,0.8962587900373695,HBCC
Pax6_3,0.12314607432351896,-2.230700135778778,0.7598338223294668,0.44868830567121776,0.8962587900373695,HBCC
Vip_5,-0.09708295743698267,-0.5251570301505398,-0.7553681704487325,0.4513534411687795,0.8962587900373695,HBCC
Lamp5_3,0.10189273518114736,-0.5939032735812692,0.7483118520947624,0.45558311310107746,0.8962587900373695,HBCC
L5 ET_2,-0.12074880512392415,-1.2774915598528245,-0.7379658130435116,0.461825290284118,0.8962587900373695,HBCC
L4 IT_1,0.09386550933345462,1.3110171149546728,0.7366277089845756,0.46263613385315117,0.8962587900373695,HBCC
Pvalb_9,0.10965944044796573,0.24978870501877914,0.7228656782282364,0.47102187769540227,0.8962587900373695,HBCC
L6 IT_1,0.12681472022986526,-0.31846419069529996,0.7167252844780028,0.47479064977042595,0.8962587900373695,HBCC
Lamp5_4,0.10488176966254925,-0.6337831021141567,0.7043943978956231,0.4824092629057979,0.8962587900373695,HBCC
Pvalb_15,-0.06634745949230343,2.440514199629562,-0.6930603565472656,0.4894708307129262,0.8962587900373695,HBCC
Pvalb_1,0.08432211690279995,0.5755348286708296,0.6797151136551111,0.49785708666574036,0.8962587900373695,HBCC
Vip_19,0.05640197432793321,1.487718204643192,0.6693198817931316,0.5044427314078891,0.8962587900373695,HBCC
Sst_1,0.08889573586890263,-0.4210975122524104,0.6689423036416359,0.5046828081157273,0.8962587900373695,HBCC
L6 IT_2,-0.14859106678637943,1.5901225157769001,-0.6655331659477834,0.5068532056750699,0.8962587900373695,HBCC
L6 IT Car3_1,0.11346442336921507,-0.6591830496606245,0.6505763173278256,0.516433667163781,0.8962587900373695,HBCC
L6 CT_1,0.12224690618274665,0.0037591156343318344,0.6406905318362458,0.5228176275217989,0.8962587900373695,HBCC
Sst_22,-0.08987369065567877,-1.0027081618426323,-0.5767572067134139,0.5650708516064284,0.953557062085848,HBCC
Lamp5_Lhx6_1,0.05026812255395334,1.4446209673736239,0.5485063968541711,0.5842566981282049,0.9549502520480911,HBCC
Sst_23,-0.08001780887077851,0.3726814365956747,-0.5298013559253755,0.5971261569002589,0.9549502520480911,HBCC
Vip_16,0.06259734550734551,-0.6640778833711629,0.5218310309163315,0.6026492474076133,0.9549502520480911,HBCC
Pvalb_10,-0.07211207864746859,-0.39609844159519286,-0.512029885053112,0.609472719838069,0.9549502520480911,HBCC
Sst_10,0.06497342164514883,-0.02485876712421476,0.5111211840886395,0.6101071054751693,0.9549502520480911,HBCC
L5 IT_5,-0.08520194361181331,1.4149126841229887,-0.48194867906362376,0.6306284257723885,0.9627800558275885,HBCC
Pvalb_14,0.06628171500913434,0.36726100645933607,0.4786905446788263,0.632938740405174,0.9627800558275885,HBCC
Sst_19,-0.05794782126661868,1.423643998422806,-0.46224449750396673,0.6446554536401339,0.9669831804602008,HBCC
Pvalb_6,-0.044516540973225834,-0.10714311047990126,-0.40781463325362666,0.6840604326345399,0.9674145347959472,HBCC
L5 IT_1,0.0498679345218987,1.2338507316033258,0.4070009131543453,0.6846565287498285,0.9674145347959472,HBCC
L6 CT_2,-0.08754658229824785,1.2750543822760252,-0.4053270467072826,0.6858833551716171,0.9674145347959472,HBCC
Vip_6,0.05485693511178086,-0.4635337037369228,0.3953410058256121,0.6932197305384504,0.9674145347959472,HBCC
Lamp5_6,0.07168010308179397,-0.8967776990610979,0.387079860380259,0.699310988287061,0.9674145347959472,HBCC
Sst_13,-0.04975930641432216,0.896623109994105,-0.3814001807654766,0.7035102433517464,0.9674145347959472,HBCC
Pax6_1,0.05337996613783763,0.46064467420305405,0.339101434440707,0.7350640118577094,0.9674145347959472,HBCC
Sncg_8,0.049171215567351406,0.1806348282257514,0.33039541393916505,0.7416170762476446,0.9674145347959472,HBCC
L6 CT_3,0.04670291081689602,-1.681492289736877,0.3006319635518797,0.764160966025655,0.9674145347959472,HBCC
Pvalb_13,-0.04191673794395935,-0.820758833397203,-0.3004314547774325,0.764313550784503,0.9674145347959472,HBCC
L5 ET_1,0.05520054247223972,-2.2053475445018216,0.29371545166166074,0.7694296591445998,0.9674145347959472,HBCC
Vip_15,-0.03003676992085572,0.9578492871279456,-0.28580168331575706,0.7754712368118245,0.9674145347959472,HBCC
L6b_5,0.04591639527781561,-2.1636852337156336,0.277163877320599,0.7820812732879211,0.9674145347959472,HBCC
Sncg_4,-0.0427956504256109,0.6211245020962484,-0.2502355278619927,0.8027883550495337,0.9674145347959472,HBCC
Sst_11,-0.03751199224187133,0.07309485918238269,-0.24254728915280213,0.8087268692964529,0.9674145347959472,HBCC
Sst_7,-0.02924715579259378,-0.6129991857777837,-0.2362359237441307,0.8136102227739563,0.9674145347959472,HBCC
L6b_2,0.045625282783085176,-0.6013620933102671,0.22665635528082548,0.8210362743334174,0.9674145347959472,HBCC
Lamp5_5,-0.03669947595090333,0.83367387597287,-0.2239120740817544,0.82316665651618115,0.9674145347959472,HBCC
Pvalb_5,-0.029059386970713356,-0.04451220728686766,-0.20963868465309476,0.8342679911949238,0.9674145347959472,HBCC
Vip_4,-0.02284449411787094,1.6008508487577284,-0.2073822535391702,0.8360260860490327,0.9674145347959472,HBCC
L6 IT Car3_3,0.034967461411118596,0.24829259657898645,0.20030333766220237,0.841546950994732,0.9674145347959472,HBCC
Vip_12,0.023702861624985784,-0.3116262444313727,0.19971142424817673,0.842008946952028,0.9674145347959472,HBCC
Sst Chodl_1,0.025668249942496158,-1.2035145475018199,0.17243468313983934,0.8633559047309516,0.9814993443257134,HBCC
L2/3 IT_8,-0.028102315103216608,-1.930327415386101,-0.15994996582628643,0.8731612813231802,0.9823064414885777,HBCC
Chandelier_1,0.0164210419340651,1.4786878678043656,0.14774014363702387,0.8827698638896219,0.9828777865987542,HBCC
Vip_13,0.01888165971404686,0.37192081108648256,0.12368256553419713,0.9017518958142374,0.9937673953871187,HBCC
Sncg_6,-0.01488372897526487,-0.19133426334945222,-0.10072946665162223,0.9199157366189247,0.9950874319458901,HBCC
L5/6 NP_4,0.014296035976821749,-0.4121482367613493,0.09337593593555782,0.9257443388756703,0.9950874319458901,HBCC
Sncg_1,-0.013632741184195584,0.21227502126869321,-0.08399237954085301,0.933187807809581,0.9950874319458901,HBCC
Vip_11,0.009841254126259146,1.2137505440273044,0.07416206554818318,0.940991995511834,0.9950874319458901,HBCC
L5/6 NP_1,-0.01033410754924074,1.2379359483648087,-0.06405914588691707,0.9490185693558026,0.9950874319458901,HBCC
L5 IT_6,-0.003921746075116812,-0.5059544274869024,-0.02248104905678439,0.9820976620234948,0.9991346512331517,HBCC
Vip_18,0.002348408321971131,0.5140591755400884,0.02037647852447118,0.9837733493328693,0.9991346512331517,HBCC
Vip_1,-0.0022287593248498153,0.9777537715673197,-0.015724556438419936,0.987477518317198,0.9991346512331517,HBCC
Vip_2,9.350156248035686e-4,0.6556312134836347,0.007180794524526879,0.9942812808090565,0.9991346512331517,HBCC
L5 IT_2,-1.4598467684877003e-4,2.327713288209947,-0.0010865788144494208,0.9991346512331517,0.9991346512331517,HBCC
L6b_1,0.6947263667876548,-1.2154520822325159,4.3769233236668565,1.973085005418712e-5,0.002091470105743835,MSSM 2
Sst_13,-0.22801939846943362,0.7788457998610597,-2.3293733611915477,0.020877691359341432,0.836203924843942,MSSM 2
L6b_4,0.2654897152466996,-0.5491292026335012,2.2638282993088676,0.024701268691899207,0.836203924843942,MSSM 2
L5/6 NP_2,0.2881777271144553,-1.0512144922033888,2.035330463690146,0.043189893457230594,0.836203924843942,MSSM 2
Pvalb_2,-0.2707185948522079,0.8140969603115985,-2.0317650047807643,0.043553321242574564,0.836203924843942,MSSM 2
Vip_9,-0.1948799405163762,0.04886967479582509,-1.9136319823875456,0.057152430244541905,0.836203924843942,MSSM 2
Vip_13,-0.2234801871427873,0.7114608492344751,-1.8273904366223173,0.06919111276237995,0.836203924843942,MSSM 2
Sst_12,0.16968819180966302,-0.282521371293319,1.6708546372151627,0.0963771379636898,0.836203924843942,MSSM 2
L2/3 IT_1,-0.17406170157277315,3.495465238757353,-1.6692065883973743,0.09670368410039978,0.836203924843942,MSSM 2
Lamp5_6,0.22175205064402032,-0.9410528007855414,1.5830424878919036,0.11505509594372108,0.836203924843942,MSSM 2
Vip_4,-0.12743988995595373,1.8190740642841605,-1.5770333568991932,0.11643155584457544,0.836203924843942,MSSM 2
Vip_14,0.1704773061167422,-0.9529640567148693,1.5754222615819433,0.11680280339296066,0.836203924843942,MSSM 2
Sst_11,-0.2047810732691596,0.24318499172166064,-1.5698448009760326,0.11809526786706596,0.836203924843942,MSSM 2
Sncg_8,-0.16882610407236562,0.2647693269076327,-1.5551516718435425,0.12155425952711352,0.836203924843942,MSSM 2
L6b_6,0.22340772575445744,0.37820758060102766,1.53992328039083,0.12522302056124948,0.836203924843942,MSSM 2
L6 CT_4,0.2102078078334083,-1.9134854775100774,1.5271024835154694,0.12837871852000157,0.836203924843942,MSSM 2
Vip_18,-0.15308878064453177,0.8169459416818589,-1.4363551690389533,0.1525262201965187,0.836203924843942,MSSM 2
Vip_11,-0.12768402190064201,1.415435578017028,-1.42193200408252,0.15666594841296852,0.836203924843942,MSSM 2
Pvalb_6,-0.12824134741378435,-0.139681862343313,-1.4032436896199152,0.16215688365678402,0.836203924843942,MSSM 2
Pvalb_15,-0.11046171799037778,2.1873283817159983,-1.359114319382512,0.1757022548218009,0.836203924843942,MSSM 2
Sst_2,-0.14386153434178714,0.3092441035002267,-1.3586994435246007,0.17583351749192078,0.836203924843942,MSSM 2
Sst_5,0.15726166754748303,0.002367074507569109,1.355049364699564,0.17699154508430148,0.836203924843942,MSSM 2
L6 IT Car3_3,-0.16361442882843566,0.14733188601744363,-1.3411908712459044,0.1814404742585912,0.836203924843942,MSSM 2
L6 CT_1,-0.1839537977313508,0.2903223039039291,-1.2601679037693132,0.20913594535684762,0.8666080779995587,MSSM 2
L2/3 IT_6,-0.1804407745184707,2.062485646635479,-1.2245374433081062,0.22224760678089855,0.8666080779995587,MSSM 2
L6 IT Car3_2,-0.15810814431439027,-1.2238121730654024,-1.2225303532260159,0.22300346465450985,0.8666080779995587,MSSM 2
Sncg_5,-0.1413479859080402,-0.411753161346517,-1.2181475444359382,0.22466044409222274,0.8666080779995587,MSSM 2
L5/6 NP_4,0.152772707404467,-1.1088152723011837,1.2067788811986062,0.22899979941146797,0.8666080779995587,MSSM 2
Pvalb_9,-0.10744392170285816,0.3010791951334735,-1.1859868352125433,0.2370908892640302,0.8666080779995587,MSSM 2
Sst_9,0.11353062519678177,-0.36239298375754936,1.1377755479100198,0.25662990041370476,0.9067589814617568,MSSM 2
Sst_1,0.10571278053308349,-0.4814858221684698,1.094399964258081,0.27514857231874,0.9408306021221433,MSSM 2
Pvalb_10,0.10507121927516817,-0.5282090739765808,1.0551092324147608,0.29269924663917785,0.9695662544922766,MSSM 2
Sncg_3,0.11942606457683977,-1.0147217159678532,1.021422671600794,0.3083375554764142,0.984859823449856,MSSM 2
L5 ET_2,0.12086495684332987,-1.353915496163875,0.9694827638652982,0.33352222043256274,0.984859823449856,MSSM 2
Pvalb_13,-0.10409313765669086,-1.0058002494454767,-0.9527718220433747,0.3419018045057485,0.984859823449856,MSSM 2
Sst_22,-0.1338666965792404,-1.2840691361446943,-0.9128751420585983,0.36245132867023566,0.984859823449856,MSSM 2
Pvalb_12,0.09809076732429726,-1.0141499756779109,0.9048547189336988,0.36667465411901756,0.984859823449856,MSSM 2
L2/3 IT_3,0.11375938242155384,0.221799697939002,0.8559527479636371,0.39308925492627544,0.984859823449856,MSSM 2
Pvalb_3,0.07737401300449355,0.06937285023374133,0.7993068971797486,0.4250987075718534,0.984859823449856,MSSM 2
L2/3 IT_13,-0.11693121245792866,0.3912163864212931,-0.7854517412680924,0.43315547190961434,0.984859823449856,MSSM 2
L4 IT_3,-0.11113229658326945,-1.3300284633507093,-0.7797306550919624,0.4365080809317847,0.984859823449856,MSSM 2
Sst Chodl_1,-0.09600797897513909,-1.1969108727985938,-0.772652323344487,0.4406768306340707,0.984859823449856,MSSM 2
Sst_4,-0.08349028291710137,-0.6333799844374112,-0.7644087637095459,0.4455607068961307,0.984859823449856,MSSM 2
L5 IT_7,0.09100451525997057,-1.2210866364617625,0.7509276115609598,0.45361418867637704,0.984859823449856,MSSM 2
L2/3 IT_10,0.1448747518960751,1.4269346955403461,0.7432220600684128,0.4582543222551232,0.984859823449856,MSSM 2
Vip_12,0.07358015637920984,0.10825872133807046,0.7386200279732932,0.46103832511959175,0.984859823449856,MSSM 2
L6 IT_1,0.09522482504960213,-0.7680332362684249,0.7278577072391951,0.46758604576942564,0.984859823449856,MSSM 2
Lamp5_3,0.08613055152446791,-1.0423383834476354,0.7185020894050322,0.47331988969041183,0.984859823449856,MSSM 2
L2/3 IT_12,-0.11590408746208734,-0.15715397640833717,-0.7175913333115828,0.4738801459250487,0.984859823449856,MSSM 2
L6 IT_2,0.10358892777744466,1.140257156365099,0.7040364286629821,0.4822617918555644,0.984859823449856,MSSM 2
Pvalb_1,-0.06308247415194122,0.3667685881946254,-0.6644722474497974,0.5071841404440074,0.984859823449856,MSSM 2
L5 IT_5,0.1008446769098474,0.7967200724062415,0.660332995827925,0.5098303938396017,0.984859823449856,MSSM 2
Vip_19,-0.0429343037187022,1.6550668396012378,-0.622461148018616,0.5343761179413482,0.984859823449856,MSSM 2
Vip_1,-0.05487785301431654,1.4933106742418025,-0.6005977907082795,0.5488151364901984,0.984859823449856,MSSM 2
L6 CT_2,-0.06907045941083521,1.181603929017619,-0.5545558014725882,0.5798429507219369,0.984859823449856,MSSM 2
L5 IT_6,0.08308512060012027,-0.6835187307984333,0.5510148410722272,0.5822631447148854,0.984859823449856,MSSM 2
L4 IT_2,0.05444642630669152,2.769697687550797,0.5452648050937595,0.5862033059653958,0.984859823449856,MSSM 2
Sst_3,-0.06623642140622356,1.5705275922024942,-0.542967172899168,0.5877812156572644,0.984859823449856,MSSM 2
L2/3 IT_5,-0.07353666286921105,1.6432344483285486,-0.5208325172432032,0.6030826804574816,0.984859823449856,MSSM 2
L2/3 IT_7,-0.07729521232358559,-1.9249463614895372,-0.5186492215307286,0.6046017097485763,0.984859823449856,MSSM 2
Pax6_3,0.07068663933360415,-1.9720379142906657,0.5028613608221815,0.6156372086733746,0.984859823449856,MSSM 2
Sncg_4,-0.051980221258817946,0.8117833760936127,-0.4620612620134608,0.6445597389083711,0.984859823449856,MSSM 2
L5/6 NP_1,0.060735438853217125,0.7445253025559645,0.4586322263799969,0.6470162332302987,0.984859823449856,MSSM 2
Vip_16,-0.050117275902467916,-1.0117921551052809,-0.4328534198905826,0.665606360121882,0.984859823449856,MSSM 2
Vip_5,-0.051985291477432076,-0.5632488929810402,-0.4266667084487525,0.6700993948444787,0.984859823449856,MSSM 2
Vip_21,-0.04088689046098163,-0.23624351401640603,-0.4093038531293849,0.682772234048044,0.984859823449856,MSSM 2
Pvalb_5,0.04069801273336286,0.08380921455178086,0.3750505696230626,0.7080361976998513,0.984859823449856,MSSM 2
Vip_15,0.02811166365015226,1.0323058661371756,0.36326722769737274,0.7168043063234508,0.984859823449856,MSSM 2
Sst Chodl_2,-0.0517714202755567,-1.8485785902981147,-0.35510556283234285,0.7228996986483405,0.984859823449856,MSSM 2
Chandelier_2,-0.04106214575545338,0.0770153241579104,-0.3308984872885955,0.7410814582860397,0.984859823449856,MSSM 2
Sst_20,0.03981893786586849,-0.35862735179631755,0.29744279493658804,0.7664495664985125,0.984859823449856,MSSM 2
Pvalb_14,-0.030953846068529887,0.27848498460699905,-0.2904832084944361,0.7717596346763534,0.984859823449856,MSSM 2
Sncg_2,0.040896141880797925,-1.4420830842827073,0.26625660866952683,0.7903268710593356,0.984859823449856,MSSM 2
Pax6_1,-0.02742087023985525,0.49478235456132547,-0.26257863381841906,0.793156474418047,0.984859823449856,MSSM 2
Vip_23,0.019018271857609285,1.4339843260354739,0.2605299607326793,0.7947337887111812,0.984859823449856,MSSM 2
Pvalb_7,-0.023396566907838118,-0.4593775354383042,-0.22675046016917663,0.8208586589233703,0.984859823449856,MSSM 2
L6b_3,-0.031813484642843094,-1.9542225798798314,-0.22149671556388895,0.8249407342254262,0.984859823449856,MSSM 2
L6b_2,0.026059704928483123,-0.7698990847137254,0.2008433063147476,0.8410333761666906,0.984859823449856,MSSM 2
Lamp5_5,0.020932233249247936,0.8974494484330561,0.19167726332937887,0.848197269276897,0.984859823449856,MSSM 2
L2/3 IT_8,-0.028122583972900794,-1.7534212177196977,-0.1887516341390806,0.8504865430042032,0.984859823449856,MSSM 2
Chandelier_1,-0.016710371927591845,1.4122413017076023,-0.18813906204546646,0.8509660356919629,0.984859823449856,MSSM 2
L5/6 NP_6,-0.027431918118915884,-1.9601610246834429,-0.18755843294113614,0.8514205761820038,0.984859823449856,MSSM 2
L5 IT_1,-0.01799410778391307,1.0924730762341348,-0.17484963273466206,0.8613817534115797,0.984859823449856,MSSM 2
Pvalb_8,0.0207113390559466,-0.8921684073990843,0.1731535953764651,0.862712828794471,0.984859823449856,MSSM 2
Lamp5_1,-0.02505460447215896,-0.2973077082187007,-0.1652341196783149,0.8689332918102285,0.984859823449856,MSSM 2
Lamp5_4,-0.02076264744971397,-1.049340509222593,-0.15574235432447195,0.8763994841047033,0.984859823449856,MSSM 2
Lamp5_Lhx6_1,-0.012597685319179732,1.4353089691849488,-0.15141918588688447,0.8798037938750165,0.984859823449856,MSSM 2
Sncg_1,0.01643896085506558,0.24289925914455163,0.14275766893973488,0.8866310454655733,0.984859823449856,MSSM 2
Sst_25,0.018479442651296363,0.6862220788811261,0.12306968467786497,0.9021804533032847,0.984859823449856,MSSM 2
Lamp5_2,-0.009528917619227304,1.9844520639133965,-0.12244961789053298,0.9026708241127709,0.984859823449856,MSSM 2
Sncg_6,-0.012312088645893345,0.008965307741290673,-0.12211337849838338,0.902936749811847,0.984859823449856,MSSM 2
L5 IT_3,0.013171093596298351,-0.16397893252559365,0.12143936674517071,0.9034698466274498,0.984859823449856,MSSM 2
Vip_6,0.009656921638202347,-0.3933634636295945,0.09502571499853928,0.9243933529262969,0.984859823449856,MSSM 2
Pax6_4,-0.013818639418802457,-1.9423456902726086,-0.09467450798169635,0.9246719489566078,0.984859823449856,MSSM 2
Pax6_2,-0.014304858693393494,-1.9720379142906657,-0.09418348404486168,0.9250614707842273,0.984859823449856,MSSM 2
Sst_10,0.00877017181649206,-0.16608587225053129,0.08452308065567117,0.9327284859555562,0.984859823449856,MSSM 2
Sst_23,0.009774816664603942,0.5321995613573132,0.07595828549054114,0.9395312549094326,0.984859823449856,MSSM 2
L6 CT_3,0.009284370780561869,-1.7013654870911181,0.06405542954283158,0.9489926307107134,0.984859823449856,MSSM 2
L6 IT Car3_1,0.008099478856797442,-0.1891542076031296,0.06399885165836168,0.9490376218846426,0.984859823449856,MSSM 2
L2/3 IT_2,-0.007424110722987271,-1.888899687040106,-0.05256980177575536,0.958129250736161,0.984859823449856,MSSM 2
L4 IT_4,0.005588183383104454,1.8524340467559888,0.05055098417761083,0.9597357930164869,0.984859823449856,MSSM 2
L4 IT_1,0.005918510627056865,1.3113675560036036,0.049684050941147063,0.9604257353828711,0.984859823449856,MSSM 2
Vip_2,-0.0045206820787653205,0.8123203038021355,-0.04725884663291699,0.962355973204369,0.984859823449856,MSSM 2
Sst_7,0.003308966999213221,-0.8545592801315306,0.027947320080247827,0.9777331505069387,0.984859823449856,MSSM 2
L5 IT_2,0.002722276355798097,2.0174401578399914,0.021793861475455367,0.9826349891511341,0.984859823449856,MSSM 2
Sst_19,0.001873932646131063,1.4685753394055747,0.01900123276383524,0.984859823449856,0.984859823449856,MSSM 2
Sst_20,-0.65280705061897,-0.5649283368731981,-3.856004214689808,2.826732726185376e-4,0.026323928082642774,Fröhlich
L6 CT_3,0.4964340599295793,-2.1704873462311505,3.5538087517579404,7.451957891416829e-4,0.026323928082642774,Fröhlich
Sst_2,-0.5284480872461019,1.2096644976255706,-3.516801728546307,8.36695420175897e-4,0.026323928082642774,Fröhlich
Sst_3,-0.3988420214026205,1.6173910747207345,-3.464601072059675,9.840720778558046e-4,0.026323928082642774,Fröhlich
Sst_11,-0.58619242346509,0.48750946499724146,-3.1400303917838057,0.002616633451062664,0.055995955852741,Fröhlich
Sst_22,-0.4322677198462316,-1.4958734047596218,-2.866559366193693,0.00570801867344781,0.10179299967648595,Fröhlich
L6 CT_4,-0.28598105154812536,-3.2111715568017543,-2.7775838376418855,0.007289265554926458,0.11142163062530443,Fröhlich
L2/3 IT_10,-0.33031904560524267,2.575439668878726,-2.6369201083729,0.010626286714434245,0.14212658480555804,Fröhlich
L5 IT_5,-0.2628941819261855,1.297449832410419,-2.1959494899716065,0.03195503368488693,0.3513672205864016,Fröhlich
Lamp5_3,0.2832788124016863,-1.1268649145275393,2.1147166516319404,0.0385983193780486,0.3513672205864016,Fröhlich
L5 IT_6,0.2885253696372523,0.9241988651426406,2.108542734012182,0.03914924330587662,0.3513672205864016,Fröhlich
Sst_25,-0.3493802002327003,0.7502544163586455,-2.1056948562243423,0.03940566959847495,0.3513672205864016,Fröhlich
Vip_14,-0.3668727887698942,0.26479304985675706,-2.0572412617895943,0.04399771160971232,0.36213501094147826,Fröhlich
Pvalb_9,-0.29959710567955894,0.0896119404750585,-2.0079527465435443,0.049136899875886327,0.3755463061942741,Fröhlich
Pvalb_15,-0.16421174162716545,2.7084283700995027,-1.9598166987510932,0.05464608558314662,0.3898087438264459,Fröhlich
Sst Chodl_2,-0.24847194447879134,-3.2111715568017543,-1.8792960420578773,0.06504148428629293,0.434964926164584,Fröhlich
Vip_5,-0.253363742195135,0.08875362800623701,-1.808665195229302,0.07549206638110666,0.4751559472222595,Fröhlich
Pvalb_5,-0.20801300698025815,0.6219017833338757,-1.7687311015720242,0.08199897751401099,0.4874383663332876,Fröhlich
L2/3 IT_7,0.35487403800056705,-1.929842653298108,1.7011151591059934,0.09407598304071264,0.529796325545066,Fröhlich
Lamp5_4,0.2414914243676245,-1.0388286064163283,1.6549286254578588,0.10313803288451795,0.551788475932171,Fröhlich
Chandelier_2,0.28856639720867727,-1.9047598679172382,1.6239096213822624,0.10961444996821802,0.5585117212666346,Fröhlich
L6b_1,-0.2470492747216597,-3.104372988098926,-1.590945842001536,0.11685405089140129,0.5683356111536335,Fröhlich
Vip_23,-0.1280970818391532,1.1039031797862038,-1.4666318084296857,0.1476750887561992,0.6691814595790262,Fröhlich
Sncg_2,0.24708790026652322,-2.8035839153457975,1.4577649773125112,0.15009677598034232,0.6691814595790262,Fröhlich
Sncg_8,0.16070833109787366,0.40908055672929655,1.4121886726833053,0.16303727916964303,0.686009409749525,Fröhlich
L5/6 NP_6,0.2653701189106626,-2.78131959593345,1.399820055501925,0.16669387526623972,0.686009409749525,Fröhlich
Vip_1,-0.11642317976291168,1.7318940169952102,-1.3571837986880706,0.17978391081272552,0.7124769798874677,Fröhlich
L6 IT Car3_2,-0.268746964064723,-2.8742280357774717,-1.326107476623575,0.18980806089954202,0.7253379470089643,Fröhlich
Lamp5_Lhx6_1,-0.09673988554866735,1.5906326942996132,-1.2425434105398458,0.21884908414924714,0.7632950128751297,Fröhlich
L5/6 NP_4,0.19514073545315008,-1.4731818809896775,1.2032143039504422,0.23359865548522848,0.7632950128751297,Fröhlich
L2/3 IT_3,-0.15843957425890648,-0.03624679122606367,-1.2027880804142466,0.233762366939602,0.7632950128751297,Fröhlich
Lamp5_6,-0.1714628086879764,-0.02712891977840265,-1.1891528300133631,0.2390436907208933,0.7632950128751297,Fröhlich
L4 IT_2,-0.09401727955205938,3.1363658283347293,-1.145035547536002,0.2567212771041172,0.7632950128751297,Fröhlich
L2/3 IT_2,0.211548061607441,-2.2600614445621954,1.14047983579088,0.25859841900909675,0.7632950128751297,Fröhlich
Pvalb_3,0.15254286419752108,-0.2362305663532771,1.1360348474936999,0.2604393168433991,0.7632950128751297,Fröhlich
Sst Chodl_1,-0.19584975350015987,-1.5288751811336845,-1.115211378487344,0.26918707831551597,0.7632950128751297,Fröhlich
Sncg_6,-0.16017507006255513,0.8370841356010995,-1.1042946635378232,0.2738548139184261,0.7632950128751297,Fröhlich
L5 IT_7,-0.1232107115743726,0.2017756377072314,-1.0967447966330794,0.2771159495463203,0.7632950128751297,Fröhlich
L6 IT Car3_3,0.12035230516653536,0.9412935174611815,1.0831330033137048,0.2830638248949854,0.7632950128751297,Fröhlich
Sncg_1,0.13446342365060174,0.5404280088803455,1.0778105156588373,0.28541350900971607,0.7632950128751297,Fröhlich
Lamp5_1,-0.1435713196474527,-0.028062336128739235,-1.0619895692885055,0.2924775282979469,0.7632950128751297,Fröhlich
L5 IT_1,-0.09775121378478284,1.270544089036663,-1.0440766241417838,0.30061980494848867,0.7658647411782925,Fröhlich
Sst_10,-0.12043420324834395,-0.5937741584771136,-1.001345631375825,0.3206633146937526,0.7979296435402681,Fröhlich
Sncg_4,0.1288695617955913,0.46963918307467706,0.9833595359488911,0.32936184123460865,0.8009481139114346,Fröhlich
Vip_13,-0.11093762211307465,0.16588162894329708,-0.9548199812831716,0.34348298132187205,0.8009828811759241,Fröhlich
L5 IT_2,-0.08419026054581129,2.8222962924178687,-0.9530974540806788,0.3443477806924533,0.8009828811759241,Fröhlich
Lamp5_5,0.09752292830502968,1.2146083978823252,0.9251206370052056,0.3585927343909391,0.813734646376866,Fröhlich
L2/3 IT_5,-0.09278510445990273,3.1856274939091773,-0.8871444015737603,0.3785277883172553,0.813734646376866,Fröhlich
Sst_1,-0.116957825562384,-1.339522750903622,-0.8864439127237881,0.37890195389262615,0.813734646376866,Fröhlich
Pvalb_14,0.10349143986100393,0.7763059356707417,0.8839241062294105,0.38024983475554486,0.813734646376866,Fröhlich
L4 IT_4,-0.09056260944491508,2.4439171010282856,-0.8474541964006862,0.4000949620540245,0.8241556248654649,Fröhlich
Pvalb_6,-0.08801247458815384,0.1610677557964076,-0.8345687712424921,0.4072565436129204,0.8241556248654649,Fröhlich
Sst_9,-0.09326901199307933,-0.7358119663008991,-0.8328340782405745,0.40822661792401527,0.8241556248654649,Fröhlich
L6b_2,0.16040479193057608,-1.0239325676854376,0.7971539348982024,0.42849104993528575,0.8490470804273255,Fröhlich
L4 IT_1,0.0738758460751877,1.8945403460075132,0.7707630928391976,0.4438585516918665,0.8580692476013979,Fröhlich
Pax6_2,0.12019610732457374,-0.5485640909337475,0.7619137019746098,0.44908297070727365,0.8580692476013979,Fröhlich
Vip_19,-0.054863617383716784,1.5862727774744971,-0.7324110619202,0.466756606819835,0.8719121415678496,Fröhlich
Chandelier_1,-0.05315318151530857,1.7760662558685674,-0.6974459611189804,0.4882056660361802,0.8719121415678496,Fröhlich
Pvalb_7,0.1227318853484595,-1.7427884087370706,0.693442300791877,0.49069600001581615,0.8719121415678496,Fröhlich
Sst_13,-0.07463237231557832,0.6204935009973467,-0.6918470166164653,0.4916902361985066,0.8719121415678496,Fröhlich
Pvalb_10,-0.12052858733864717,-2.6920187279710155,-0.6533330850049122,0.5160264304222564,0.8719121415678496,Fröhlich
L5 ET_1,-0.14290783722662354,-2.1347281629080443,-0.6411674065292099,0.5238447574714005,0.8719121415678496,Fröhlich
Vip_18,-0.12699913319651193,-1.4539719845149492,-0.633497351161414,0.5288057686867875,0.8719121415678496,Fröhlich
L6b_3,0.08493488395345299,-3.215291465462097,0.6017329296827516,0.5496089129055903,0.8719121415678496,Fröhlich
Pax6_3,-0.09449018504277111,-2.143183882457473,-0.5987385629407425,0.5515911141276668,0.8719121415678496,Fröhlich
Sst_12,-0.0918786074165027,-0.9963991913129704,-0.5925905338721648,0.5556722211704958,0.8719121415678496,Fröhlich
L2/3 IT_13,-0.07013352167511229,2.7315265761418828,-0.5897408284429815,0.5575689891508915,0.8719121415678496,Fröhlich
Lamp5_2,0.043964154721108234,1.9521293835686966,0.5880073886580068,0.5587243471406663,0.8719121415678496,Fröhlich
L6 IT Car3_1,-0.0952508033937459,-2.5145225710985217,-0.5676618084037819,0.5723733293758944,0.8719121415678496,Fröhlich
Vip_15,-0.053159273161879454,1.200120502959418,-0.5603759160756502,0.5773003109868136,0.8719121415678496,Fröhlich
Pvalb_2,0.06453266180516705,1.7866854446911034,0.5472636267173638,0.5862185479573122,0.8719121415678496,Fröhlich
Sst_23,-0.07315963080508758,0.2592809822465494,-0.5372926641072148,0.5930437774013622,0.8719121415678496,Fröhlich
L6b_6,0.09027806957195798,0.6788492582808494,0.5252686406647253,0.6013236423408247,0.8719121415678496,Fröhlich
Pvalb_8,0.06640993733297741,-0.029253120224308163,0.522836881296957,0.6030046586544006,0.8719121415678496,Fröhlich
Sst_19,-0.04235000936661922,1.1201737323849106,-0.5060302958241526,0.6146814223164205,0.8753303806691515,Fröhlich
Vip_9,0.05737104100104447,0.7310886426360326,0.4959550539771379,0.6217299900079954,0.8753303806691515,Fröhlich
Vip_6,0.0702195631898513,-0.9880821515540203,0.4771806917792229,0.6349593579027577,0.8823461207220139,Fröhlich
Vip_16,0.06357876542469265,-1.42148124080062,0.4525092897782263,0.6525268279277314,0.8928472870865437,Fröhlich
L2/3 IT_1,-0.04934826078764769,4.406517793052343,-0.4337500568168411,0.6660186827049206,0.8928472870865437,Fröhlich
L5/6 NP_1,-0.050314267015523675,0.2039979906433105,-0.41897727272730695,0.6767222571929218,0.8928472870865437,Fröhlich
L2/3 IT_6,-0.05752055056637199,3.0178083442291848,-0.41098704234130334,0.6825397483912568,0.8928472870865437,Fröhlich
L5 IT_3,-0.04237677716038864,0.16134319237938272,-0.40832838909694547,0.684479765305325,0.8928472870865437,Fröhlich
L2/3 IT_12,-0.056842202459145535,2.25945209533638,-0.38889209184156037,0.6987265709993167,0.8928472870865437,Fröhlich
Vip_21,0.04667843138538068,-0.08431457596973058,0.3859037786265296,0.700926842198782,0.8928472870865437,Fröhlich
L6 CT_2,0.06478793158149754,0.5315384285916896,0.3419790674229663,0.7335563116486237,0.8976760624741857,Fröhlich
Sncg_5,0.05020661859013724,-0.3635130157074997,0.33369786281319214,0.7397658536553838,0.8976760624741857,Fröhlich
Pax6_1,-0.037033953565027006,1.0858434603839435,-0.32532278919931634,0.7460635145475663,0.8976760624741857,Fröhlich
L6 IT_2,0.04627487358836757,1.935196410146832,0.3142752932821926,0.7543973163393193,0.8976760624741857,Fröhlich
L6 CT_1,0.08270669503238295,-1.724732593217779,0.31427445337345433,0.7543979510639615,0.8976760624741857,Fröhlich
Sst_7,-0.05070782288681322,-1.2588128942797245,-0.31340561107067094,0.7550546319876329,0.8976760624741857,Fröhlich
L5 ET_2,0.03477479362901121,-0.2528807638063852,0.260313949317085,0.7955089430578066,0.9334514081653823,Fröhlich
Sncg_3,-0.03389731742442362,0.016658299389939093,-0.2326033510078898,0.8168575376154956,0.9334514081653823,Fröhlich
Vip_11,-0.02514681293009095,1.1614441864901426,-0.2203704412020865,0.8263274713920723,0.9334514081653823,Fröhlich
L5/6 NP_2,-0.028876438796363,0.35644826215736963,-0.21940033916302062,0.8270795913720458,0.9334514081653823,Fröhlich
L2/3 IT_8,-0.04331936030075174,-0.20871606051753416,-0.21722687270955565,0.8287652689318815,0.9334514081653823,Fröhlich
Vip_4,-0.014217948980283375,1.722466729562386,-0.16359249986240978,0.8705993161408961,0.9703554877820404,Fröhlich
L6b_4,-0.02073215998090545,-1.3862461881534447,-0.12245211772397069,0.902948380984395,0.9824051340911245,Fröhlich
L6 IT_1,0.019515948653397203,-0.9221632606067921,0.09976045035771462,0.9208656120604495,0.9824051340911245,Fröhlich
Pax6_4,-0.01185930939751128,-0.6098162117502421,-0.0914447794457034,0.9274424507572303,0.9824051340911245,Fröhlich
Vip_12,-0.008120480487039712,-0.4666936210406185,-0.0607184393466681,0.9517843505827689,0.9824051340911245,Fröhlich
Sst_5,-0.007055519555588225,-0.015687654716480613,-0.058280783254745665,0.9537177851438743,0.9824051340911245,Fröhlich
Vip_2,-0.0063220264683341324,1.2453037408449779,-0.05794422343213917,0.9539847508221566,0.9824051340911245,Fröhlich
L4 IT_3,0.00730159963420576,0.8947588240599382,0.05602467362039324,0.9555074746425718,0.9824051340911245,Fröhlich
Pvalb_1,-0.00841344766725231,-1.1766278553363518,-0.05337678943000761,0.9576082372656238,0.9824051340911245,Fröhlich
Sst_4,0.008436040511454933,-2.7952097247922567,0.04526917520155979,0.9640424213043746,0.9824051340911245,Fröhlich
Pvalb_13,-0.004537091034340032,-1.4788566502445377,-0.03290286906735836,0.9738607727815274,0.9830481385624853,Fröhlich
Pvalb_12,-0.0012348798722378136,-0.8489297955492829,-0.009957408408258851,0.9920881571163184,0.9920881571163184,Fröhlich
L6 CT_2,0.9038749897682293,1.7719777428734667,3.414238829255617,0.004433474889990855,0.31285724743362486,Batiuk
Sncg_2,1.491002258524447,-3.143881380102016,3.2817752564545923,0.005740499952910548,0.31285724743362486,Batiuk
L5/6 NP_6,-1.6310218536997532,-3.6637857965312115,-2.6201973776987804,0.02074929975211772,0.6178485351206238,Batiuk
Lamp5_3,-0.7847965541038426,-1.0187789358488863,-2.5739478141888665,0.022673340738371513,0.6178485351206238,Batiuk
L6b_1,1.5360521844199315,-1.8232095122459424,2.1262952880495707,0.05259007165151182,0.8133499458416775,Batiuk
L5/6 NP_4,0.5742652692314363,-1.0634471586786929,2.075393807581932,0.057723730972298576,0.8133499458416775,Batiuk
L6 IT Car3_3,0.5502862948027689,1.2338804994612533,2.035718909734253,0.06204274494081909,0.8133499458416775,Batiuk
L6b_5,0.7740078957196384,-3.4257675490841386,1.9924235796442575,0.06709422316638657,0.8133499458416775,Batiuk
Sst_23,-0.5636821718482942,0.16915898204367888,-1.8788177688481649,0.08218844137542967,0.8133499458416775,Batiuk
L6 IT_2,0.5916420535097028,2.3618629236236943,1.7913295808338587,0.09583568693078034,0.8133499458416775,Batiuk
L5/6 NP_3,0.6388364098063045,-3.67954504840216,1.7254880090352271,0.10740400376381161,0.8133499458416775,Batiuk
L5 IT_5,0.5056288054252263,1.7277321271130297,1.7165791899331153,0.10906055949473563,0.8133499458416775,Batiuk
Sst_25,-0.7826249509002846,0.107125889605655,-1.6846466796174153,0.11518448640825363,0.8133499458416775,Batiuk
Lamp5_5,-0.5544720411236448,0.9568293370053187,-1.6767981996544907,0.11673504722478488,0.8133499458416775,Batiuk
Sncg_4,-0.48058856331154626,0.40772438251243304,-1.6661538992510756,0.11886711712539982,0.8133499458416775,Batiuk
Pvalb_2,-0.35971553567932857,1.4645573766515831,-1.6411196009122462,0.1240159607192169,0.8133499458416775,Batiuk
Pvalb_3,-0.5077132572840686,0.31588424236907275,-1.627710745656883,0.12685274384686712,0.8133499458416775,Batiuk
Sncg_6,-0.5232938418403256,0.1436474705092305,-1.5786480262776565,0.13771660919924614,0.8339505779287683,Batiuk
Vip_21,-0.4401635119599711,-0.45417749692841153,-1.3646114507998486,0.1948455924439489,0.9183588079331028,Batiuk
L2/3 IT_3,0.43940507696344544,1.7098944360805723,1.3641428133073794,0.19498945088512837,0.9183588079331028,Batiuk
Sst_19,-0.42302415267197757,0.7138132341474517,-1.3522993002811623,0.19865397189429715,0.9183588079331028,Batiuk
Pax6_1,-0.4796934841429146,0.4976613381727056,-1.3434590123620367,0.2014256817026216,0.9183588079331028,Batiuk
Sncg_5,-0.6306703094957965,-0.7764532126597824,-1.3311708411158576,0.2053305326070448,0.9183588079331028,Batiuk
Vip_5,0.5253743507603631,-0.2022282364572134,1.3258737228899964,0.20703262986257126,0.9183588079331028,Batiuk
Chandelier_1,-0.6681639507080469,-0.14504978764667043,-1.2063598418212251,0.2485391014614531,0.9183588079331028,Batiuk
Sst_7,-0.3861237359579857,-0.5343559380345612,-1.165904672869161,0.2639792304623821,0.9183588079331028,Batiuk
L6b_2,1.072546811169875,-1.100655363746867,1.1364414375838698,0.2756810143117975,0.9183588079331028,Batiuk
L2/3 IT_10,0.4367884675836996,2.670547266193662,1.103474507715815,0.2892373228819731,0.9183588079331028,Batiuk
Pvalb_6,-0.3639827644229813,-0.267790788633479,-1.1026388348424097,0.28958736381071293,0.9183588079331028,Batiuk
L6b_4,0.6201942783511288,-0.5277676676531489,1.0851563914639317,0.2969833172344176,0.9183588079331028,Batiuk
Pvalb_5,-0.35290495164851154,-0.019845042711360606,-1.078641233096573,0.29977530234298394,0.9183588079331028,Batiuk
Pvalb_13,0.4206459754621403,-0.9791082988145843,1.0777987044207182,0.30013777768287564,0.9183588079331028,Batiuk
L5/6 NP_1,0.30105622345734095,1.2141144433424031,1.059820648865404,0.3079500881117811,0.9183588079331028,Batiuk
L6b_6,0.41831915249262236,0.7932891871622085,1.0379465896506108,0.31765637511439826,0.9183588079331028,Batiuk
Pvalb_12,0.2887686292059034,-0.45924406267305484,1.0379226659228171,0.3176671120815313,0.9183588079331028,Batiuk
L5 IT_2,0.32537406842913397,2.374018903553962,0.999338076501953,0.33532985108765345,0.9183588079331028,Batiuk
L5/6 NP_2,0.3260875722878396,-0.05018569387770787,0.9857880910557213,0.34169712983189227,0.9183588079331028,Batiuk
L6 CT_3,0.44384475912595245,-1.69495111745015,0.984721839479359,0.3422018118119321,0.9183588079331028,Batiuk
L2/3 IT_8,-0.3324141318534314,-0.2871231294001241,-0.9546880265675001,0.35663597030900396,0.9183588079331028,Batiuk
L6 IT Car3_2,0.5442652703738794,-1.7796579877711733,0.9489166840787635,0.3594580324139405,0.9183588079331028,Batiuk
Sst_5,0.22789803618493734,0.4142494330728872,0.9117868327143804,0.37798694102636976,0.9183588079331028,Batiuk
Vip_4,-0.24664529186626333,1.3628931994801323,-0.9043150874734519,0.38179363652170684,0.9183588079331028,Batiuk
Vip_13,0.4162144513972908,0.08124317884580783,0.8941061954429931,0.3870371051790459,0.9183588079331028,Batiuk
Pax6_2,0.3754940056178033,-0.5599932821185615,0.8755485290137638,0.3966935034922935,0.9183588079331028,Batiuk
Pvalb_15,-0.21953550411110226,2.7728894912940927,-0.8743898646889825,0.39730174656221173,0.9183588079331028,Batiuk
Lamp5_4,-0.36599373422679216,-1.1500078958127224,-0.873551781036822,0.39774209084417544,0.9183588079331028,Batiuk
Sst_20,-0.2690413824081496,0.3245748409035301,-0.8733309965347589,0.3978581495771595,0.9183588079331028,Batiuk
Sst Chodl_1,0.39958488422996574,-1.3551597859823024,0.8571671935586914,0.4064166664704094,0.9183588079331028,Batiuk
L5 IT_3,0.27282290807277426,0.1066478915315011,0.8451839185515612,0.41284019806167005,0.9183588079331028,Batiuk
Lamp5_6,-0.33168791985943763,-0.22691183767381162,-0.8051409237240793,0.4347878379920823,0.9194081424640418,Batiuk
Sst_12,0.2444382523176339,-0.32774380339063497,0.8048236053329598,0.43496471705926265,0.9194081424640418,Batiuk
L6b_3,-0.29807374646277474,-3.752785867646701,-0.7444491801646052,0.46945541215045405,0.9194081424640418,Batiuk
L4 IT_2,-0.26868472459102155,2.250276736139285,-0.7149633996021358,0.4868978981572901,0.9194081424640418,Batiuk
L5 IT_1,0.18745482445225875,1.2049043708651657,0.7122023802274698,0.48855099490417897,0.9194081424640418,Batiuk
L5 ET_2,0.3574026651879796,0.06886791109344403,0.7102034135984577,0.48974993310112047,0.9194081424640418,Batiuk
L4 IT_3,0.3648722105537572,-0.5894628142269814,0.7079537404125985,0.4911013495080947,0.9194081424640418,Batiuk
Pvalb_10,-0.2367571508122923,-0.9587968266289869,-0.7034204180801662,0.49383136794931926,0.9194081424640418,Batiuk
L5 IT_7,0.28697456871255844,0.7499142369574311,0.6970690573135894,0.49767142421073396,0.9194081424640418,Batiuk
L6 CT_4,0.3335277495557924,-2.3013537180319728,0.6931172513223852,0.5000696230153472,0.9194081424640418,Batiuk
L2/3 IT_1,-0.31147162637192305,3.5658215765630046,-0.6249173637847689,0.5425171903919891,0.9194081424640418,Batiuk
Sst_2,-0.21432617924467628,0.5292360599560164,-0.6241957252760576,0.5429768592137225,0.9194081424640418,Batiuk
L4 IT_1,0.26743258945864057,1.366149558425461,0.6211916655849606,0.5448927056642928,0.9194081424640418,Batiuk
L2/3 IT_5,0.16979068417628254,2.7711883306148244,0.6205520806171172,0.5453010855244687,0.9194081424640418,Batiuk
Sst_13,0.16924611459692357,0.6932493732474855,0.6198993566394274,0.5457180293426614,0.9194081424640418,Batiuk
L2/3 IT_2,-0.42320005609229844,-2.938889545668352,-0.6006563228127194,0.5580887654542622,0.9194081424640418,Batiuk
Pvalb_1,-0.15789794735272922,0.35000302717334614,-0.5984478418035968,0.559518209079734,0.9194081424640418,Batiuk
Sncg_1,-0.21559419339315009,0.21834050453415957,-0.5897904194594885,0.5651407848173468,0.9194081424640418,Batiuk
L5 IT_6,0.38654650680050845,0.6255353189286271,0.5763425278566139,0.5739342343701853,0.9199828168580912,Batiuk
Pvalb_14,-0.22242240195633103,0.14504180482210388,-0.5445439460991373,0.5950106014456846,0.9237798068486235,Batiuk
Vip_1,-0.16053592594093977,1.2760092925485693,-0.5379261318887444,0.599446101667372,0.9237798068486235,Batiuk
Vip_6,0.19337464498438975,-0.8120516990531056,0.5187830886166813,0.612369671923074,0.9237798068486235,Batiuk
Pvalb_7,0.18442404442506047,-0.9174986224183962,0.5158355702618721,0.6143717166826561,0.9237798068486235,Batiuk
Vip_23,-0.13809433088473652,1.3128611434628987,-0.499718328861084,0.6253754735185757,0.9237798068486235,Batiuk
L2/3 IT_7,-0.2235365152826252,-1.9728570752580872,-0.4923980880240551,0.630404370240794,0.9237798068486235,Batiuk
Chandelier_2,-0.24693162770915386,-0.6425495081883422,-0.48482331103829235,0.6356283074646492,0.9237798068486235,Batiuk
Sst_11,0.20106574064970917,0.7173288859135718,0.45262345641166174,0.6580586626440514,0.9378386290278684,Batiuk
Pvalb_9,0.17408915736371933,1.1033394662090026,0.4347888824595757,0.6706334281424505,0.9378386290278684,Batiuk
Sst_3,-0.12379219584281566,1.8210164493759495,-0.4341103988305223,0.6711138813226949,0.9378386290278684,Batiuk
Pax6_3,0.1274230651820414,-0.6819991046822109,0.4090214217674971,0.6889838574977388,0.9486018046962573,Batiuk
L6 CT_1,0.24239845448204209,-0.4232923644810364,0.3841587433679495,0.706885718658483,0.9486018046962573,Batiuk
Sst_9,-0.09394008826265687,0.06380487895001437,-0.3742585622447561,0.7140655309553118,0.9486018046962573,Batiuk
Vip_14,0.1610761922447041,-0.24974734602642762,0.3685401126444173,0.7182256223547732,0.9486018046962573,Batiuk
Sncg_8,-0.12078043780001138,0.34870574459066833,-0.36291103837823774,0.7223298145852235,0.9486018046962573,Batiuk
Sst_10,0.0901327030436717,0.026102521214927007,0.33414274199562116,0.7434419040364927,0.9492722170251169,Batiuk
L2/3 IT_6,0.1439070595504222,2.8630186344668886,0.3240041531624792,0.7509349124310531,0.9492722170251169,Batiuk
Vip_12,-0.09647709701904282,-0.22223321234806803,-0.3190866887609129,0.7545787180098511,0.9492722170251169,Batiuk
Vip_19,-0.07889818376301785,1.3846963397093242,-0.3149132595386155,0.7576759897356438,0.9492722170251169,Batiuk
Vip_11,-0.10647448988856825,1.033344073712222,-0.27489453710380046,0.7875886609933,0.9676659053198539,Batiuk
Vip_15,-0.06887843672249232,0.98428170370249,-0.2479052117416979,0.807964848005276,0.9676659053198539,Batiuk
Vip_2,0.07524834212109878,0.9196677150281813,0.23187304370558992,0.8201389203546517,0.9676659053198539,Batiuk
Vip_9,0.08719989928540796,0.6602941764309138,0.21460713166373924,0.833304028380661,0.9676659053198539,Batiuk
Sst_1,0.07929591193488761,-0.6107295027095906,0.2136623609534102,0.834025954437478,0.9676659053198539,Batiuk
L2/3 IT_12,0.09896464332910264,0.8103419071844791,0.21103470516259604,0.8360346393647687,0.9676659053198539,Batiuk
Pax6_4,0.07715329351832978,-0.9570358571285811,0.20642067341912526,0.8395646682547369,0.9676659053198539,Batiuk
Vip_18,-0.10204281469097985,-1.4155401162849994,-0.18889648794504663,0.8530039694823072,0.9676659053198539,Batiuk
L4 IT_4,-0.06607183268500066,2.182032613308588,-0.17910243679430704,0.8605361074040455,0.9676659053198539,Batiuk
Lamp5_Lhx6_1,-0.043732431188776164,1.7000541599794001,-0.17832595477948235,0.8611338790461085,0.9676659053198539,Batiuk
Sst_22,-0.07859157863509222,-1.4031413802854513,-0.13616122487862836,0.89371750463872,0.9693116762423708,Batiuk
L6 IT Car3_1,0.09397740545132384,-3.041174246943268,0.12472077594690634,0.9025956160955119,0.9693116762423708,Batiuk
Sncg_3,-0.042073856252630576,-0.8963263470907699,-0.12464584495781049,0.9026538108490934,0.9693116762423708,Batiuk
Lamp5_1,0.028772606014970736,-0.18465553379970504,0.12121818244274159,0.9053165049373426,0.9693116762423708,Batiuk
Lamp5_2,-0.03386873793956861,2.2758144143839383,-0.11897166480387594,0.9070623025387323,0.9693116762423708,Batiuk
Sst_4,-0.04503181854284544,-1.3167414231735577,-0.0926748730736733,0.927532654740858,0.9815636831723643,Batiuk
Sst Chodl_2,-0.023312990631869444,-2.3905570575510686,-0.05647282846072134,0.9557982556411962,0.9909225174981324,Batiuk
L6 IT_1,-0.027543312670612722,-0.14974776294777906,-0.04678904966335309,0.9633712723681367,0.9909225174981324,Batiuk
L2/3 IT_13,-0.01599572431588688,1.6701611270810208,-0.046433471145692184,0.9636494206862571,0.9909225174981324,Batiuk
Vip_16,0.004137498520410199,-1.0514350697213337,0.011785761990101538,0.9907701484126592,0.9971942776508358,Batiuk
L5 ET_1,-0.005927551559480268,-2.2039145413987784,-0.007394959853152707,0.9942086551971494,0.9971942776508358,Batiuk
Pvalb_8,-0.0016796688353341318,-0.5862795200998241,-0.003582595981170411,0.9971942776508358,0.9971942776508358,Batiuk
L5/6 NP_6,1.674867467951014,-2.9243409397531805,5.097762777714277,1.322874326729717e-5,0.0014419330161353915,McLean
L5/6 NP_3,0.8578779531298805,-3.196588979384704,2.8025906923965644,0.008355534576286539,0.3228895626459736,McLean
L6b_4,0.7158659824089756,-0.41039761734456054,2.7779096063149518,0.008886868696678173,0.3228895626459736,McLean
L2/3 IT_3,-0.6225211848332788,0.3059811594145913,-2.561990299319317,0.015071301014227958,0.3313899355848618,McLean
Pvalb_14,0.5046988428232997,0.280960617744263,2.5419687157486206,0.015811211805007302,0.3313899355848618,McLean
L6 IT_1,0.5507388201285836,0.5288041706087264,2.416950701061537,0.02123648203816309,0.3313899355848618,McLean
L5/6 NP_2,0.6752434382017701,-0.30029712550065124,2.382562899671934,0.02300112370847959,0.3313899355848618,McLean
Pvalb_1,0.48198451175205503,0.2173430593568344,2.3099254439418093,0.02717286405191768,0.3313899355848618,McLean
Lamp5_1,0.484086669331237,-0.42336123302485285,2.306869622581157,0.02736247174553905,0.3313899355848618,McLean
Sst Chodl_1,0.44831755932774253,-0.9577095373190696,2.1050849451281235,0.04284284322461291,0.40723519783280165,McLean
L6 CT_3,0.43833947607262763,-1.27759812042735,2.0903006262636645,0.044235626513576244,0.40723519783280165,McLean
Pvalb_9,0.3660272629642898,0.3534181627270688,2.059435991209295,0.047272552301305816,0.40723519783280165,McLean
L2/3 IT_7,0.6724833353821347,-1.9080105780308614,2.0467853422283544,0.048569335521343314,0.40723519783280165,McLean
L6 CT_2,0.3795693836482482,1.3970416751048003,1.9604294350468328,0.05828346521601688,0.43129694594320483,McLean
Chandelier_2,0.5154084108135939,-1.4350091800936187,1.907642007782105,0.06501826476119768,0.43129694594320483,McLean
Sncg_2,0.6305332273288712,-2.575063758245861,1.9052986482585426,0.06533219963554637,0.43129694594320483,McLean
Pvalb_7,0.39129141317169,-0.5440376648425409,1.891070434988412,0.06726649615627965,0.43129694594320483,McLean
L4 IT_1,-0.232450913434732,1.750432136960627,-1.7547861815103765,0.088415893415862,0.535407354573831,McLean
L2/3 IT_8,0.40326198375388267,-1.9962600096448502,1.666167852714381,0.10498131392686141,0.5755604554436463,McLean
Sst Chodl_2,0.43100574587035667,-2.5904607920787606,1.663053835324784,0.1056074230171828,0.5755604554436463,McLean
L4 IT_2,-0.208802133932693,2.914083632352154,-1.5967759727148199,0.11968326023070916,0.5957884224721889,McLean
L6 IT Car3_3,0.2694980309647391,1.4140511362886756,1.5828873672971404,0.12281967410326454,0.5957884224721889,McLean
Pvalb_5,-0.27562962102138616,0.10477310574449454,-1.503793365178579,0.14198084213055814,0.5957884224721889,McLean
Pvalb_13,0.32074443354475873,-0.9106355085120142,1.4942538324390084,0.14444607696360878,0.5957884224721889,McLean
Vip_4,-0.20111764541893537,1.1410935442848253,-1.4833523291589659,0.14730512307895777,0.5957884224721889,McLean
L6b_3,0.5379720880894139,-2.6856021182576177,1.4813909372510798,0.14782428895295088,0.5957884224721889,McLean
Pvalb_3,0.2770017844755224,-0.2607336321680404,1.4642174112488897,0.15243262198589638,0.5957884224721889,McLean
Pax6_4,0.23920832012726603,-0.7029730957325079,1.4016588109191574,0.17019138242150486,0.5957884224721889,McLean
Pax6_2,0.28699213831693093,-1.2113074104890789,1.3977699863757609,0.17134676648668629,0.5957884224721889,McLean
Sst_22,-0.4044832370170898,-1.9534687696724977,-1.3922736279011179,0.17299021003062434,0.5957884224721889,McLean
Vip_2,-0.2861752701186565,0.07855263038874039,-1.3866950502786943,0.17467080478199287,0.5957884224721889,McLean
L5/6 NP_4,0.3711782334360534,-1.8279992571338461,1.3711128194581939,0.17943258122402825,0.5957884224721889,McLean
Sst_2,-0.23066738721949537,0.2639224845927701,-1.366653216449453,0.18081379658037489,0.5957884224721889,McLean
L6b_5,0.5312913183211165,-2.9447761418596388,1.3506373704907175,0.18584226022068276,0.5957884224721889,McLean
Sncg_8,-0.26953397908767635,-0.2609221706206786,-1.314223962107194,0.19767622422389491,0.6156202411544156,McLean
L5 IT_5,-0.2121983893944926,1.6612497977344174,-1.2108593417399447,0.23440136694638758,0.7038147581676324,McLean
L5 ET_1,0.4440593539851754,-2.143267169852531,1.1990252329504645,0.2389095968091963,0.7038147581676324,McLean
Sst_25,-0.37259076297224286,0.4331674985596362,-1.1384581305929389,0.26298510119015783,0.7543520007822948,McLean
Vip_5,0.19625509794404017,-0.8252812938172168,1.1216129520328786,0.26998240728226297,0.7545662152247862,McLean
L5 IT_3,0.17304087591128067,0.5923569749083644,1.0871914748331752,0.2846932553260297,0.7749518217737545,McLean
Pvalb_2,0.15070948770862613,1.6266638572356862,1.0717001443345695,0.2914956393827884,0.7749518217737545,McLean
Lamp5_Lhx6_1,0.13970835621585925,1.4679892929635914,1.0336755965268933,0.30867392094800694,0.80108231865078,McLean
Lamp5_4,0.24322282740260295,-1.4382688780364106,0.9906869818069708,0.32892252528289423,0.8334036176880514,McLean
Pvalb_12,-0.2281460129878604,-0.7304435913683271,-0.9752272405231783,0.33641980897499324,0.8334036176880514,McLean
Sst_5,-0.16934069056957463,0.22953943752849526,-0.9076411733871053,0.37053457429229475,0.8941298182877244,McLean
L6 CT_1,0.2625348446257998,0.7921810725863524,0.8771145771802538,0.3866555221697028,0.8941298182877244,McLean
Vip_1,-0.13576090044849964,0.9623951464038983,-0.8658881745121504,0.3926950471454089,0.8941298182877244,McLean
Vip_23,-0.15880943904254996,0.9396211969457583,-0.8639472587280828,0.39374524108083275,0.8941298182877244,McLean
Sst_12,0.12891772354625336,-0.04928172650548812,0.7687827737016293,0.44739493584183665,0.9384442259367665,McLean
L6b_2,0.18829970658958647,0.25721096691121376,0.7402959424930924,0.46426449887189924,0.9384442259367665,McLean
Lamp5_5,-0.1292935529850342,0.6114057756637696,-0.7333099517672725,0.4684573705946765,0.9384442259367665,McLean
Sst_23,-0.18249691612000948,-0.11796242945370503,-0.7279009684883814,0.471718746525146,0.9384442259367665,McLean
L5 IT_1,-0.09588549861066223,1.6076164569675104,-0.6915092338694434,0.49399827871862934,0.9384442259367665,McLean
Vip_18,-0.16264195580732474,-0.4928310726578367,-0.6815380928469398,0.5002040028906779,0.9384442259367665,McLean
L6 IT_2,0.11768547697047274,2.9806933596653087,0.6762954738108126,0.5034841050574452,0.9384442259367665,McLean
Sst_7,0.11945038238900514,-0.676489061454075,0.6705592229687237,0.5070866123424891,0.9384442259367665,McLean
Vip_16,0.1378817470624372,-1.3400257048066433,0.6574118779313324,0.5153965930671607,0.9384442259367665,McLean
Pvalb_15,0.0740966261683228,2.3034596771184055,0.6361322463866564,0.5290017870295405,0.9384442259367665,McLean
L5 IT_6,0.1295921708152923,1.4371349918773013,0.6343037943329167,0.530179666666512,0.9384442259367665,McLean
Sst_3,-0.07380086474620862,1.4406032607752035,-0.6161837496965876,0.5419273320328329,0.9384442259367665,McLean
L2/3 IT_13,0.1347871014501485,2.641005818583137,0.6052917928875109,0.5490536387571865,0.9384442259367665,McLean
L6b_1,0.17533350910833395,-1.2380602847881013,0.6022689078848517,0.5510399642576552,0.9384442259367665,McLean
Pvalb_10,0.14452508783087223,-0.7334291628448708,0.585849059729625,0.5618935019978529,0.9384442259367665,McLean
L2/3 IT_2,0.17114971762331394,-2.607246508706366,0.5835685642345386,0.5634094132578198,0.9384442259367665,McLean
L2/3 IT_10,-0.18197748042382594,1.8312000968394646,-0.5792901243745652,0.5662589642496831,0.9384442259367665,McLean
Sst_20,-0.12130046756847267,-0.37384003941394794,-0.555143685802361,0.5824752824607182,0.9384442259367665,McLean
Sncg_4,-0.11355796183313292,0.043255348999631786,-0.5545411877488027,0.5828827920654234,0.9384442259367665,McLean
Sncg_3,-0.11846911308138244,-0.7048635182488716,-0.5427411758620396,0.5908918114898277,0.9384442259367665,McLean
Sst_13,0.07763301953222737,0.6982545395379586,0.5264925393139451,0.6020060544122261,0.9384442259367665,McLean
Sst_19,-0.09215557190441112,0.7653007351521972,-0.5246225294327884,0.6032914595983445,0.9384442259367665,McLean
Pax6_1,-0.08876575746889008,0.19905819419955395,-0.5130420898102467,0.6112801838670681,0.9384442259367665,McLean
L6 IT Car3_1,0.1557974275947632,-1.4952226101180746,0.46644592005433133,0.6439078169545132,0.9669182234482614,McLean
Vip_12,0.08918784460522983,-0.762911701042189,0.4606779468541979,0.6479988369151363,0.9669182234482614,McLean
Pvalb_6,0.06212998444862851,-0.2192136184557843,0.39464964145699793,0.6955965628322323,0.9669182234482614,McLean
L2/3 IT_5,-0.05701001320428164,3.0256309214222306,-0.38725330331694563,0.7010118765288709,0.9669182234482614,McLean
L4 IT_4,-0.07070703226075363,2.6340360643837477,-0.3810121586951255,0.705593800736205,0.9669182234482614,McLean
Sst_1,0.0732117777297691,-0.3772969215070055,0.37242628629897984,0.711915348555761,0.9669182234482614,McLean
Sst_11,0.09410229564565803,-0.025612770100151554,0.3438006226251833,0.7331393682074476,0.9669182234482614,McLean
L2/3 IT_1,-0.06464675462616881,3.5176842366859686,-0.33849994149897367,0.7370935733914343,0.9669182234482614,McLean
Vip_19,0.047592544262020815,1.1026984492094436,0.3224968303087104,0.749075389556255,0.9669182234482614,McLean
Lamp5_2,-0.041660735203135804,1.7020005537269345,-0.30039371270383414,0.7657284660336869,0.9669182234482614,McLean
Sncg_1,-0.06355170534849885,-0.3511387178401589,-0.28066007620716416,0.7806928148351541,0.9669182234482614,McLean
L6b_6,0.04875805440502628,1.98053292569322,0.27913962060879066,0.7818494149430195,0.9669182234482614,McLean
Pax6_3,0.058119034378460624,-1.1269562765852963,0.27516847277687717,0.7848726126697797,0.9669182234482614,McLean
Sst_9,0.04225791081849442,-0.23386653872261098,0.27314664198081573,0.7864131210957194,0.9669182234482614,McLean
L6 IT Car3_2,0.07445042099475387,-0.838957322086869,0.2499762535771752,0.8041284462369146,0.9669182234482614,McLean
L2/3 IT_6,-0.059920388971991013,2.102119783925928,-0.2357198054284847,0.8150816102464375,0.9669182234482614,McLean
Vip_13,0.04484712470079387,-0.04232600222086377,0.20983332546152395,0.8350654736544552,0.9669182234482614,McLean
Vip_6,-0.052106091021128585,-0.7349150425710692,-0.20445879180118043,0.8392289788689798,0.9669182234482614,McLean
Lamp5_6,-0.05790305166107381,-0.7965939567995408,-0.19538008995689948,0.8462726345304605,0.9669182234482614,McLean
Pvalb_8,0.051547334741992266,-1.1628383684788983,0.1942405006812885,0.8471576983857803,0.9669182234482614,McLean
L5/6 NP_1,-0.02947730645249673,1.362304799675796,-0.19283103433680715,0.8482526413675149,0.9669182234482614,McLean
L2/3 IT_12,-0.059928255739725794,1.8772829459328046,-0.1849193383740314,0.8544044582696678,0.9669182234482614,McLean
Vip_14,0.03441168946185001,-1.0516519817879644,0.18364440235031412,0.8553966741561025,0.9669182234482614,McLean
L5 IT_7,-0.05105284934976504,0.8283543214183081,-0.18345755481949097,0.8555421079160783,0.9669182234482614,McLean
Chandelier_1,0.0272087137940806,1.284752492562803,0.16412536531798436,0.8706162043802589,0.9669182234482614,McLean
Vip_15,0.02335339908912139,0.7295957043973261,0.15772445126624712,0.8756183974140548,0.9669182234482614,McLean
Sst_4,-0.04362637024401761,-1.0852249636703375,-0.15387798047734078,0.8786268555507215,0.9669182234482614,McLean
L6 CT_4,0.03499835809411555,-2.269984686511939,0.13082753915654308,0.8966922479113361,0.9669182234482614,McLean
Sst_10,-0.025119173431310825,-0.5468429603030073,-0.12355052222964129,0.9024076095255844,0.9669182234482614,McLean
Sncg_5,-0.02813986209482582,-0.7260237220901836,-0.1154370660427928,0.9087861346921998,0.9669182234482614,McLean
Vip_11,-0.01627313428696633,0.655224124142256,-0.10718040748970738,0.9152835544351146,0.9669182234482614,McLean
L4 IT_3,-0.02824017839083204,0.28900485000418336,-0.09838299288834634,0.9222130171799866,0.9669182234482614,McLean
Lamp5_3,-0.02331122689893615,-1.2315016365206553,-0.09793738724923633,0.9225641765010933,0.9669182234482614,McLean
L5 IT_2,0.007926039032921894,2.9538233950595685,0.05931206419668455,0.9530550681420855,0.9779085207498265,McLean
Sncg_6,0.01275084548358314,0.0276822464213802,0.050977084798236226,0.9596457614424961,0.9779085207498265,McLean
L5 ET_2,-0.007791589349813136,0.2844614482390587,-0.03946554399931742,0.9687528916657859,0.9779085207498265,McLean
Vip_9,0.0066370266487240145,0.1944394497335211,0.03923303720634023,0.9689368829447822,0.9779085207498265,McLean
Vip_21,0.002879484443354912,-0.975525845856133,0.011296718417661729,0.9910535526278804,0.9910535526278804,McLean
L6b_2,0.9565487202884928,-0.5365332598500699,3.309305367319656,0.0021115216890692607,0.21115216890692606,MSSM 1
L4 IT_4,0.5693814014032901,1.9662586466295806,2.6777326307902793,0.011040980153600038,0.391397806977184,MSSM 1
L4 IT_3,0.8789605402033462,-0.7182082498987855,2.6529135460923174,0.011741934209315519,0.391397806977184,MSSM 1
L2/3 IT_7,0.6187983030828883,-1.4955344730940592,2.5167624000247795,0.016372747660226294,0.40931869150565736,MSSM 1
L6 CT_1,0.7984063197312241,-0.6750069480009155,2.3079722503245774,0.026774801084010116,0.44482513834793824,MSSM 1
L5 IT_5,-0.7930399533416098,0.6021752140320978,-2.3042133060715186,0.027007316647870948,0.44482513834793824,MSSM 1
Pvalb_9,0.6812163742634252,-0.060805571659812194,2.2418631475997532,0.031137759684355674,0.44482513834793824,MSSM 1
L6b_4,0.7340096108600197,-0.19712662017628715,2.0246418971981144,0.05026767644410001,0.5628173251291558,MSSM 1
L6b_1,0.5440918057567228,-1.3239948426053008,2.020811805591865,0.05068169980967903,0.5628173251291558,MSSM 1
L2/3 IT_3,-0.6445025460179516,-0.001701993082933495,-1.9686697708548648,0.056620800074899544,0.5628173251291558,MSSM 1
Vip_15,-0.40690726405776295,1.052907360435165,-1.8884776914384578,0.06692964935663268,0.5628173251291558,MSSM 1
Lamp5_6,0.46014465593870685,0.008181548664166406,1.8511628551172552,0.07225122287534018,0.5628173251291558,MSSM 1
L4 IT_1,0.465945600907654,1.6309653115479872,1.7809575646182312,0.08324392640081817,0.5628173251291558,MSSM 1
L6 CT_2,0.6631013859303044,0.9293275669441312,1.7783029716958845,0.08368589136603061,0.5628173251291558,MSSM 1
Sst_10,-0.519410276322458,-0.9047139609387668,-1.7739042141400527,0.08442259876937337,0.5628173251291558,MSSM 1
L2/3 IT_13,0.6397179066112861,1.0437567363600175,1.6789969711616608,0.10169534928109111,0.6098718222698173,MSSM 1
Sst_2,-0.3997965031078258,0.08498376154626311,-1.6689818449767246,0.10367820978586893,0.6098718222698173,MSSM 1
L6 IT_1,0.7298562928757653,-0.15643303538566322,1.6329927566360296,0.11106922528720428,0.6170512515955793,MSSM 1
Pax6_4,0.3815038658143792,-0.8560549321943256,1.536250710158544,0.13310153328525415,0.700534385711864,MSSM 1
L5 IT_2,0.2814838124205017,2.3912504720553738,1.4289181389999732,0.16153094023170808,0.8076547011585404,MSSM 1
L5 IT_6,0.4893031880794609,-0.07566725110100586,1.3896819437925918,0.17304472538260637,0.8240225018219351,MSSM 1
Sncg_3,-0.39553873210283164,-0.8239709689609115,-1.3596387065521256,0.18228520662598055,0.8285691210271844,MSSM 1
L2/3 IT_6,-0.44419488583544164,1.6145209878423357,-1.2603090439261146,0.2155562525749225,0.9015290879762035,MSSM 1
Pvalb_14,0.3106404748779514,-0.11567919019211662,1.2512504809452833,0.21880409269867726,0.9015290879762035,MSSM 1
L6b_3,0.3868325086769261,-1.5173099031525419,1.2332067908345905,0.22538227199405086,0.9015290879762035,MSSM 1
Pvalb_15,-0.2609446202309931,1.9863723447252282,-1.204691196261728,0.23607627580713042,0.9079856761812709,MSSM 1
Lamp5_3,0.34266408123264475,-0.8354984064223946,1.1549525060267942,0.2556155904621939,0.9153199819312262,MSSM 1
L6 IT Car3_3,0.41956074555004386,0.6385977204209929,1.1464180099050656,0.2590827905096212,0.9153199819312262,MSSM 1
L2/3 IT_12,0.42097667148155243,0.34522575326012644,1.0938058953033845,0.2812067063415766,0.9153199819312262,MSSM 1
Vip_16,-0.2979075673971862,-1.2877397595953373,-1.0625390502934866,0.2949711215070215,0.9153199819312262,MSSM 1
Vip_1,0.2730548219339249,1.1789446576649483,1.0521958095614203,0.2996263254953408,0.9153199819312262,MSSM 1
Sst_25,-0.31343242145134603,0.3537969372579393,-1.022182297170549,0.313422374230721,0.9153199819312262,MSSM 1
Sncg_5,0.28115657203946753,-0.6852672248003494,0.9840556901678937,0.3315668180371414,0.9153199819312262,MSSM 1
L6 IT Car3_2,-0.23061517496336928,-1.369978782960561,-0.9510191865986292,0.3478502382586619,0.9153199819312262,MSSM 1
Lamp5_Lhx6_1,0.14378237303200092,1.4653564469351559,0.9203109913414861,0.3634533075287951,0.9153199819312262,MSSM 1
Vip_13,0.2879266553601433,-0.04014178677390355,0.9176317617922308,0.3648359668197516,0.9153199819312262,MSSM 1
L2/3 IT_10,-0.3906222477097033,1.033876230442829,-0.9035535776130046,0.37215737712458874,0.9153199819312262,MSSM 1
L5 IT_7,-0.2669073607475763,-1.0252546690738593,-0.8880657831229913,0.38032065901769485,0.9153199819312262,MSSM 1
L5/6 NP_2,0.32989617295182216,-0.49496241719429396,0.8815627378659304,0.38378218515436535,0.9153199819312262,MSSM 1
Pvalb_1,-0.2267871066710423,-0.4991432388748168,-0.857420645361099,0.3968077601114517,0.9153199819312262,MSSM 1
L2/3 IT_1,0.22280095439261596,3.239049410915079,0.8425487278400584,0.40496840813613566,0.9153199819312262,MSSM 1
Pvalb_7,-0.24723990446846342,-0.6280249390610125,-0.8324069343931221,0.4105930029450484,0.9153199819312262,MSSM 1
Sncg_8,0.22158512242067163,0.16200134703530172,0.8119970117672085,0.4220578325460298,0.9153199819312262,MSSM 1
Sst_13,-0.215011781629799,-0.010414974619487182,-0.7993371829736882,0.4292664712077202,0.9153199819312262,MSSM 1
Pvalb_12,0.230626973100411,-0.8922843733550729,0.7963756465375816,0.4309634999516442,0.9153199819312262,MSSM 1
Sst_20,-0.24289713736274726,-0.6482821594907922,-0.7814843747751287,0.4395577705143955,0.9153199819312262,MSSM 1
Pvalb_5,-0.16893725574612933,0.3086467706773419,-0.7794378738814415,0.44074683797684977,0.9153199819312262,MSSM 1
Sst_19,-0.24398654723447818,0.42401506435659114,-0.7744395679008574,0.4436590374591747,0.9153199819312262,MSSM 1
Sst_7,0.20320286569197682,-1.0257723988199505,0.741191435167375,0.46331985784100516,0.9153199819312262,MSSM 1
Vip_9,0.20801913620063256,0.046615056652864216,0.7352052865907063,0.4669126981171441,0.9153199819312262,MSSM 1
Sst_11,0.27830119808911585,-0.17118498294216336,0.7249664382556378,0.47309513526364977,0.9153199819312262,MSSM 1
Vip_5,0.20494819912634116,-0.5173478031468002,0.7202374126962222,0.4759663906042376,0.9153199819312262,MSSM 1
Chandelier_1,0.15993884328893904,1.369632822946727,0.6394975838422577,0.5264930640141643,0.9682764522561691,MSSM 1
L5/6 NP_4,0.1609821687375337,-1.5729073359826937,0.6354712291081113,0.5290855421306702,0.9682764522561691,MSSM 1
Pvalb_2,0.16896772016158496,1.0087762133479583,0.6301037226683411,0.532552048740893,0.9682764522561691,MSSM 1
Sncg_6,0.14727199137605781,0.43214520825438846,0.5936146846842743,0.5564311379120683,0.9791743556744783,MSSM 1
Lamp5_4,0.16971892996745022,-1.369978782960561,0.5813621264467408,0.5645697868133543,0.9791743556744783,MSSM 1
Vip_14,-0.14107894008023775,-1.0654688567530162,-0.5582428456708425,0.5800872223576687,0.9791743556744783,MSSM 1
Vip_11,0.13693804178219243,0.8669746400432433,0.5435171795209305,0.5900783601694743,0.9791743556744783,MSSM 1
Sst_23,-0.1787899971463454,0.21590789806472144,-0.5202038622821964,0.6060628010101877,0.9791743556744783,MSSM 1
Sncg_4,0.14208059279105179,0.554011864349616,0.5002423674123979,0.6199074307450382,0.9791743556744783,MSSM 1
Lamp5_2,0.08910994423017717,1.9347082995071219,0.4914728667773472,0.6260347368754144,0.9791743556744783,MSSM 1
L5 IT_1,0.13553448680799068,1.0764920660508115,0.4754521453150587,0.6372980128568252,0.9791743556744783,MSSM 1
L2/3 IT_8,0.10918038500021639,-1.3625641773752728,0.46701484028097273,0.6432653069780503,0.9791743556744783,MSSM 1
Pax6_3,-0.14006236628861005,-1.24882086660627,-0.43214200446507645,0.6681806728889137,0.9791743556744783,MSSM 1
Pvalb_10,-0.11296071834241508,-1.3239948426053008,-0.42506287604169857,0.6732864827528776,0.9791743556744783,MSSM 1
Pvalb_8,0.14665583575121033,-1.1354271140563628,0.41811120758265957,0.6783156723125692,0.9791743556744783,MSSM 1
Vip_23,-0.08206335912059895,0.9493427045161481,-0.4040464181263239,0.6885364219762383,0.9791743556744783,MSSM 1
Sncg_2,-0.14058592392321395,-1.3077549718742303,-0.38816025697612666,0.7001523091609625,0.9791743556744783,MSSM 1
L5/6 NP_1,0.11170221910981952,0.5879310243335972,0.3823165812317043,0.7044438071170909,0.9791743556744783,MSSM 1
Lamp5_5,-0.09724217229562167,1.0663150610790764,-0.38050930777281194,0.7057730331149293,0.9791743556744783,MSSM 1
Pax6_2,0.10682133699355405,-1.1960060722335082,0.3687638621051284,0.7144342888994484,0.9791743556744783,MSSM 1
Vip_12,0.08791890185985836,-0.4320082047244854,0.36827276037715245,0.7147972796423692,0.9791743556744783,MSSM 1
Sncg_1,0.09199983845454295,0.11829322196633114,0.30152428411975546,0.7647260602562915,0.9795743146105248,MSSM 1
Sst_4,-0.06961277226140951,-1.2078184515980035,-0.27592849809606507,0.7841593490411732,0.9795743146105248,MSSM 1
Vip_21,0.06750618364935679,-0.594746307884651,0.256776957728719,0.798792947907905,0.9795743146105248,MSSM 1
L4 IT_2,0.055609857095986856,2.5933336067942285,0.2471441977665509,0.8061815795801603,0.9795743146105248,MSSM 1
Sst_12,-0.07489543392984126,-0.8843157337893661,-0.2434769735811862,0.8089992397270475,0.9795743146105248,MSSM 1
Sst Chodl_1,0.06221608721728001,-1.1254640633623754,0.23920633671697764,0.8122837749299271,0.9795743146105248,MSSM 1
Pvalb_13,0.05401314005227964,-1.1064712717612826,0.21690795592125242,0.8294880066328643,0.9795743146105248,MSSM 1
L6 CT_3,0.06930477646965934,-1.4641455505606846,0.2045184128679333,0.8390846371257763,0.9795743146105248,MSSM 1
Sst_3,-0.06276648362767871,0.62594320528652,-0.17173501988022563,0.8645945189399967,0.9795743146105248,MSSM 1
L6 IT_2,-0.0683021126035967,1.364427690236329,-0.1591419493548989,0.8744344173389871,0.9795743146105248,MSSM 1
L6b_6,0.06246428369093609,0.6876793648297684,0.15865125560795226,0.8748182530466675,0.9795743146105248,MSSM 1
Lamp5_1,0.03942379765501105,-0.5930651507411385,0.15422857495860515,0.8782791828741898,0.9795743146105248,MSSM 1
Chandelier_2,0.0569318871834687,-0.9415686819138142,0.1485371902403923,0.8827364841076916,0.9795743146105248,MSSM 1
L2/3 IT_5,0.04499448249489574,2.328147737751515,0.14724477310741338,0.883749206251643,0.9795743146105248,MSSM 1
Sst_5,-0.037289840760954,-0.11992299787985097,-0.14548922048053148,0.8851251523284237,0.9795743146105248,MSSM 1
L5 ET_2,0.03868512135824957,-0.9225355103402425,0.14301610857407854,0.8870641097870856,0.9795743146105248,MSSM 1
Pvalb_3,0.04086969363186139,-0.6569807813560926,0.13987658642171683,0.8895265560766971,0.9795743146105248,MSSM 1
Vip_4,0.02936164032993489,1.4913579058574238,0.13738890771527676,0.8914785267243843,0.9795743146105248,MSSM 1
Sst_9,-0.032692730267817396,-0.5066625469453985,-0.11940916978206739,0.9056060466268979,0.9795743146105248,MSSM 1
Pvalb_6,0.028592407282902296,-0.2642057075171958,0.11254996537538094,0.9110041125877881,0.9795743146105248,MSSM 1
Vip_6,0.023521522365323816,-0.7838061243304643,0.09381287938178724,0.9257709145604828,0.9848626750643433,MSSM 1
Vip_2,0.019755019100313593,0.3796433183443012,0.06490106461113378,0.9486069530948602,0.9931662940403043,MSSM 1
Vip_19,-0.00799034722599312,1.3530717253079354,-0.048170112647141376,0.9618432988388979,0.9931662940403043,MSSM 1
L5 IT_3,0.007087359681328598,-0.19625305887135183,0.030451466861166458,0.9758729098510115,0.9931662940403043,MSSM 1
Sst_1,-0.004597235282274192,-0.5462948870887957,-0.017332634571711088,0.9862656559208909,0.9931662940403043,MSSM 1
Pax6_1,0.0033940658978736144,0.5765636257191773,0.013839870981716625,0.9890331101725645,0.9931662940403043,MSSM 1
Vip_18,0.0029192874426898887,-0.5682973824517562,0.008623749555294477,0.9931662940403043,0.9931662940403043,MSSM 1
Sst_2,-1.150183684405516,-0.14902184832275608,-2.0618764921964288,0.050451449639768005,0.9607132249461594,Multiome
L5 IT_7,1.3180192412417482,1.0368929428035367,2.0169216051826346,0.055273855667971696,0.9607132249461594,Multiome
L6 CT_2,1.0952050424649094,1.4318480626498629,1.7624854436954434,0.09099697054435259,0.9607132249461594,Multiome
L6b_1,1.1516625558804658,-1.0853166920030903,1.7408454718937625,0.09479638213033319,0.9607132249461594,Multiome
L5 ET_1,1.7214930850002503,-1.3721930236615307,1.7303080240172164,0.0966949619187931,0.9607132249461594,Multiome
Sncg_1,-0.9197046604911688,-0.2734884251938288,-1.7283310722150627,0.09705474279340787,0.9607132249461594,Multiome
L4 IT_3,-1.0565363240198336,-1.0365764587731765,-1.6501219697869085,0.11222831191159001,0.9607132249461594,Multiome
L5 ET_2,0.8415838344107792,-0.26238990457588746,1.5746116722456482,0.12872046777856064,0.9607132249461594,Multiome
L6 CT_1,0.9924995713236199,0.7205540164419337,1.5107326643455647,0.1441937166039972,0.9607132249461594,Multiome
Sncg_3,-0.862860717033355,-1.0365875155830793,-1.5107053955543144,0.14420063304591724,0.9607132249461594,Multiome
L5/6 NP_4,0.9551619072704366,-1.1643790402029741,1.4787651103545267,0.15248959497818948,0.9607132249461594,Multiome
Vip_6,-0.8693295404902944,-1.271027376457825,-1.466360582172712,0.1558111430934945,0.9607132249461594,Multiome
Sncg_8,-0.7312018426279983,-0.19250554998799335,-1.4372874359026562,0.16382517523848747,0.9607132249461594,Multiome
Sst_22,-0.7171787516972188,-1.5090234816919317,-1.3660554762141373,0.1848592463221561,0.9607132249461594,Multiome
L6b_2,0.8889650250160527,-0.22288653875089814,1.3609790334823642,0.18643614379721704,0.9607132249461594,Multiome
L6 CT_3,0.8504751980270103,-1.354173616975204,1.3355721587338771,0.19448775932830015,0.9607132249461594,Multiome
Pvalb_10,0.7443415719458185,-1.1585812460930045,1.3039380263122666,0.2048894915082989,0.9607132249461594,Multiome
Vip_11,-0.6601492322447533,0.6211208321496046,-1.2863404090039214,0.21085952748424883,0.9607132249461594,Multiome
Vip_16,-0.8059647205278483,-1.9191016186480088,-1.281113258161201,0.21265842645886776,0.9607132249461594,Multiome
L2/3 IT_3,-0.6200508406480254,-0.06315197727849045,-1.2522315492183955,0.2228111824156762,0.9607132249461594,Multiome
Pvalb_8,-0.6210208385525144,-0.6734655576017727,-1.246798960175992,0.22476154104714025,0.9607132249461594,Multiome
Sst_1,0.9073484243622403,-1.4197323965261408,1.140666826803676,0.265505961065035,0.9607132249461594,Multiome
Pax6_4,-0.6290967925954822,-0.5819111229841187,-1.1380606534423359,0.26657075508939565,0.9607132249461594,Multiome
L6 IT Car3_3,0.6459435433530112,0.9260276012283553,1.1040262348977712,0.2807639240776541,0.9607132249461594,Multiome
Sst_23,-0.6363275362475543,-0.24349430602238173,-1.0853724071081474,0.2887711523687697,0.9607132249461594,Multiome
Sst_12,0.5258544506632457,-0.16878391376903626,1.0591344057384957,0.3003092305862992,0.9607132249461594,Multiome
Pax6_3,-0.5971258495269199,-1.9191016186480088,-1.0560311165695981,0.3016952526135286,0.9607132249461594,Multiome
L5/6 NP_2,-0.8477225645452937,-1.0399461418067695,-1.0558995468541874,0.3017541156395993,0.9607132249461594,Multiome
Chandelier_2,0.5560614110335201,-1.2656782400921038,1.040247841024203,0.30881467431605675,0.9607132249461594,Multiome
Vip_5,0.5011405836343833,-1.4882726951482061,1.0069893346054244,0.32420155621961455,0.9607132249461594,Multiome
Vip_9,-0.5053666665768888,0.20006350998374597,-0.994744050548546,0.32999859546531374,0.9607132249461594,Multiome
L2/3 IT_1,-0.45536989641279263,3.2775648262112282,-0.8956638425931365,0.37951982828953656,0.9607132249461594,Multiome
L6 IT_2,0.49301564314388024,2.463216794440884,0.8943059376252606,0.38023083279757364,0.9607132249461594,Multiome
Pvalb_13,0.5470322648420499,-0.8243023470041164,0.8873490769727613,0.3838871325362496,0.9607132249461594,Multiome
Lamp5_1,-0.5001081049825071,-0.4087889323867723,-0.8767133256038219,0.3895210785500324,0.9607132249461594,Multiome
Sst_19,0.3863493776126896,0.8430625338500503,0.8538363478073566,0.40181984386785075,0.9607132249461594,Multiome
Sst_4,0.46200712071435174,-0.7237941058015653,0.8467026574731488,0.4057051880165058,0.9607132249461594,Multiome
Sncg_2,-0.5967792933631191,-2.3116005380604006,-0.8366926970218853,0.411197228312848,0.9607132249461594,Multiome
Vip_18,0.3996537821325969,-0.7108550025906089,0.8328629953198842,0.41331079873320187,0.9607132249461594,Multiome
Pvalb_5,-0.4069834787728693,-0.21929771376860124,-0.8207608479898548,0.42003475073542706,0.9607132249461594,Multiome
Sst_10,0.5067643911244107,-1.3465701916487136,0.8179189004701178,0.42162361004474946,0.9607132249461594,Multiome
Vip_2,-0.397508370255099,-0.2758769532822897,-0.8135899888820483,0.42405099444010796,0.9607132249461594,Multiome
Sst_20,-0.36445973707334506,-0.7328794925042978,-0.7741979018133923,0.4465370117780789,0.9607132249461594,Multiome
Pvalb_15,-0.4597958699320757,2.006376595927258,-0.752593726646396,0.45917065590014583,0.9607132249461594,Multiome
Pvalb_1,0.39729057389281547,-0.3995659453286335,0.7297314194170309,0.47276959926334694,0.9607132249461594,Multiome
L5/6 NP_1,0.40191849619118847,1.1118444121427398,0.7185928296451194,0.4794797430244757,0.9607132249461594,Multiome
Vip_23,-0.4013043629741807,0.9283357279012914,-0.7099855077247527,0.4847026935391109,0.9607132249461594,Multiome
L5 IT_3,0.38727229052294926,0.5478128536996725,0.7074492408644873,0.48624794968693164,0.9607132249461594,Multiome
L2/3 IT_13,-0.3548531963256832,2.046102121576567,-0.7033940140681395,0.48872453754537004,0.9607132249461594,Multiome
Sst Chodl_2,-0.5673339490335533,-2.511348226909148,-0.7003068145027641,0.4906147805352381,0.9607132249461594,Multiome
Pvalb_14,-0.3690792397280754,-0.5797250231982993,-0.6993723943173974,0.49118773517280256,0.9607132249461594,Multiome
L6b_4,0.4478287659227365,0.19465339037900586,0.676774295841681,0.5051600464645791,0.9607132249461594,Multiome
L6b_6,0.37270744337297407,1.7614184697140776,0.672273752311337,0.5079691279934,0.9607132249461594,Multiome
L2/3 IT_12,-0.31074044286027697,1.492008495889842,-0.6718059430875288,0.508261618185611,0.9607132249461594,Multiome
Sst_7,-0.3993103310739757,-1.0415995220098715,-0.6690340133777111,0.5099966511071129,0.9607132249461594,Multiome
L6 CT_4,-0.471830861812014,-2.311600538060401,-0.6408394859602048,0.5278304201283661,0.9607132249461594,Multiome
Pvalb_7,0.47053938572023635,1.5231850219655731,0.6395194072085033,0.5286736323086119,0.9607132249461594,Multiome
Lamp5_4,0.3363253567633933,-1.2877859039282544,0.6108550132324653,0.5471618059245723,0.9607132249461594,Multiome
Vip_13,-0.24562097115478435,0.07845029568062926,-0.5756399237374079,0.5703329717764617,0.9607132249461594,Multiome
Pvalb_2,-0.2836437684042045,1.1177177281101205,-0.569851191775633,0.5741890947326522,0.9607132249461594,Multiome
Pvalb_6,-0.27270698854077435,-0.27122737472070185,-0.5578307689778167,0.5822381707475568,0.9607132249461594,Multiome
L2/3 IT_10,0.372498776667094,0.43816087537594167,0.5502127607676702,0.587368215201695,0.9607132249461594,Multiome
Sncg_4,-0.3166165138567814,-0.09542781859496975,-0.5387787776651869,0.5951095410243623,0.9607132249461594,Multiome
Sst_11,-0.250087231038566,0.9716025602534287,-0.515054713288527,0.6113281555681285,0.9607132249461594,Multiome
Sst_3,-0.24687946025549137,1.4441264762423818,-0.509677151019196,0.6150332701742094,0.9607132249461594,Multiome
L2/3 IT_5,-0.2957690587618954,2.950003511996393,-0.47974488562147305,0.6358458648133462,0.9607132249461594,Multiome
Sncg_5,-0.22603729387388982,-0.856567230245577,-0.4647296215558844,0.6464043064439935,0.9607132249461594,Multiome
Vip_15,-0.20532599514636976,0.23373883494296613,-0.4517643303191126,0.6555827719195693,0.9607132249461594,Multiome
Lamp5_3,0.2326293029452956,-1.4777715235916749,0.437670077103818,0.6656236429869854,0.9607132249461594,Multiome
Pvalb_12,0.29080345032217514,-1.4679339249880172,0.41847210133183266,0.6794035044376545,0.9607132249461594,Multiome
Sst_25,-0.19986795960892456,0.6779995544431566,-0.41840404217474075,0.6794525628610116,0.9607132249461594,Multiome
Sncg_6,-0.2068516827450665,-0.7481362181158858,-0.37753961336025676,0.7091625729042161,0.9607132249461594,Multiome
Vip_4,-0.18033279293357635,0.9372426837162173,-0.3683591035176995,0.7159045655458521,0.9607132249461594,Multiome
L5 IT_6,-0.20141428368697667,1.390774909038086,-0.3650045972020271,0.7183739837173622,0.9607132249461594,Multiome
L2/3 IT_7,0.19817520699049618,-1.5652997733652245,0.3621954393241614,0.720444358026531,0.9607132249461594,Multiome
Vip_19,-0.19321846165495873,0.83069007073334,-0.3384753351641867,0.7380119693735061,0.9607132249461594,Multiome
Vip_1,-0.1519559106831432,0.46922358960389093,-0.3115269993613194,0.7581482747396573,0.9607132249461594,Multiome
Chandelier_1,-0.1898399098395707,1.1754147545024458,-0.310438919091956,0.7589651024922468,0.9607132249461594,Multiome
Sst_5,0.18065776875520495,-0.030916270211726108,0.30700080100369553,0.7615479952303895,0.9607132249461594,Multiome
Pax6_2,0.1446741255574331,-0.8720321875925109,0.3004900676542768,0.766446933560299,0.9607132249461594,Multiome
L2/3 IT_6,-0.12611330341206745,1.957698950796939,-0.26372051191025525,0.7942951718650255,0.9607132249461594,Multiome
Lamp5_2,-0.11985981930535639,1.41052380429182,-0.24783431058525873,0.8064163349790778,0.9607132249461594,Multiome
L5 IT_1,0.13700510356631568,0.9867975453280761,0.24314814604101184,0.8100015068060132,0.9607132249461594,Multiome
Lamp5_6,0.1285442886373605,-0.5484476785882687,0.23862602033223448,0.8134652110088236,0.9607132249461594,Multiome
Vip_12,0.13792816277952685,-1.237597850991887,0.23830144825717434,0.8137139661232509,0.9607132249461594,Multiome
Pvalb_3,-0.12794206572381836,-0.11916775193994432,-0.2321573859602092,0.818426579758946,0.9607132249461594,Multiome
L4 IT_1,-0.17092970947107375,1.8199422395018743,-0.21999102166268855,0.827778893092728,0.9607132249461594,Multiome
Pax6_1,-0.1077566685220569,0.07399715661368363,-0.2055131671492357,0.8389419238080685,0.9607132249461594,Multiome
L6 IT_1,0.1081298742554173,0.3603398644988199,0.191900463278848,0.8494695073205963,0.9607132249461594,Multiome
Lamp5_Lhx6_1,-0.1086192802651232,1.070793779574959,-0.18890347973627297,0.8517911866479485,0.9607132249461594,Multiome
L4 IT_2,-0.1190506836800179,2.930660821384143,-0.18724147010708786,0.8530792903249753,0.9607132249461594,Multiome
Pvalb_9,0.14326556011389685,1.8188967625126804,0.1656056527250012,0.8698844262209148,0.9607132249461594,Multiome
L5 IT_5,0.09269798588020929,0.9470348112295259,0.15125550884787292,0.8810657211491644,0.9607132249461594,Multiome
Sst_13,0.07793807323376324,0.8181084787741667,0.1486272584272918,0.8831164030128821,0.9607132249461594,Multiome
L6b_5,0.09720543034850215,-2.1652880005663917,0.14712933246785348,0.8842855280235137,0.9607132249461594,Multiome
Sst Chodl_1,0.10959095027210819,-1.6281072437224149,0.1438932271368867,0.8868122076426087,0.9607132249461594,Multiome
Lamp5_5,-0.06447899330131346,0.34813666588601416,-0.12601993781726517,0.9007886270381442,0.9608608430534682,Multiome
L2/3 IT_8,-0.07444110477062622,-2.1118528492116537,-0.1200984116288741,0.9054265636465373,0.9608608430534682,Multiome
L6 IT Car3_2,0.05544774197841968,-0.41161097171858224,0.0848592561941367,0.9330924389079471,0.9781482307273961,Multiome
L4 IT_4,-0.02528199615368671,2.1015868615825486,-0.04700772347752519,0.9629044704691463,0.9781482307273961,Multiome
L5 IT_2,-0.03167645694035589,2.9458777735973767,-0.04496795297552945,0.9645129722202401,0.9781482307273961,Multiome
Sst_9,-0.0244219611477744,-0.2654555328222378,-0.04265281241424389,0.96633880851257,0.9781482307273961,Multiome
Vip_21,-0.021337550593721267,-1.3314589860976658,-0.03960473677882387,0.9687429592780942,0.9781482307273961,Multiome
Vip_14,0.004201581649254021,0.32305036119867236,0.005310183600799002,0.995807949659838,0.995807949659838,Multiome
